INFO:p2p_network:[alice] P2P Node initialized on 127.0.0.1:9001
INFO:full_node:[alice] Blockchain initialized - Height: 0
INFO:full_node:[alice] Restored 1 wallet key(s) from disk
INFO:full_node:[alice] Restored 12 block(s) from disk - Height: 12
INFO:p2p_network:[alice] P2P Server listening on 127.0.0.1:9001
INFO:__main__:Starting RPC server on 127.0.0.1:8001
INFO:wsgi_server:Serving with waitress on 127.0.0.1:8001 (threads=16)
INFO:waitress:Serving on http://127.0.0.1:8001
INFO:p2p_network:[alice] Connected to peer: bob at 127.0.0.1:9002
INFO:p2p_network:[alice] Connected to peer: charlie at 127.0.0.1:9003
INFO:full_node:[alice] Mining started for 1qmCJC7kk2nnCDR1WY54...
INFO:full_node:[alice] Mined block #13
INFO:full_node:[alice] Mined block #14
INFO:full_node:[alice] Mined block #15
INFO:full_node:[alice] Mined block #16
INFO:full_node:[alice] Mining stopped
INFO:full_node:[alice] Mining started for 1uxyfJSmWmFHf8K5fWkU...
INFO:full_node:[alice] Mined block #17
INFO:full_node:[alice] Mined block #18
INFO:full_node:[alice] Mined block #19
INFO:full_node:[alice] Mined block #20
INFO:full_node:[alice] Mined block #21
INFO:full_node:[alice] Mined block #22
INFO:full_node:[alice] Mined block #23
INFO:full_node:[alice] Mined block #24
INFO:full_node:[alice] Mined block #25
INFO:full_node:[alice] Mined block #26
INFO:full_node:[alice] Mined block #27
INFO:full_node:[alice] Mined block #28
INFO:full_node:[alice] Mined block #29
INFO:full_node:[alice] Mined block #30
INFO:full_node:[alice] Mined block #31
INFO:full_node:[alice] Mined block #32
INFO:full_node:[alice] Mined block #33
INFO:full_node:[alice] Mined block #34
INFO:full_node:[alice] Mined block #35
INFO:full_node:[alice] Mined block #36
INFO:full_node:[alice] Mined block #37
INFO:full_node:[alice] Mined block #38
INFO:full_node:[alice] Mined block #39
INFO:full_node:[alice] Mined block #40
INFO:full_node:[alice] Mined block #41
INFO:full_node:[alice] Mined block #42
INFO:full_node:[alice] Mined block #43
INFO:full_node:[alice] Mined block #44
INFO:full_node:[alice] Mined block #45
INFO:full_node:[alice] Mined block #46
INFO:full_node:[alice] Mined block #47
INFO:full_node:[alice] Mined block #48
INFO:full_node:[alice] Mined block #49
INFO:full_node:[alice] Mined block #50
INFO:full_node:[alice] Mined block #51
INFO:full_node:[alice] Mined block #52
INFO:full_node:[alice] Mined block #53
INFO:full_node:[alice] Mined block #54
INFO:full_node:[alice] Mined block #55
INFO:full_node:[alice] Mined block #56
INFO:full_node:[alice] Mined block #57
INFO:full_node:[alice] Mined block #58
INFO:full_node:[alice] Mined block #59
INFO:full_node:[alice] Mined block #60
INFO:full_node:[alice] Mined block #61
INFO:full_node:[alice] Mined block #62
INFO:full_node:[alice] Mined block #63
INFO:full_node:[alice] Mined block #64
INFO:full_node:[alice] Mined block #65
INFO:full_node:[alice] Mined block #66
INFO:full_node:[alice] Mined block #67
INFO:full_node:[alice] Mined block #68
INFO:full_node:[alice] Mined block #69
INFO:full_node:[alice] Mined block #70
INFO:full_node:[alice] Mined block #71
INFO:full_node:[alice] Mined block #72
INFO:full_node:[alice] Mined block #73
INFO:full_node:[alice] Mined block #74
INFO:full_node:[alice] Mined block #75
INFO:full_node:[alice] Mined block #76
INFO:full_node:[alice] Mined block #77
INFO:full_node:[alice] Mined block #78
INFO:full_node:[alice] Mined block #79
INFO:full_node:[alice] Mined block #80
INFO:full_node:[alice] Mined block #81
INFO:full_node:[alice] Mined block #82
INFO:full_node:[alice] Mined block #83
INFO:full_node:[alice] Mined block #84
INFO:full_node:[alice] Mined block #85
INFO:full_node:[alice] Mined block #86
INFO:full_node:[alice] Mined block #87
INFO:full_node:[alice] Mined block #88
INFO:full_node:[alice] Mined block #89
INFO:full_node:[alice] Mined block #90
INFO:full_node:[alice] Mined block #91
INFO:full_node:[alice] Mined block #92
INFO:full_node:[alice] Mined block #93
INFO:full_node:[alice] Mined block #94
INFO:full_node:[alice] Mined block #95
INFO:full_node:[alice] Mined block #96
INFO:full_node:[alice] Mined block #97
INFO:full_node:[alice] Mined block #98
INFO:full_node:[alice] Mined block #99
INFO:full_node:[alice] Mined block #100
INFO:full_node:[alice] Mined block #101
INFO:full_node:[alice] Mined block #102
INFO:full_node:[alice] Mined block #103
INFO:full_node:[alice] Mined block #104
INFO:full_node:[alice] Mined block #105
INFO:full_node:[alice] Mined block #106
INFO:full_node:[alice] Mined block #107
INFO:full_node:[alice] Mined block #108
INFO:full_node:[alice] Mined block #109
INFO:full_node:[alice] Mined block #110
INFO:full_node:[alice] Mined block #111
INFO:full_node:[alice] Mined block #112
INFO:full_node:[alice] Mined block #113
INFO:full_node:[alice] Mined block #114
INFO:full_node:[alice] Mined block #115
INFO:full_node:[alice] Mined block #116
INFO:full_node:[alice] Mined block #117
INFO:full_node:[alice] Mined block #118
INFO:full_node:[alice] Mined block #119
INFO:full_node:[alice] Mined block #120
INFO:full_node:[alice] Mined block #121
INFO:full_node:[alice] Mined block #122
INFO:full_node:[alice] Mined block #123
INFO:full_node:[alice] Mined block #124
INFO:full_node:[alice] Mined block #125
INFO:full_node:[alice] Mined block #126
INFO:full_node:[alice] Mined block #127
INFO:full_node:[alice] Mined block #128
INFO:full_node:[alice] Mined block #129
INFO:full_node:[alice] Mined block #130
INFO:full_node:[alice] Mined block #131
INFO:full_node:[alice] Mined block #132
INFO:full_node:[alice] Mined block #133
INFO:full_node:[alice] Mined block #134
INFO:full_node:[alice] Mined block #135
INFO:full_node:[alice] Mined block #136
INFO:full_node:[alice] Mined block #137
INFO:full_node:[alice] Mined block #138
INFO:full_node:[alice] Mined block #139
INFO:full_node:[alice] Mined block #140
INFO:full_node:[alice] Mined block #141
INFO:full_node:[alice] Mined block #142
INFO:full_node:[alice] Mined block #143
INFO:full_node:[alice] Mined block #144
INFO:full_node:[alice] Mined block #145
INFO:full_node:[alice] Mined block #146
INFO:full_node:[alice] Mined block #147
INFO:full_node:[alice] Mined block #148
INFO:full_node:[alice] Mined block #149
INFO:full_node:[alice] Mined block #150
INFO:full_node:[alice] Mined block #151
INFO:full_node:[alice] Mined block #152
INFO:full_node:[alice] Mined block #153
INFO:full_node:[alice] Mined block #154
INFO:full_node:[alice] Mined block #155
INFO:full_node:[alice] Mined block #156
INFO:full_node:[alice] Mined block #157
INFO:full_node:[alice] Mined block #158
INFO:full_node:[alice] Mined block #159
INFO:full_node:[alice] Mined block #160
INFO:full_node:[alice] Mined block #161
INFO:full_node:[alice] Mined block #162
INFO:full_node:[alice] Mined block #163
INFO:full_node:[alice] Mined block #164
INFO:full_node:[alice] Mined block #165
INFO:full_node:[alice] Mined block #166
INFO:full_node:[alice] Mined block #167
INFO:full_node:[alice] Mined block #168
INFO:full_node:[alice] Mined block #169
INFO:full_node:[alice] Mined block #170
INFO:full_node:[alice] Mined block #171
INFO:full_node:[alice] Mined block #172
INFO:full_node:[alice] Mined block #173
INFO:full_node:[alice] Mined block #174
INFO:full_node:[alice] Mined block #175
INFO:full_node:[alice] Mined block #176
INFO:full_node:[alice] Mined block #177
INFO:full_node:[alice] Mined block #178
INFO:full_node:[alice] Mined block #179
INFO:full_node:[alice] Mined block #180
INFO:full_node:[alice] Mined block #181
INFO:full_node:[alice] Mined block #182
INFO:full_node:[alice] Mined block #183
INFO:full_node:[alice] Mined block #184
INFO:full_node:[alice] Mined block #185
INFO:full_node:[alice] Mined block #186
INFO:full_node:[alice] Mined block #187
INFO:full_node:[alice] Mined block #188
INFO:full_node:[alice] Mined block #189
INFO:full_node:[alice] Mined block #190
INFO:full_node:[alice] Mined block #191
INFO:full_node:[alice] Mined block #192
INFO:full_node:[alice] Mined block #193
INFO:full_node:[alice] Mined block #194
INFO:full_node:[alice] Mined block #195
INFO:full_node:[alice] Mined block #196
INFO:full_node:[alice] Mined block #197
INFO:full_node:[alice] Mined block #198
INFO:full_node:[alice] Mined block #199
INFO:full_node:[alice] Mined block #200
INFO:full_node:[alice] Mined block #201
INFO:full_node:[alice] Mined block #202
INFO:full_node:[alice] Mined block #203
INFO:full_node:[alice] Mined block #204
INFO:full_node:[alice] Mined block #205
INFO:full_node:[alice] Mined block #206
INFO:full_node:[alice] Mined block #207
INFO:full_node:[alice] Mined block #208
INFO:full_node:[alice] Mined block #209
INFO:full_node:[alice] Mined block #210
INFO:full_node:[alice] Mined block #211
INFO:full_node:[alice] Mined block #212
INFO:full_node:[alice] Mined block #213
INFO:full_node:[alice] Mined block #214
INFO:full_node:[alice] Mined block #215
INFO:full_node:[alice] Mined block #216
INFO:full_node:[alice] Mined block #217
INFO:full_node:[alice] Mined block #218
INFO:full_node:[alice] Mined block #219
INFO:full_node:[alice] Mined block #220
INFO:full_node:[alice] Mined block #221
INFO:full_node:[alice] Mined block #222
INFO:full_node:[alice] Mined block #223
INFO:full_node:[alice] Mined block #224
INFO:full_node:[alice] Mined block #225
INFO:full_node:[alice] Mined block #226
INFO:full_node:[alice] Mined block #227
INFO:full_node:[alice] Mined block #228
INFO:full_node:[alice] Mined block #229
INFO:full_node:[alice] Mined block #230
INFO:full_node:[alice] Mined block #231
INFO:full_node:[alice] Mined block #232
INFO:full_node:[alice] Mined block #233
INFO:full_node:[alice] Mined block #234
INFO:full_node:[alice] Mined block #235
INFO:full_node:[alice] Mined block #236
INFO:full_node:[alice] Mined block #237
INFO:full_node:[alice] Mined block #238
INFO:full_node:[alice] Mined block #239
INFO:full_node:[alice] Mined block #240
INFO:full_node:[alice] Mined block #241
INFO:full_node:[alice] Mined block #242
INFO:full_node:[alice] Mined block #243
INFO:full_node:[alice] Mined block #244
INFO:full_node:[alice] Mined block #245
INFO:full_node:[alice] Mined block #246
INFO:full_node:[alice] Mined block #247
INFO:full_node:[alice] Mined block #248
INFO:full_node:[alice] Mined block #249
INFO:full_node:[alice] Mined block #250
INFO:full_node:[alice] Mined block #251
INFO:full_node:[alice] Mined block #252
INFO:full_node:[alice] Mined block #253
INFO:full_node:[alice] Mined block #254
INFO:full_node:[alice] Mined block #255
INFO:full_node:[alice] Mined block #256
INFO:full_node:[alice] Mined block #257
INFO:full_node:[alice] Mined block #258
INFO:full_node:[alice] Mined block #259
INFO:full_node:[alice] Mined block #260
INFO:full_node:[alice] Mined block #261
INFO:full_node:[alice] Mined block #262
INFO:full_node:[alice] Mined block #263
INFO:full_node:[alice] Mined block #264
INFO:full_node:[alice] Mined block #265
INFO:full_node:[alice] Mined block #266
INFO:full_node:[alice] Mined block #267
INFO:full_node:[alice] Mined block #268
INFO:full_node:[alice] Mined block #269
INFO:full_node:[alice] Mined block #270
INFO:full_node:[alice] Mined block #271
INFO:full_node:[alice] Mined block #272
INFO:full_node:[alice] Mined block #273
INFO:full_node:[alice] Mined block #274
INFO:full_node:[alice] Mined block #275
INFO:full_node:[alice] Mined block #276
INFO:full_node:[alice] Mined block #277
INFO:full_node:[alice] Mined block #278
INFO:full_node:[alice] Mined block #279
INFO:full_node:[alice] Mined block #280
INFO:full_node:[alice] Mined block #281
INFO:full_node:[alice] Mined block #282
INFO:full_node:[alice] Mined block #283
INFO:full_node:[alice] Mined block #284
INFO:full_node:[alice] Mined block #285
INFO:full_node:[alice] Mined block #286
INFO:full_node:[alice] Mined block #287
INFO:full_node:[alice] Mined block #288
INFO:full_node:[alice] Mined block #289
INFO:full_node:[alice] Mined block #290
INFO:full_node:[alice] Mined block #291
INFO:full_node:[alice] Mined block #292
INFO:full_node:[alice] Mined block #293
INFO:full_node:[alice] Mined block #294
INFO:full_node:[alice] Mined block #295
INFO:full_node:[alice] Mined block #296
INFO:full_node:[alice] Mined block #297
INFO:full_node:[alice] Mined block #298
INFO:full_node:[alice] Mined block #299
INFO:full_node:[alice] Mined block #300
INFO:full_node:[alice] Mined block #301
INFO:full_node:[alice] Mined block #302
INFO:full_node:[alice] Mined block #303
INFO:full_node:[alice] Mined block #304
INFO:full_node:[alice] Mined block #305
INFO:full_node:[alice] Mined block #306
INFO:full_node:[alice] Mined block #307
INFO:full_node:[alice] Mined block #308
INFO:full_node:[alice] Mined block #309
INFO:full_node:[alice] Mined block #310
INFO:full_node:[alice] Mined block #311
INFO:full_node:[alice] Mined block #312
INFO:full_node:[alice] Mined block #313
INFO:full_node:[alice] Mined block #314
INFO:full_node:[alice] Mined block #315
INFO:full_node:[alice] Mined block #316
INFO:full_node:[alice] Mined block #317
INFO:full_node:[alice] Mined block #318
INFO:full_node:[alice] Mined block #319
INFO:full_node:[alice] Mined block #320
INFO:full_node:[alice] Mined block #321
INFO:full_node:[alice] Mined block #322
INFO:full_node:[alice] Mined block #323
INFO:full_node:[alice] Mined block #324
INFO:full_node:[alice] Mined block #325
INFO:full_node:[alice] Mined block #326
INFO:full_node:[alice] Mined block #327
INFO:full_node:[alice] Mined block #328
INFO:full_node:[alice] Mined block #329
INFO:full_node:[alice] Mined block #330
INFO:full_node:[alice] Mined block #331
INFO:full_node:[alice] Mined block #332
INFO:full_node:[alice] Mined block #333
INFO:full_node:[alice] Mined block #334
INFO:full_node:[alice] Mined block #335
INFO:full_node:[alice] Mined block #336
INFO:full_node:[alice] Mined block #337
INFO:full_node:[alice] Mined block #338
INFO:full_node:[alice] Mined block #339
INFO:full_node:[alice] Mined block #340
INFO:full_node:[alice] Mined block #341
INFO:full_node:[alice] Mined block #342
INFO:full_node:[alice] Mined block #343
INFO:full_node:[alice] Mined block #344
INFO:full_node:[alice] Mined block #345
INFO:full_node:[alice] Mined block #346
INFO:full_node:[alice] Mined block #347
INFO:full_node:[alice] Mined block #348
INFO:full_node:[alice] Mined block #349
INFO:full_node:[alice] Mined block #350
INFO:full_node:[alice] Mined block #351
INFO:full_node:[alice] Mined block #352
INFO:full_node:[alice] Mined block #353
INFO:full_node:[alice] Mined block #354
INFO:full_node:[alice] Mined block #355
INFO:full_node:[alice] Mined block #356
INFO:full_node:[alice] Mined block #357
INFO:full_node:[alice] Mined block #358
INFO:full_node:[alice] Mined block #359
INFO:full_node:[alice] Mined block #360
INFO:full_node:[alice] Mined block #361
INFO:full_node:[alice] Mined block #362
INFO:full_node:[alice] Mined block #363
INFO:full_node:[alice] Mined block #364
INFO:full_node:[alice] Mined block #365
INFO:full_node:[alice] Mined block #366
INFO:full_node:[alice] Mined block #367
INFO:full_node:[alice] Mined block #368
INFO:full_node:[alice] Mined block #369
INFO:full_node:[alice] Mined block #370
INFO:full_node:[alice] Mined block #371
INFO:full_node:[alice] Mined block #372
INFO:full_node:[alice] Mined block #373
INFO:full_node:[alice] Mined block #374
INFO:full_node:[alice] Mined block #375
INFO:full_node:[alice] Mined block #376
INFO:full_node:[alice] Mined block #377
INFO:full_node:[alice] Mined block #378
INFO:full_node:[alice] Mined block #379
INFO:full_node:[alice] Mined block #380
INFO:full_node:[alice] Mined block #381
INFO:full_node:[alice] Mined block #382
INFO:full_node:[alice] Mined block #383
INFO:full_node:[alice] Mined block #384
INFO:full_node:[alice] Mined block #385
INFO:full_node:[alice] Mined block #386
INFO:full_node:[alice] Mined block #387
INFO:full_node:[alice] Mined block #388
INFO:full_node:[alice] Mined block #389
INFO:full_node:[alice] Mined block #390
INFO:full_node:[alice] Mined block #391
INFO:full_node:[alice] Mined block #392
INFO:full_node:[alice] Mined block #393
INFO:full_node:[alice] Mined block #394
INFO:full_node:[alice] Mined block #395
INFO:full_node:[alice] Mined block #396
INFO:full_node:[alice] Mined block #397
INFO:full_node:[alice] Mined block #398
INFO:full_node:[alice] Mined block #399
INFO:full_node:[alice] Mined block #400
INFO:full_node:[alice] Mined block #401
INFO:full_node:[alice] Mined block #402
INFO:full_node:[alice] Mined block #403
INFO:full_node:[alice] Mined block #404
INFO:full_node:[alice] Mined block #405
INFO:full_node:[alice] Mined block #406
INFO:full_node:[alice] Mined block #407
INFO:full_node:[alice] Mined block #408
INFO:full_node:[alice] Mined block #409
INFO:full_node:[alice] Mined block #410
INFO:full_node:[alice] Mined block #411
INFO:full_node:[alice] Mined block #412
INFO:full_node:[alice] Mined block #413
INFO:full_node:[alice] Mined block #414
INFO:full_node:[alice] Mined block #415
INFO:full_node:[alice] Mined block #416
INFO:full_node:[alice] Mined block #417
INFO:full_node:[alice] Mined block #418
INFO:full_node:[alice] Mined block #419
INFO:full_node:[alice] Mined block #420
INFO:full_node:[alice] Mined block #421
INFO:full_node:[alice] Mined block #422
INFO:full_node:[alice] Mined block #423
INFO:full_node:[alice] Mined block #424
INFO:full_node:[alice] Mined block #425
INFO:full_node:[alice] Mined block #426
INFO:full_node:[alice] Mined block #427
INFO:full_node:[alice] Mined block #428
INFO:full_node:[alice] Mined block #429
INFO:full_node:[alice] Mined block #430
INFO:full_node:[alice] Mined block #431
INFO:full_node:[alice] Mined block #432
INFO:full_node:[alice] Mined block #433
INFO:full_node:[alice] Mined block #434
INFO:full_node:[alice] Mined block #435
INFO:full_node:[alice] Mined block #436
INFO:full_node:[alice] Mined block #437
INFO:full_node:[alice] Mined block #438
INFO:full_node:[alice] Mined block #439
INFO:full_node:[alice] Mined block #440
INFO:full_node:[alice] Mined block #441
INFO:full_node:[alice] Mined block #442
INFO:full_node:[alice] Mined block #443
INFO:full_node:[alice] Mined block #444
INFO:full_node:[alice] Mined block #445
INFO:full_node:[alice] Mined block #446
INFO:full_node:[alice] Mined block #447
INFO:full_node:[alice] Mined block #448
INFO:full_node:[alice] Mined block #449
INFO:full_node:[alice] Mined block #450
INFO:full_node:[alice] Mined block #451
INFO:full_node:[alice] Mined block #452
INFO:full_node:[alice] Mined block #453
INFO:full_node:[alice] Mined block #454
INFO:full_node:[alice] Mined block #455
INFO:full_node:[alice] Mined block #456
INFO:full_node:[alice] Mined block #457
INFO:full_node:[alice] Mined block #458
INFO:full_node:[alice] Mined block #459
INFO:full_node:[alice] Mined block #460
INFO:full_node:[alice] Mined block #461
INFO:full_node:[alice] Mined block #462
INFO:full_node:[alice] Mined block #463
INFO:full_node:[alice] Mined block #464
INFO:full_node:[alice] Mined block #465
INFO:full_node:[alice] Mined block #466
INFO:full_node:[alice] Mined block #467
INFO:full_node:[alice] Mined block #468
INFO:full_node:[alice] Mined block #469
INFO:full_node:[alice] Mined block #470
INFO:full_node:[alice] Mined block #471
INFO:full_node:[alice] Mined block #472
INFO:full_node:[alice] Mined block #473
INFO:full_node:[alice] Mined block #474
INFO:full_node:[alice] Mined block #475
INFO:full_node:[alice] Mined block #476
INFO:full_node:[alice] Mined block #477
INFO:full_node:[alice] Mined block #478
INFO:full_node:[alice] Mined block #479
INFO:full_node:[alice] Mined block #480
INFO:full_node:[alice] Mined block #481
INFO:full_node:[alice] Mined block #482
INFO:full_node:[alice] Mined block #483
INFO:full_node:[alice] Mined block #484
INFO:full_node:[alice] Mined block #485
INFO:full_node:[alice] Mined block #486
INFO:full_node:[alice] Mined block #487
INFO:full_node:[alice] Mined block #488
INFO:full_node:[alice] Mined block #489
INFO:full_node:[alice] Mined block #490
INFO:full_node:[alice] Mined block #491
INFO:full_node:[alice] Mined block #492
INFO:full_node:[alice] Mined block #493
INFO:full_node:[alice] Mined block #494
INFO:full_node:[alice] Mined block #495
INFO:full_node:[alice] Mined block #496
INFO:full_node:[alice] Mined block #497
INFO:full_node:[alice] Mined block #498
INFO:full_node:[alice] Mined block #499
INFO:full_node:[alice] Mined block #500
INFO:full_node:[alice] Mined block #501
INFO:full_node:[alice] Mined block #502
INFO:full_node:[alice] Mined block #503
INFO:full_node:[alice] Mined block #504
INFO:full_node:[alice] Mined block #505
INFO:full_node:[alice] Mined block #506
INFO:full_node:[alice] Mined block #507
INFO:full_node:[alice] Mined block #508
INFO:full_node:[alice] Mined block #509
INFO:full_node:[alice] Mined block #510
INFO:full_node:[alice] Mined block #511
INFO:full_node:[alice] Mined block #512
INFO:full_node:[alice] Mined block #513
INFO:full_node:[alice] Mined block #514
INFO:full_node:[alice] Mined block #515
INFO:full_node:[alice] Mined block #516
INFO:full_node:[alice] Mined block #517
INFO:full_node:[alice] Mined block #518
INFO:full_node:[alice] Mined block #519
INFO:full_node:[alice] Mined block #520
INFO:full_node:[alice] Mined block #521
INFO:full_node:[alice] Mined block #522
INFO:full_node:[alice] Mined block #523
INFO:full_node:[alice] Mined block #524
INFO:full_node:[alice] Mined block #525
INFO:full_node:[alice] Mined block #526
INFO:full_node:[alice] Mined block #527
INFO:full_node:[alice] Mined block #528
INFO:full_node:[alice] Mined block #529
INFO:full_node:[alice] Mined block #530
INFO:full_node:[alice] Mined block #531
INFO:full_node:[alice] Mined block #532
INFO:full_node:[alice] Mined block #533
INFO:full_node:[alice] Mined block #534
INFO:full_node:[alice] Mined block #535
INFO:full_node:[alice] Mined block #536
INFO:full_node:[alice] Mined block #537
INFO:full_node:[alice] Mined block #538
INFO:full_node:[alice] Mined block #539
INFO:full_node:[alice] Mined block #540
INFO:full_node:[alice] Mined block #541
INFO:full_node:[alice] Mined block #542
INFO:full_node:[alice] Mined block #543
INFO:full_node:[alice] Mined block #544
INFO:full_node:[alice] Mined block #545
INFO:full_node:[alice] Mined block #546
INFO:full_node:[alice] Mined block #547
INFO:full_node:[alice] Mined block #548
INFO:full_node:[alice] Mined block #549
INFO:full_node:[alice] Mined block #550
INFO:full_node:[alice] Mined block #551
INFO:full_node:[alice] Mined block #552
INFO:full_node:[alice] Mined block #553
INFO:full_node:[alice] Mined block #554
INFO:full_node:[alice] Mined block #555
INFO:full_node:[alice] Mined block #556
INFO:full_node:[alice] Mined block #557
INFO:full_node:[alice] Mined block #558
INFO:full_node:[alice] Mined block #559
INFO:full_node:[alice] Mined block #560
INFO:full_node:[alice] Mined block #561
INFO:full_node:[alice] Mined block #562
INFO:full_node:[alice] Mined block #563
INFO:full_node:[alice] Mined block #564
INFO:full_node:[alice] Mined block #565
INFO:full_node:[alice] Mined block #566
INFO:full_node:[alice] Mined block #567
INFO:full_node:[alice] Mined block #568
INFO:full_node:[alice] Mined block #569
INFO:full_node:[alice] Mined block #570
INFO:full_node:[alice] Mined block #571
INFO:full_node:[alice] Mined block #572
INFO:full_node:[alice] Mined block #573
INFO:full_node:[alice] Mined block #574
INFO:full_node:[alice] Mined block #575
INFO:full_node:[alice] Mined block #576
INFO:full_node:[alice] Mined block #577
INFO:full_node:[alice] Mined block #578
INFO:full_node:[alice] Mined block #579
INFO:full_node:[alice] Mined block #580
INFO:full_node:[alice] Mined block #581
INFO:full_node:[alice] Mined block #582
INFO:full_node:[alice] Mined block #583
INFO:full_node:[alice] Mined block #584
INFO:full_node:[alice] Mined block #585
INFO:full_node:[alice] Mined block #586
INFO:full_node:[alice] Mined block #587
INFO:full_node:[alice] Mined block #588
INFO:full_node:[alice] Mined block #589
INFO:full_node:[alice] Mined block #590
INFO:full_node:[alice] Mined block #591
INFO:full_node:[alice] Mined block #592
INFO:full_node:[alice] Mined block #593
INFO:full_node:[alice] Mined block #594
INFO:full_node:[alice] Mined block #595
INFO:full_node:[alice] Mined block #596
INFO:full_node:[alice] Mined block #597
INFO:full_node:[alice] Mined block #598
INFO:full_node:[alice] Mined block #599
INFO:full_node:[alice] Mined block #600
INFO:full_node:[alice] Mined block #601
INFO:full_node:[alice] Mined block #602
INFO:full_node:[alice] Mined block #603
INFO:full_node:[alice] Mined block #604
INFO:full_node:[alice] Mined block #605
INFO:full_node:[alice] Mined block #606
INFO:full_node:[alice] Mined block #607
INFO:full_node:[alice] Mined block #608
INFO:full_node:[alice] Mined block #609
INFO:full_node:[alice] Mined block #610
INFO:full_node:[alice] Mined block #611
INFO:full_node:[alice] Mined block #612
INFO:full_node:[alice] Mined block #613
INFO:full_node:[alice] Mined block #614
INFO:full_node:[alice] Mined block #615
INFO:full_node:[alice] Mined block #616
INFO:full_node:[alice] Mined block #617
INFO:full_node:[alice] Mined block #618
INFO:full_node:[alice] Mined block #619
INFO:full_node:[alice] Mined block #620
INFO:full_node:[alice] Mined block #621
INFO:full_node:[alice] Mined block #622
INFO:full_node:[alice] Mined block #623
INFO:full_node:[alice] Mined block #624
INFO:full_node:[alice] Mined block #625
INFO:full_node:[alice] Mined block #626
INFO:full_node:[alice] Mined block #627
INFO:full_node:[alice] Mined block #628
INFO:full_node:[alice] Mined block #629
INFO:full_node:[alice] Mined block #630
INFO:full_node:[alice] Mined block #631
INFO:full_node:[alice] Mined block #632
INFO:full_node:[alice] Mined block #633
INFO:full_node:[alice] Mined block #634
INFO:full_node:[alice] Mined block #635
INFO:full_node:[alice] Mined block #636
INFO:full_node:[alice] Mined block #637
INFO:full_node:[alice] Mined block #638
INFO:full_node:[alice] Mined block #639
INFO:full_node:[alice] Mined block #640
INFO:full_node:[alice] Mined block #641
INFO:full_node:[alice] Mined block #642
INFO:full_node:[alice] Mined block #643
INFO:full_node:[alice] Mined block #644
INFO:full_node:[alice] Mined block #645
INFO:full_node:[alice] Mined block #646
INFO:full_node:[alice] Mined block #647
INFO:full_node:[alice] Mined block #648
INFO:full_node:[alice] Mined block #649
INFO:full_node:[alice] Mined block #650
INFO:full_node:[alice] Mined block #651
INFO:full_node:[alice] Mined block #652
INFO:full_node:[alice] Mined block #653
INFO:full_node:[alice] Mined block #654
INFO:full_node:[alice] Mined block #655
INFO:full_node:[alice] Mined block #656
INFO:full_node:[alice] Mined block #657
INFO:full_node:[alice] Mined block #658
INFO:full_node:[alice] Mined block #659
INFO:full_node:[alice] Mined block #660
INFO:full_node:[alice] Mined block #661
INFO:full_node:[alice] Mined block #662
INFO:full_node:[alice] Mined block #663
INFO:full_node:[alice] Mined block #664
INFO:full_node:[alice] Mined block #665
INFO:full_node:[alice] Mined block #666
INFO:full_node:[alice] Mined block #667
INFO:full_node:[alice] Mined block #668
INFO:full_node:[alice] Mined block #669
INFO:full_node:[alice] Mined block #670
INFO:full_node:[alice] Mined block #671
INFO:full_node:[alice] Mined block #672
INFO:full_node:[alice] Mined block #673
INFO:full_node:[alice] Mined block #674
INFO:full_node:[alice] Mined block #675
INFO:full_node:[alice] Mined block #676
INFO:full_node:[alice] Mined block #677
INFO:full_node:[alice] Mined block #678
INFO:full_node:[alice] Mined block #679
INFO:full_node:[alice] Mined block #680
INFO:full_node:[alice] Mined block #681
INFO:full_node:[alice] Mined block #682
INFO:full_node:[alice] Mined block #683
INFO:full_node:[alice] Mined block #684
INFO:full_node:[alice] Mined block #685
INFO:full_node:[alice] Mined block #686
INFO:full_node:[alice] Mined block #687
INFO:full_node:[alice] Mined block #688
INFO:full_node:[alice] Mined block #689
INFO:full_node:[alice] Mined block #690
INFO:full_node:[alice] Mined block #691
INFO:full_node:[alice] Mined block #692
INFO:full_node:[alice] Mined block #693
INFO:full_node:[alice] Mined block #694
INFO:full_node:[alice] Mined block #695
INFO:full_node:[alice] Mined block #696
INFO:full_node:[alice] Mined block #697
INFO:full_node:[alice] Mined block #698
INFO:full_node:[alice] Mined block #699
INFO:full_node:[alice] Mined block #700
INFO:full_node:[alice] Mined block #701
INFO:full_node:[alice] Mined block #702
INFO:full_node:[alice] Mined block #703
INFO:full_node:[alice] Mined block #704
INFO:full_node:[alice] Mined block #705
INFO:full_node:[alice] Mined block #706
INFO:full_node:[alice] Mined block #707
INFO:full_node:[alice] Mined block #708
INFO:full_node:[alice] Mined block #709
INFO:full_node:[alice] Mined block #710
INFO:full_node:[alice] Mined block #711
INFO:full_node:[alice] Mined block #712
INFO:full_node:[alice] Mined block #713
INFO:full_node:[alice] Mined block #714
INFO:full_node:[alice] Mined block #715
INFO:full_node:[alice] Mined block #716
INFO:full_node:[alice] Mined block #717
INFO:full_node:[alice] Mined block #718
INFO:full_node:[alice] Mined block #719
INFO:full_node:[alice] Mined block #720
INFO:full_node:[alice] Mined block #721
INFO:full_node:[alice] Mined block #722
INFO:full_node:[alice] Mined block #723
INFO:full_node:[alice] Mined block #724
INFO:full_node:[alice] Mined block #725
INFO:full_node:[alice] Mined block #726
INFO:full_node:[alice] Mined block #727
INFO:full_node:[alice] Mined block #728
INFO:full_node:[alice] Mined block #729
INFO:full_node:[alice] Mined block #730
INFO:full_node:[alice] Mined block #731
INFO:full_node:[alice] Mined block #732
INFO:full_node:[alice] Mined block #733
INFO:full_node:[alice] Mined block #734
INFO:full_node:[alice] Mined block #735
INFO:full_node:[alice] Mined block #736
INFO:full_node:[alice] Mined block #737
INFO:full_node:[alice] Mined block #738
INFO:full_node:[alice] Mined block #739
INFO:full_node:[alice] Mined block #740
INFO:full_node:[alice] Mined block #741
INFO:full_node:[alice] Mined block #742
INFO:full_node:[alice] Mined block #743
INFO:full_node:[alice] Mined block #744
INFO:full_node:[alice] Mined block #745
INFO:full_node:[alice] Mined block #746
INFO:full_node:[alice] Mined block #747
INFO:full_node:[alice] Mined block #748
INFO:full_node:[alice] Mined block #749
INFO:full_node:[alice] Mined block #750
INFO:full_node:[alice] Mined block #751
INFO:full_node:[alice] Mined block #752
INFO:full_node:[alice] Mined block #753
INFO:full_node:[alice] Mined block #754
INFO:full_node:[alice] Mined block #755
INFO:full_node:[alice] Mined block #756
INFO:full_node:[alice] Mined block #757
INFO:full_node:[alice] Mined block #758
INFO:full_node:[alice] Mined block #759
INFO:full_node:[alice] Mined block #760
INFO:full_node:[alice] Mined block #761
INFO:full_node:[alice] Mined block #762
INFO:full_node:[alice] Mined block #763
INFO:full_node:[alice] Mined block #764
INFO:full_node:[alice] Mined block #765
INFO:full_node:[alice] Mined block #766
INFO:full_node:[alice] Mined block #767
INFO:full_node:[alice] Mined block #768
INFO:full_node:[alice] Mined block #769
INFO:full_node:[alice] Mined block #770
INFO:full_node:[alice] Mined block #771
INFO:full_node:[alice] Mined block #772
INFO:full_node:[alice] Mined block #773
INFO:full_node:[alice] Mined block #774
INFO:full_node:[alice] Mined block #775
INFO:full_node:[alice] Mined block #776
INFO:full_node:[alice] Mined block #777
INFO:full_node:[alice] Mined block #778
INFO:full_node:[alice] Mined block #779
INFO:full_node:[alice] Mined block #780
INFO:full_node:[alice] Mined block #781
INFO:full_node:[alice] Mined block #782
INFO:full_node:[alice] Mined block #783
INFO:full_node:[alice] Mined block #784
INFO:full_node:[alice] Mined block #785
INFO:full_node:[alice] Mined block #786
INFO:full_node:[alice] Mined block #787
INFO:full_node:[alice] Mined block #788
INFO:full_node:[alice] Mined block #789
INFO:full_node:[alice] Mined block #790
INFO:full_node:[alice] Mined block #791
INFO:full_node:[alice] Mined block #792
INFO:full_node:[alice] Mined block #793
INFO:full_node:[alice] Mined block #794
INFO:full_node:[alice] Mined block #795
INFO:full_node:[alice] Mined block #796
INFO:full_node:[alice] Mined block #797
INFO:full_node:[alice] Mined block #798
INFO:full_node:[alice] Mined block #799
INFO:full_node:[alice] Mined block #800
INFO:full_node:[alice] Mined block #801
INFO:full_node:[alice] Mined block #802
INFO:full_node:[alice] Mined block #803
INFO:full_node:[alice] Mined block #804
INFO:full_node:[alice] Mined block #805
INFO:full_node:[alice] Mined block #806
INFO:full_node:[alice] Mined block #807
INFO:full_node:[alice] Mined block #808
INFO:full_node:[alice] Mined block #809
INFO:full_node:[alice] Mined block #810
INFO:full_node:[alice] Mined block #811
INFO:full_node:[alice] Mined block #812
INFO:full_node:[alice] Mined block #813
INFO:full_node:[alice] Mined block #814
INFO:full_node:[alice] Mined block #815
INFO:full_node:[alice] Mined block #816
INFO:full_node:[alice] Mined block #817
INFO:full_node:[alice] Mined block #818
INFO:full_node:[alice] Mined block #819
INFO:full_node:[alice] Mined block #820
INFO:full_node:[alice] Mined block #821
INFO:full_node:[alice] Mined block #822
INFO:full_node:[alice] Mined block #823
INFO:full_node:[alice] Mined block #824
INFO:full_node:[alice] Mined block #825
INFO:full_node:[alice] Mined block #826
INFO:full_node:[alice] Mined block #827
INFO:full_node:[alice] Mined block #828
INFO:full_node:[alice] Mined block #829
INFO:full_node:[alice] Mined block #830
INFO:full_node:[alice] Mined block #831
INFO:full_node:[alice] Mined block #832
INFO:full_node:[alice] Mined block #833
INFO:full_node:[alice] Mined block #834
INFO:full_node:[alice] Mined block #835
INFO:full_node:[alice] Mined block #836
INFO:full_node:[alice] Mined block #837
INFO:full_node:[alice] Mined block #838
INFO:full_node:[alice] Mined block #839
INFO:full_node:[alice] Mined block #840
INFO:full_node:[alice] Mined block #841
INFO:full_node:[alice] Mined block #842
INFO:full_node:[alice] Mined block #843
INFO:full_node:[alice] Mined block #844
INFO:full_node:[alice] Mined block #845
INFO:full_node:[alice] Mined block #846
INFO:full_node:[alice] Mined block #847
INFO:full_node:[alice] Mined block #848
INFO:full_node:[alice] Mined block #849
INFO:full_node:[alice] Mined block #850
INFO:full_node:[alice] Mined block #851
INFO:full_node:[alice] Mined block #852
INFO:full_node:[alice] Mined block #853
INFO:full_node:[alice] Mined block #854
INFO:full_node:[alice] Mined block #855
INFO:full_node:[alice] Mined block #856
INFO:full_node:[alice] Mined block #857
INFO:full_node:[alice] Mined block #858
INFO:full_node:[alice] Mined block #859
INFO:full_node:[alice] Mined block #860
INFO:full_node:[alice] Mined block #861
INFO:full_node:[alice] Mined block #862
INFO:full_node:[alice] Mined block #863
INFO:full_node:[alice] Mined block #864
INFO:full_node:[alice] Mined block #865
INFO:full_node:[alice] Mined block #866
INFO:full_node:[alice] Mined block #867
INFO:full_node:[alice] Mined block #868
INFO:full_node:[alice] Mined block #869
INFO:full_node:[alice] Mined block #870
INFO:full_node:[alice] Mined block #871
INFO:full_node:[alice] Mined block #872
INFO:full_node:[alice] Mined block #873
INFO:full_node:[alice] Mined block #874
INFO:full_node:[alice] Mined block #875
INFO:full_node:[alice] Mined block #876
INFO:full_node:[alice] Mined block #877
INFO:full_node:[alice] Mined block #878
INFO:full_node:[alice] Mined block #879
INFO:full_node:[alice] Mined block #880
INFO:full_node:[alice] Mined block #881
INFO:full_node:[alice] Mined block #882
INFO:full_node:[alice] Mined block #883
INFO:full_node:[alice] Mined block #884
INFO:full_node:[alice] Mined block #885
INFO:full_node:[alice] Mined block #886
INFO:full_node:[alice] Mined block #887
INFO:full_node:[alice] Mined block #888
INFO:full_node:[alice] Mined block #889
INFO:full_node:[alice] Mined block #890
INFO:full_node:[alice] Mined block #891
INFO:full_node:[alice] Mined block #892
INFO:full_node:[alice] Mined block #893
INFO:full_node:[alice] Mined block #894
INFO:full_node:[alice] Mined block #895
INFO:full_node:[alice] Mined block #896
INFO:full_node:[alice] Mined block #897
INFO:full_node:[alice] Mined block #898
INFO:full_node:[alice] Mined block #899
INFO:full_node:[alice] Mined block #900
INFO:full_node:[alice] Mined block #901
INFO:full_node:[alice] Mined block #902
INFO:full_node:[alice] Mined block #903
INFO:full_node:[alice] Mined block #904
INFO:full_node:[alice] Mined block #905
INFO:full_node:[alice] Mined block #906
INFO:full_node:[alice] Mined block #907
INFO:full_node:[alice] Mined block #908
INFO:full_node:[alice] Mined block #909
INFO:full_node:[alice] Mined block #910
INFO:full_node:[alice] Mined block #911
INFO:full_node:[alice] Mined block #912
INFO:full_node:[alice] Mined block #913
INFO:full_node:[alice] Mined block #914
INFO:full_node:[alice] Mined block #915
INFO:full_node:[alice] Mined block #916
INFO:full_node:[alice] Mined block #917
INFO:full_node:[alice] Mined block #918
INFO:full_node:[alice] Mined block #919
INFO:full_node:[alice] Mined block #920
INFO:full_node:[alice] Mined block #921
INFO:full_node:[alice] Mined block #922
INFO:full_node:[alice] Mined block #923
INFO:full_node:[alice] Mined block #924
INFO:full_node:[alice] Mined block #925
INFO:full_node:[alice] Mined block #926
INFO:full_node:[alice] Mined block #927
INFO:full_node:[alice] Mined block #928
INFO:full_node:[alice] Mined block #929
INFO:full_node:[alice] Mined block #930
INFO:full_node:[alice] Mined block #931
INFO:full_node:[alice] Mined block #932
INFO:full_node:[alice] Mined block #933
INFO:full_node:[alice] Mined block #934
INFO:full_node:[alice] Mined block #935
INFO:full_node:[alice] Mined block #936
INFO:full_node:[alice] Mined block #937
INFO:full_node:[alice] Mined block #938
INFO:full_node:[alice] Mined block #939
INFO:full_node:[alice] Mined block #940
INFO:full_node:[alice] Mined block #941
INFO:full_node:[alice] Mined block #942
INFO:full_node:[alice] Mined block #943
INFO:full_node:[alice] Mined block #944
INFO:full_node:[alice] Mined block #945
INFO:full_node:[alice] Mined block #946
INFO:full_node:[alice] Mined block #947
INFO:full_node:[alice] Mined block #948
INFO:full_node:[alice] Mined block #949
INFO:full_node:[alice] Mined block #950
INFO:full_node:[alice] Mined block #951
INFO:full_node:[alice] Mined block #952
INFO:full_node:[alice] Mined block #953
INFO:full_node:[alice] Mined block #954
INFO:full_node:[alice] Mined block #955
INFO:full_node:[alice] Mined block #956
INFO:full_node:[alice] Mined block #957
INFO:full_node:[alice] Mined block #958
INFO:full_node:[alice] Mined block #959
INFO:full_node:[alice] Mined block #960
INFO:full_node:[alice] Mined block #961
INFO:full_node:[alice] Mined block #962
INFO:full_node:[alice] Mined block #963
INFO:full_node:[alice] Mined block #964
INFO:full_node:[alice] Mined block #965
INFO:full_node:[alice] Mined block #966
INFO:full_node:[alice] Mined block #967
INFO:full_node:[alice] Mined block #968
INFO:full_node:[alice] Mined block #969
INFO:full_node:[alice] Mined block #970
INFO:full_node:[alice] Mined block #971
INFO:full_node:[alice] Mined block #972
INFO:full_node:[alice] Mined block #973
INFO:full_node:[alice] Mined block #974
INFO:full_node:[alice] Mined block #975
INFO:full_node:[alice] Mined block #976
INFO:full_node:[alice] Mined block #977
INFO:full_node:[alice] Mined block #978
INFO:full_node:[alice] Mined block #979
INFO:full_node:[alice] Mined block #980
INFO:full_node:[alice] Mined block #981
INFO:full_node:[alice] Mined block #982
INFO:full_node:[alice] Mined block #983
INFO:full_node:[alice] Mined block #984
INFO:full_node:[alice] Mined block #985
INFO:full_node:[alice] Mined block #986
INFO:full_node:[alice] Mined block #987
INFO:full_node:[alice] Mined block #988
INFO:full_node:[alice] Mined block #989
INFO:full_node:[alice] Mined block #990
INFO:full_node:[alice] Mined block #991
INFO:full_node:[alice] Mined block #992
INFO:full_node:[alice] Mined block #993
INFO:full_node:[alice] Mined block #994
INFO:full_node:[alice] Mined block #995
INFO:full_node:[alice] Mined block #996
INFO:full_node:[alice] Mined block #997
INFO:full_node:[alice] Mined block #998
INFO:full_node:[alice] Mined block #999
INFO:full_node:[alice] Mined block #1000
INFO:full_node:[alice] Mined block #1001
INFO:full_node:[alice] Mined block #1002
INFO:full_node:[alice] Mined block #1003
INFO:full_node:[alice] Mined block #1004
INFO:full_node:[alice] Mined block #1005
INFO:full_node:[alice] Mined block #1006
INFO:full_node:[alice] Mined block #1007
INFO:full_node:[alice] Mined block #1008
INFO:full_node:[alice] Mined block #1009
INFO:full_node:[alice] Mined block #1010
INFO:full_node:[alice] Mined block #1011
INFO:full_node:[alice] Mined block #1012
INFO:full_node:[alice] Mined block #1013
INFO:full_node:[alice] Mined block #1014
INFO:full_node:[alice] Mined block #1015
INFO:full_node:[alice] Mined block #1016
INFO:full_node:[alice] Mined block #1017
INFO:full_node:[alice] Mined block #1018
INFO:full_node:[alice] Mined block #1019
INFO:full_node:[alice] Mined block #1020
INFO:full_node:[alice] Mined block #1021
INFO:full_node:[alice] Mined block #1022
INFO:full_node:[alice] Mined block #1023
INFO:full_node:[alice] Mined block #1024
INFO:full_node:[alice] Mined block #1025
INFO:full_node:[alice] Mined block #1026
INFO:full_node:[alice] Mined block #1027
INFO:full_node:[alice] Mined block #1028
INFO:full_node:[alice] Mined block #1029
INFO:full_node:[alice] Mined block #1030
INFO:full_node:[alice] Mined block #1031
INFO:full_node:[alice] Mined block #1032
INFO:full_node:[alice] Mined block #1033
INFO:full_node:[alice] Mined block #1034
INFO:full_node:[alice] Mined block #1035
INFO:full_node:[alice] Mined block #1036
INFO:full_node:[alice] Mined block #1037
INFO:full_node:[alice] Mined block #1038
INFO:full_node:[alice] Mined block #1039
INFO:full_node:[alice] Mined block #1040
INFO:full_node:[alice] Mined block #1041
INFO:full_node:[alice] Mined block #1042
INFO:full_node:[alice] Mined block #1043
INFO:full_node:[alice] Mined block #1044
INFO:full_node:[alice] Mined block #1045
INFO:full_node:[alice] Mined block #1046
INFO:full_node:[alice] Mined block #1047
INFO:full_node:[alice] Mined block #1048
INFO:full_node:[alice] Mined block #1049
INFO:full_node:[alice] Mined block #1050
INFO:full_node:[alice] Mined block #1051
INFO:full_node:[alice] Mined block #1052
INFO:full_node:[alice] Mined block #1053
INFO:full_node:[alice] Mined block #1054
INFO:full_node:[alice] Mined block #1055
INFO:full_node:[alice] Mined block #1056
INFO:full_node:[alice] Mined block #1057
INFO:full_node:[alice] Mined block #1058
INFO:full_node:[alice] Mined block #1059
INFO:full_node:[alice] Mined block #1060
INFO:full_node:[alice] Mined block #1061
INFO:full_node:[alice] Mined block #1062
INFO:full_node:[alice] Mined block #1063
INFO:full_node:[alice] Mined block #1064
INFO:full_node:[alice] Mined block #1065
INFO:full_node:[alice] Mined block #1066
INFO:full_node:[alice] Mined block #1067
INFO:full_node:[alice] Mined block #1068
INFO:full_node:[alice] Mined block #1069
INFO:full_node:[alice] Mined block #1070
INFO:full_node:[alice] Mined block #1071
INFO:full_node:[alice] Mined block #1072
INFO:full_node:[alice] Mined block #1073
INFO:full_node:[alice] Mined block #1074
INFO:full_node:[alice] Mined block #1075
INFO:full_node:[alice] Mined block #1076
INFO:full_node:[alice] Mined block #1077
INFO:full_node:[alice] Mined block #1078
INFO:full_node:[alice] Mined block #1079
INFO:full_node:[alice] Mined block #1080
INFO:full_node:[alice] Mined block #1081
INFO:full_node:[alice] Mined block #1082
INFO:full_node:[alice] Mined block #1083
INFO:full_node:[alice] Mined block #1084
INFO:full_node:[alice] Mined block #1085
INFO:full_node:[alice] Mined block #1086
INFO:full_node:[alice] Mined block #1087
INFO:full_node:[alice] Mined block #1088
INFO:full_node:[alice] Mined block #1089
INFO:full_node:[alice] Mined block #1090
INFO:full_node:[alice] Mined block #1091
INFO:full_node:[alice] Mined block #1092
INFO:full_node:[alice] Mined block #1093
INFO:full_node:[alice] Mined block #1094
INFO:full_node:[alice] Mined block #1095
INFO:full_node:[alice] Mined block #1096
INFO:full_node:[alice] Mined block #1097
INFO:full_node:[alice] Mined block #1098
INFO:full_node:[alice] Mined block #1099
INFO:full_node:[alice] Mined block #1100
INFO:full_node:[alice] Mined block #1101
INFO:full_node:[alice] Mined block #1102
INFO:full_node:[alice] Mined block #1103
INFO:full_node:[alice] Mined block #1104
INFO:full_node:[alice] Mined block #1105
INFO:full_node:[alice] Mined block #1106
INFO:full_node:[alice] Mined block #1107
INFO:full_node:[alice] Mined block #1108
INFO:full_node:[alice] Mined block #1109
INFO:full_node:[alice] Mined block #1110
INFO:full_node:[alice] Mined block #1111
INFO:full_node:[alice] Mined block #1112
INFO:full_node:[alice] Mined block #1113
INFO:full_node:[alice] Mined block #1114
INFO:full_node:[alice] Mined block #1115
INFO:full_node:[alice] Mined block #1116
INFO:full_node:[alice] Mined block #1117
INFO:full_node:[alice] Mined block #1118
INFO:full_node:[alice] Mined block #1119
INFO:full_node:[alice] Mined block #1120
INFO:full_node:[alice] Mined block #1121
INFO:full_node:[alice] Mined block #1122
INFO:full_node:[alice] Mined block #1123
INFO:full_node:[alice] Mined block #1124
INFO:full_node:[alice] Mined block #1125
INFO:full_node:[alice] Mined block #1126
INFO:full_node:[alice] Mined block #1127
INFO:full_node:[alice] Mined block #1128
INFO:full_node:[alice] Mined block #1129
INFO:full_node:[alice] Mined block #1130
INFO:full_node:[alice] Mined block #1131
INFO:full_node:[alice] Mined block #1132
INFO:full_node:[alice] Mined block #1133
INFO:full_node:[alice] Mined block #1134
INFO:full_node:[alice] Mined block #1135
INFO:full_node:[alice] Mined block #1136
INFO:full_node:[alice] Mined block #1137
INFO:full_node:[alice] Mined block #1138
INFO:full_node:[alice] Mined block #1139
INFO:full_node:[alice] Mined block #1140
INFO:full_node:[alice] Mined block #1141
INFO:full_node:[alice] Mined block #1142
INFO:full_node:[alice] Mined block #1143
INFO:full_node:[alice] Mined block #1144
INFO:full_node:[alice] Mined block #1145
INFO:full_node:[alice] Mined block #1146
INFO:full_node:[alice] Mined block #1147
INFO:full_node:[alice] Mined block #1148
INFO:full_node:[alice] Mined block #1149
INFO:full_node:[alice] Mined block #1150
INFO:full_node:[alice] Mined block #1151
INFO:full_node:[alice] Mined block #1152
INFO:full_node:[alice] Mined block #1153
INFO:full_node:[alice] Mined block #1154
INFO:full_node:[alice] Mined block #1155
INFO:full_node:[alice] Mined block #1156
INFO:full_node:[alice] Mined block #1157
INFO:full_node:[alice] Mined block #1158
INFO:full_node:[alice] Mined block #1159
INFO:full_node:[alice] Mined block #1160
INFO:full_node:[alice] Mined block #1161
INFO:full_node:[alice] Mined block #1162
INFO:full_node:[alice] Mined block #1163
INFO:full_node:[alice] Mined block #1164
INFO:full_node:[alice] Mined block #1165
INFO:full_node:[alice] Mined block #1166
INFO:full_node:[alice] Mined block #1167
INFO:full_node:[alice] Mined block #1168
INFO:full_node:[alice] Mined block #1169
INFO:full_node:[alice] Mined block #1170
INFO:full_node:[alice] Mined block #1171
INFO:full_node:[alice] Mined block #1172
INFO:full_node:[alice] Mined block #1173
INFO:full_node:[alice] Mined block #1174
INFO:full_node:[alice] Mined block #1175
INFO:full_node:[alice] Mined block #1176
INFO:full_node:[alice] Mined block #1177
INFO:full_node:[alice] Mined block #1178
INFO:full_node:[alice] Mined block #1179
INFO:full_node:[alice] Mined block #1180
INFO:full_node:[alice] Mined block #1181
INFO:full_node:[alice] Mined block #1182
INFO:full_node:[alice] Mined block #1183
INFO:full_node:[alice] Mined block #1184
INFO:full_node:[alice] Mined block #1185
INFO:full_node:[alice] Mined block #1186
INFO:full_node:[alice] Mined block #1187
INFO:full_node:[alice] Mined block #1188
INFO:full_node:[alice] Mined block #1189
INFO:full_node:[alice] Mined block #1190
INFO:full_node:[alice] Mined block #1191
INFO:full_node:[alice] Mined block #1192
INFO:full_node:[alice] Mined block #1193
INFO:full_node:[alice] Mined block #1194
INFO:full_node:[alice] Mined block #1195
INFO:full_node:[alice] Mined block #1196
INFO:full_node:[alice] Mined block #1197
INFO:full_node:[alice] Mined block #1198
INFO:full_node:[alice] Mined block #1199
INFO:full_node:[alice] Mined block #1200
INFO:full_node:[alice] Mined block #1201
INFO:full_node:[alice] Mined block #1202
INFO:full_node:[alice] Mined block #1203
INFO:full_node:[alice] Mined block #1204
INFO:full_node:[alice] Mined block #1205
INFO:full_node:[alice] Mined block #1206
INFO:full_node:[alice] Mined block #1207
INFO:full_node:[alice] Mined block #1208
INFO:full_node:[alice] Mined block #1209
INFO:full_node:[alice] Mined block #1210
INFO:full_node:[alice] Mined block #1211
INFO:full_node:[alice] Mined block #1212
INFO:full_node:[alice] Mined block #1213
INFO:full_node:[alice] Mined block #1214
INFO:full_node:[alice] Mined block #1215
INFO:full_node:[alice] Mined block #1216
INFO:full_node:[alice] Mined block #1217
INFO:full_node:[alice] Mined block #1218
INFO:full_node:[alice] Mined block #1219
INFO:full_node:[alice] Mined block #1220
INFO:full_node:[alice] Mined block #1221
INFO:full_node:[alice] Mined block #1222
INFO:full_node:[alice] Mined block #1223
INFO:full_node:[alice] Mined block #1224
INFO:full_node:[alice] Mined block #1225
INFO:full_node:[alice] Mined block #1226
INFO:full_node:[alice] Mined block #1227
INFO:full_node:[alice] Mined block #1228
INFO:full_node:[alice] Mined block #1229
INFO:full_node:[alice] Mined block #1230
INFO:full_node:[alice] Mined block #1231
INFO:full_node:[alice] Mined block #1232
INFO:full_node:[alice] Mined block #1233
INFO:full_node:[alice] Mined block #1234
INFO:full_node:[alice] Mined block #1235
INFO:full_node:[alice] Mined block #1236
INFO:full_node:[alice] Mined block #1237
INFO:full_node:[alice] Mined block #1238
INFO:full_node:[alice] Mined block #1239
INFO:full_node:[alice] Mined block #1240
INFO:full_node:[alice] Mined block #1241
INFO:full_node:[alice] Mined block #1242
INFO:full_node:[alice] Mined block #1243
INFO:full_node:[alice] Mined block #1244
INFO:full_node:[alice] Mined block #1245
INFO:full_node:[alice] Mined block #1246
INFO:full_node:[alice] Mined block #1247
INFO:full_node:[alice] Mined block #1248
INFO:full_node:[alice] Mined block #1249
INFO:full_node:[alice] Mined block #1250
INFO:full_node:[alice] Mined block #1251
INFO:full_node:[alice] Mined block #1252
INFO:full_node:[alice] Mined block #1253
INFO:full_node:[alice] Mined block #1254
INFO:full_node:[alice] Mined block #1255
INFO:full_node:[alice] Mined block #1256
INFO:full_node:[alice] Mined block #1257
INFO:full_node:[alice] Mined block #1258
INFO:full_node:[alice] Mined block #1259
INFO:full_node:[alice] Mined block #1260
INFO:full_node:[alice] Mined block #1261
INFO:full_node:[alice] Mined block #1262
INFO:full_node:[alice] Mined block #1263
INFO:full_node:[alice] Mined block #1264
INFO:full_node:[alice] Mined block #1265
INFO:full_node:[alice] Mined block #1266
INFO:full_node:[alice] Mined block #1267
INFO:full_node:[alice] Mined block #1268
INFO:full_node:[alice] Mined block #1269
INFO:full_node:[alice] Mined block #1270
INFO:full_node:[alice] Mined block #1271
INFO:full_node:[alice] Mined block #1272
INFO:full_node:[alice] Mined block #1273
INFO:full_node:[alice] Mined block #1274
INFO:full_node:[alice] Mined block #1275
INFO:full_node:[alice] Mined block #1276
INFO:full_node:[alice] Mined block #1277
INFO:full_node:[alice] Mined block #1278
INFO:full_node:[alice] Mined block #1279
INFO:full_node:[alice] Mined block #1280
INFO:full_node:[alice] Mined block #1281
INFO:full_node:[alice] Mined block #1282
INFO:full_node:[alice] Mined block #1283
INFO:full_node:[alice] Mined block #1284
INFO:full_node:[alice] Mined block #1285
INFO:full_node:[alice] Mined block #1286
INFO:full_node:[alice] Mined block #1287
INFO:full_node:[alice] Mined block #1288
INFO:full_node:[alice] Mined block #1289
INFO:full_node:[alice] Mined block #1290
INFO:full_node:[alice] Mined block #1291
INFO:full_node:[alice] Mined block #1292
INFO:full_node:[alice] Mined block #1293
INFO:full_node:[alice] Mined block #1294
INFO:full_node:[alice] Mined block #1295
INFO:full_node:[alice] Mined block #1296
INFO:full_node:[alice] Mined block #1297
INFO:full_node:[alice] Mined block #1298
INFO:full_node:[alice] Mined block #1299
INFO:full_node:[alice] Mined block #1300
INFO:full_node:[alice] Mined block #1301
INFO:full_node:[alice] Mined block #1302
INFO:full_node:[alice] Mined block #1303
INFO:full_node:[alice] Mined block #1304
INFO:full_node:[alice] Mined block #1305
INFO:full_node:[alice] Mined block #1306
INFO:full_node:[alice] Mined block #1307
INFO:full_node:[alice] Mined block #1308
INFO:full_node:[alice] Mined block #1309
INFO:full_node:[alice] Mined block #1310
INFO:full_node:[alice] Mined block #1311
INFO:full_node:[alice] Mined block #1312
INFO:full_node:[alice] Mined block #1313
INFO:full_node:[alice] Mined block #1314
INFO:full_node:[alice] Mined block #1315
INFO:full_node:[alice] Mined block #1316
INFO:full_node:[alice] Mined block #1317
INFO:full_node:[alice] Mined block #1318
INFO:full_node:[alice] Mined block #1319
INFO:full_node:[alice] Mined block #1320
INFO:full_node:[alice] Mined block #1321
INFO:full_node:[alice] Mined block #1322
INFO:full_node:[alice] Mined block #1323
INFO:full_node:[alice] Mined block #1324
INFO:full_node:[alice] Mined block #1325
INFO:full_node:[alice] Mined block #1326
INFO:full_node:[alice] Mined block #1327
INFO:full_node:[alice] Mined block #1328
INFO:full_node:[alice] Mined block #1329
INFO:full_node:[alice] Mined block #1330
INFO:full_node:[alice] Mined block #1331
INFO:full_node:[alice] Mined block #1332
INFO:full_node:[alice] Mined block #1333
INFO:full_node:[alice] Mined block #1334
INFO:full_node:[alice] Mined block #1335
INFO:full_node:[alice] Mined block #1336
INFO:full_node:[alice] Mined block #1337
INFO:full_node:[alice] Mined block #1338
INFO:full_node:[alice] Mined block #1339
INFO:full_node:[alice] Mined block #1340
INFO:full_node:[alice] Mined block #1341
INFO:full_node:[alice] Mined block #1342
INFO:full_node:[alice] Mined block #1343
INFO:full_node:[alice] Mined block #1344
INFO:full_node:[alice] Mined block #1345
INFO:full_node:[alice] Mined block #1346
INFO:full_node:[alice] Mined block #1347
INFO:full_node:[alice] Mined block #1348
INFO:full_node:[alice] Mined block #1349
INFO:full_node:[alice] Mined block #1350
INFO:full_node:[alice] Mined block #1351
INFO:full_node:[alice] Mined block #1352
INFO:full_node:[alice] Mined block #1353
INFO:full_node:[alice] Mined block #1354
INFO:full_node:[alice] Mined block #1355
INFO:full_node:[alice] Mined block #1356
INFO:full_node:[alice] Mined block #1357
INFO:full_node:[alice] Mined block #1358
INFO:full_node:[alice] Mined block #1359
INFO:full_node:[alice] Mined block #1360
INFO:full_node:[alice] Mined block #1361
INFO:full_node:[alice] Mined block #1362
INFO:full_node:[alice] Mined block #1363
INFO:full_node:[alice] Mined block #1364
INFO:full_node:[alice] Mined block #1365
INFO:full_node:[alice] Mined block #1366
INFO:full_node:[alice] Mined block #1367
INFO:full_node:[alice] Mined block #1368
INFO:full_node:[alice] Mined block #1369
INFO:full_node:[alice] Mined block #1370
INFO:full_node:[alice] Mined block #1371
INFO:full_node:[alice] Mined block #1372
INFO:full_node:[alice] Mined block #1373
INFO:full_node:[alice] Mined block #1374
INFO:full_node:[alice] Mined block #1375
INFO:full_node:[alice] Mined block #1376
INFO:full_node:[alice] Mined block #1377
INFO:full_node:[alice] Mined block #1378
INFO:full_node:[alice] Mined block #1379
INFO:full_node:[alice] Mined block #1380
INFO:full_node:[alice] Mined block #1381
INFO:full_node:[alice] Mined block #1382
INFO:full_node:[alice] Mined block #1383
INFO:full_node:[alice] Mined block #1384
INFO:full_node:[alice] Mined block #1385
INFO:full_node:[alice] Mined block #1386
INFO:full_node:[alice] Mined block #1387
INFO:full_node:[alice] Mined block #1388
INFO:full_node:[alice] Mined block #1389
INFO:full_node:[alice] Mined block #1390
INFO:full_node:[alice] Mined block #1391
INFO:full_node:[alice] Mined block #1392
INFO:full_node:[alice] Mined block #1393
INFO:full_node:[alice] Mined block #1394
INFO:full_node:[alice] Mined block #1395
INFO:full_node:[alice] Mined block #1396
INFO:full_node:[alice] Mined block #1397
INFO:full_node:[alice] Mined block #1398
INFO:full_node:[alice] Mined block #1399
INFO:full_node:[alice] Mined block #1400
INFO:full_node:[alice] Mined block #1401
INFO:full_node:[alice] Mined block #1402
INFO:full_node:[alice] Mined block #1403
INFO:full_node:[alice] Mined block #1404
INFO:full_node:[alice] Mined block #1405
INFO:full_node:[alice] Mined block #1406
INFO:full_node:[alice] Mined block #1407
INFO:full_node:[alice] Mined block #1408
INFO:full_node:[alice] Mined block #1409
INFO:full_node:[alice] Mined block #1410
INFO:full_node:[alice] Mined block #1411
INFO:full_node:[alice] Mined block #1412
INFO:full_node:[alice] Mined block #1413
INFO:full_node:[alice] Mined block #1414
INFO:full_node:[alice] Mined block #1415
INFO:full_node:[alice] Mined block #1416
INFO:full_node:[alice] Mined block #1417
INFO:full_node:[alice] Mined block #1418
INFO:full_node:[alice] Mined block #1419
INFO:full_node:[alice] Mined block #1420
INFO:full_node:[alice] Mined block #1421
INFO:full_node:[alice] Mined block #1422
INFO:full_node:[alice] Mined block #1423
INFO:full_node:[alice] Mined block #1424
INFO:full_node:[alice] Mined block #1425
INFO:full_node:[alice] Mined block #1426
INFO:full_node:[alice] Mined block #1427
INFO:full_node:[alice] Mined block #1428
INFO:full_node:[alice] Mined block #1429
INFO:full_node:[alice] Mined block #1430
INFO:full_node:[alice] Mined block #1431
INFO:full_node:[alice] Mined block #1432
INFO:full_node:[alice] Mined block #1433
INFO:full_node:[alice] Mined block #1434
INFO:full_node:[alice] Mined block #1435
INFO:full_node:[alice] Mined block #1436
INFO:full_node:[alice] Mined block #1437
INFO:full_node:[alice] Mined block #1438
INFO:full_node:[alice] Mined block #1439
INFO:full_node:[alice] Mined block #1440
INFO:full_node:[alice] Mined block #1441
INFO:full_node:[alice] Mined block #1442
INFO:full_node:[alice] Mined block #1443
INFO:full_node:[alice] Mined block #1444
INFO:full_node:[alice] Mined block #1445
INFO:full_node:[alice] Mined block #1446
INFO:full_node:[alice] Mined block #1447
INFO:full_node:[alice] Mined block #1448
INFO:full_node:[alice] Mined block #1449
INFO:full_node:[alice] Mined block #1450
INFO:full_node:[alice] Mined block #1451
INFO:full_node:[alice] Mined block #1452
INFO:full_node:[alice] Mined block #1453
INFO:full_node:[alice] Mined block #1454
INFO:full_node:[alice] Mined block #1455
INFO:full_node:[alice] Mined block #1456
INFO:full_node:[alice] Mined block #1457
INFO:full_node:[alice] Mined block #1458
INFO:full_node:[alice] Mined block #1459
INFO:full_node:[alice] Mined block #1460
INFO:full_node:[alice] Mined block #1461
INFO:full_node:[alice] Mined block #1462
INFO:full_node:[alice] Mined block #1463
INFO:full_node:[alice] Mined block #1464
INFO:full_node:[alice] Mined block #1465
INFO:full_node:[alice] Mined block #1466
INFO:full_node:[alice] Mined block #1467
INFO:full_node:[alice] Mined block #1468
INFO:full_node:[alice] Mined block #1469
INFO:full_node:[alice] Mined block #1470
INFO:full_node:[alice] Mined block #1471
INFO:full_node:[alice] Mined block #1472
INFO:full_node:[alice] Mined block #1473
INFO:full_node:[alice] Mined block #1474
INFO:full_node:[alice] Mined block #1475
INFO:full_node:[alice] Mined block #1476
INFO:full_node:[alice] Mined block #1477
INFO:full_node:[alice] Mined block #1478
INFO:full_node:[alice] Mined block #1479
INFO:full_node:[alice] Mined block #1480
INFO:full_node:[alice] Mined block #1481
INFO:full_node:[alice] Mined block #1482
INFO:full_node:[alice] Mined block #1483
INFO:full_node:[alice] Mined block #1484
INFO:full_node:[alice] Mined block #1485
INFO:full_node:[alice] Mined block #1486
INFO:full_node:[alice] Mined block #1487
INFO:full_node:[alice] Mined block #1488
INFO:full_node:[alice] Mined block #1489
INFO:full_node:[alice] Mined block #1490
INFO:full_node:[alice] Mined block #1491
INFO:full_node:[alice] Mined block #1492
INFO:full_node:[alice] Mined block #1493
INFO:full_node:[alice] Mined block #1494
INFO:full_node:[alice] Mined block #1495
INFO:full_node:[alice] Mined block #1496
INFO:full_node:[alice] Mined block #1497
INFO:full_node:[alice] Mined block #1498
INFO:full_node:[alice] Mined block #1499
INFO:full_node:[alice] Mined block #1500
INFO:full_node:[alice] Mined block #1501
INFO:full_node:[alice] Mined block #1502
INFO:full_node:[alice] Mined block #1503
INFO:full_node:[alice] Mined block #1504
INFO:full_node:[alice] Mined block #1505
INFO:full_node:[alice] Mined block #1506
INFO:full_node:[alice] Mined block #1507
INFO:full_node:[alice] Mined block #1508
INFO:full_node:[alice] Mined block #1509
INFO:full_node:[alice] Mined block #1510
INFO:full_node:[alice] Mined block #1511
INFO:full_node:[alice] Mined block #1512
INFO:full_node:[alice] Mined block #1513
INFO:full_node:[alice] Mined block #1514
INFO:full_node:[alice] Mined block #1515
INFO:full_node:[alice] Mined block #1516
INFO:full_node:[alice] Mined block #1517
INFO:full_node:[alice] Mined block #1518
INFO:full_node:[alice] Mined block #1519
INFO:full_node:[alice] Mined block #1520
INFO:full_node:[alice] Mined block #1521
INFO:full_node:[alice] Mined block #1522
INFO:full_node:[alice] Mined block #1523
INFO:full_node:[alice] Mined block #1524
INFO:full_node:[alice] Mined block #1525
INFO:full_node:[alice] Mined block #1526
INFO:full_node:[alice] Mined block #1527
INFO:full_node:[alice] Mined block #1528
INFO:full_node:[alice] Mined block #1529
INFO:full_node:[alice] Mined block #1530
INFO:full_node:[alice] Mined block #1531
INFO:full_node:[alice] Mined block #1532
INFO:full_node:[alice] Mined block #1533
INFO:full_node:[alice] Mined block #1534
INFO:full_node:[alice] Mined block #1535
INFO:full_node:[alice] Mined block #1536
INFO:full_node:[alice] Mined block #1537
INFO:full_node:[alice] Mined block #1538
INFO:full_node:[alice] Mined block #1539
INFO:full_node:[alice] Mined block #1540
INFO:full_node:[alice] Mined block #1541
INFO:full_node:[alice] Mined block #1542
INFO:full_node:[alice] Mined block #1543
INFO:full_node:[alice] Mined block #1544
INFO:full_node:[alice] Mined block #1545
INFO:full_node:[alice] Mined block #1546
INFO:full_node:[alice] Mined block #1547
INFO:full_node:[alice] Mined block #1548
INFO:full_node:[alice] Mined block #1549
INFO:full_node:[alice] Mined block #1550
INFO:full_node:[alice] Mined block #1551
INFO:full_node:[alice] Mined block #1552
INFO:full_node:[alice] Mined block #1553
INFO:full_node:[alice] Mined block #1554
INFO:full_node:[alice] Mined block #1555
INFO:full_node:[alice] Mined block #1556
INFO:full_node:[alice] Mined block #1557
INFO:full_node:[alice] Mined block #1558
INFO:full_node:[alice] Mined block #1559
INFO:full_node:[alice] Mined block #1560
INFO:full_node:[alice] Mined block #1561
INFO:full_node:[alice] Mined block #1562
INFO:full_node:[alice] Mined block #1563
INFO:full_node:[alice] Mined block #1564
INFO:full_node:[alice] Mined block #1565
INFO:full_node:[alice] Mined block #1566
INFO:full_node:[alice] Mined block #1567
INFO:full_node:[alice] Mined block #1568
INFO:full_node:[alice] Mined block #1569
INFO:full_node:[alice] Mined block #1570
INFO:full_node:[alice] Mined block #1571
INFO:full_node:[alice] Mined block #1572
INFO:full_node:[alice] Mined block #1573
INFO:full_node:[alice] Mined block #1574
INFO:full_node:[alice] Mined block #1575
INFO:full_node:[alice] Mined block #1576
INFO:full_node:[alice] Mined block #1577
INFO:full_node:[alice] Mined block #1578
INFO:full_node:[alice] Mined block #1579
INFO:full_node:[alice] Mined block #1580
INFO:full_node:[alice] Mined block #1581
INFO:full_node:[alice] Mined block #1582
INFO:full_node:[alice] Mined block #1583
INFO:full_node:[alice] Mined block #1584
INFO:full_node:[alice] Mined block #1585
INFO:full_node:[alice] Mined block #1586
INFO:full_node:[alice] Mined block #1587
INFO:full_node:[alice] Mined block #1588
INFO:full_node:[alice] Mined block #1589
INFO:full_node:[alice] Mined block #1590
INFO:full_node:[alice] Mined block #1591
INFO:full_node:[alice] Mined block #1592
INFO:full_node:[alice] Mined block #1593
INFO:full_node:[alice] Mined block #1594
INFO:full_node:[alice] Mined block #1595
INFO:full_node:[alice] Mined block #1596
INFO:full_node:[alice] Mined block #1597
INFO:full_node:[alice] Mined block #1598
INFO:full_node:[alice] Mined block #1599
INFO:full_node:[alice] Mined block #1600
INFO:full_node:[alice] Mined block #1601
INFO:full_node:[alice] Mined block #1602
INFO:full_node:[alice] Mined block #1603
INFO:full_node:[alice] Mined block #1604
INFO:full_node:[alice] Mined block #1605
INFO:full_node:[alice] Mined block #1606
INFO:full_node:[alice] Mined block #1607
INFO:full_node:[alice] Mined block #1608
INFO:full_node:[alice] Mined block #1609
INFO:full_node:[alice] Mined block #1610
INFO:full_node:[alice] Mined block #1611
INFO:full_node:[alice] Mined block #1612
INFO:full_node:[alice] Mined block #1613
INFO:full_node:[alice] Mined block #1614
INFO:full_node:[alice] Mined block #1615
INFO:full_node:[alice] Mined block #1616
INFO:full_node:[alice] Mined block #1617
INFO:full_node:[alice] Mined block #1618
INFO:full_node:[alice] Mined block #1619
INFO:full_node:[alice] Mined block #1620
INFO:full_node:[alice] Mined block #1621
INFO:full_node:[alice] Mined block #1622
INFO:full_node:[alice] Mined block #1623
INFO:full_node:[alice] Mined block #1624
INFO:full_node:[alice] Mined block #1625
INFO:full_node:[alice] Mined block #1626
INFO:full_node:[alice] Mined block #1627
INFO:full_node:[alice] Mined block #1628
INFO:full_node:[alice] Mined block #1629
INFO:full_node:[alice] Mined block #1630
INFO:full_node:[alice] Mined block #1631
INFO:full_node:[alice] Mined block #1632
INFO:full_node:[alice] Mined block #1633
INFO:full_node:[alice] Mined block #1634
INFO:full_node:[alice] Mined block #1635
INFO:full_node:[alice] Mined block #1636
INFO:full_node:[alice] Mined block #1637
INFO:full_node:[alice] Mined block #1638
INFO:full_node:[alice] Mined block #1639
INFO:full_node:[alice] Mined block #1640
INFO:full_node:[alice] Mined block #1641
INFO:full_node:[alice] Mined block #1642
INFO:full_node:[alice] Mined block #1643
INFO:full_node:[alice] Mined block #1644
INFO:full_node:[alice] Mined block #1645
INFO:full_node:[alice] Mined block #1646
INFO:full_node:[alice] Mined block #1647
INFO:full_node:[alice] Mined block #1648
INFO:full_node:[alice] Mined block #1649
INFO:full_node:[alice] Mined block #1650
INFO:full_node:[alice] Mined block #1651
INFO:full_node:[alice] Mined block #1652
INFO:full_node:[alice] Mined block #1653
INFO:full_node:[alice] Mined block #1654
INFO:full_node:[alice] Mined block #1655
INFO:full_node:[alice] Mined block #1656
INFO:full_node:[alice] Mined block #1657
INFO:full_node:[alice] Mined block #1658
INFO:full_node:[alice] Mined block #1659
INFO:full_node:[alice] Mined block #1660
INFO:full_node:[alice] Mined block #1661
INFO:full_node:[alice] Mined block #1662
INFO:full_node:[alice] Mined block #1663
INFO:full_node:[alice] Mined block #1664
INFO:full_node:[alice] Mined block #1665
INFO:full_node:[alice] Mined block #1666
INFO:full_node:[alice] Mined block #1667
INFO:full_node:[alice] Mined block #1668
INFO:full_node:[alice] Mined block #1669
INFO:full_node:[alice] Mined block #1670
INFO:full_node:[alice] Mined block #1671
INFO:full_node:[alice] Mined block #1672
INFO:full_node:[alice] Mined block #1673
INFO:full_node:[alice] Mined block #1674
INFO:full_node:[alice] Mined block #1675
INFO:full_node:[alice] Mined block #1676
INFO:full_node:[alice] Mined block #1677
INFO:full_node:[alice] Mined block #1678
INFO:full_node:[alice] Mined block #1679
INFO:full_node:[alice] Mined block #1680
INFO:full_node:[alice] Mined block #1681
INFO:full_node:[alice] Mined block #1682
INFO:full_node:[alice] Mined block #1683
INFO:full_node:[alice] Mined block #1684
INFO:full_node:[alice] Mined block #1685
INFO:full_node:[alice] Mined block #1686
INFO:full_node:[alice] Mined block #1687
INFO:full_node:[alice] Mined block #1688
INFO:full_node:[alice] Mined block #1689
INFO:full_node:[alice] Mined block #1690
INFO:full_node:[alice] Mined block #1691
INFO:full_node:[alice] Mined block #1692
INFO:full_node:[alice] Mined block #1693
INFO:full_node:[alice] Mined block #1694
INFO:full_node:[alice] Mined block #1695
INFO:full_node:[alice] Mined block #1696
INFO:full_node:[alice] Mined block #1697
INFO:full_node:[alice] Mined block #1698
INFO:full_node:[alice] Mined block #1699
INFO:full_node:[alice] Mined block #1700
INFO:full_node:[alice] Mined block #1701
INFO:full_node:[alice] Mined block #1702
INFO:full_node:[alice] Mined block #1703
INFO:full_node:[alice] Mined block #1704
INFO:full_node:[alice] Mined block #1705
INFO:full_node:[alice] Mined block #1706
INFO:full_node:[alice] Mined block #1707
INFO:full_node:[alice] Mined block #1708
INFO:full_node:[alice] Mined block #1709
INFO:full_node:[alice] Mined block #1710
INFO:full_node:[alice] Mined block #1711
INFO:full_node:[alice] Mined block #1712
INFO:full_node:[alice] Mined block #1713
INFO:full_node:[alice] Mined block #1714
INFO:full_node:[alice] Mined block #1715
INFO:full_node:[alice] Mined block #1716
INFO:full_node:[alice] Mined block #1717
INFO:full_node:[alice] Mined block #1718
INFO:full_node:[alice] Mined block #1719
INFO:full_node:[alice] Mined block #1720
INFO:full_node:[alice] Mined block #1721
INFO:full_node:[alice] Mined block #1722
INFO:full_node:[alice] Mined block #1723
INFO:full_node:[alice] Mined block #1724
INFO:full_node:[alice] Mined block #1725
INFO:full_node:[alice] Mined block #1726
INFO:full_node:[alice] Mined block #1727
INFO:full_node:[alice] Mined block #1728
INFO:full_node:[alice] Mined block #1729
INFO:full_node:[alice] Mined block #1730
INFO:full_node:[alice] Mined block #1731
INFO:full_node:[alice] Mined block #1732
INFO:full_node:[alice] Mined block #1733
INFO:full_node:[alice] Mined block #1734
INFO:full_node:[alice] Mined block #1735
INFO:full_node:[alice] Mined block #1736
INFO:full_node:[alice] Mined block #1737
INFO:full_node:[alice] Mined block #1738
INFO:full_node:[alice] Mined block #1739
INFO:full_node:[alice] Mined block #1740
INFO:full_node:[alice] Mined block #1741
INFO:full_node:[alice] Mined block #1742
INFO:full_node:[alice] Mined block #1743
INFO:full_node:[alice] Mined block #1744
INFO:full_node:[alice] Mined block #1745
INFO:full_node:[alice] Mined block #1746
INFO:full_node:[alice] Mined block #1747
INFO:full_node:[alice] Mined block #1748
INFO:full_node:[alice] Mined block #1749
INFO:full_node:[alice] Mined block #1750
INFO:full_node:[alice] Mined block #1751
INFO:full_node:[alice] Mined block #1752
INFO:full_node:[alice] Mined block #1753
INFO:full_node:[alice] Mined block #1754
INFO:full_node:[alice] Mined block #1755
INFO:full_node:[alice] Mined block #1756
INFO:full_node:[alice] Mined block #1757
INFO:full_node:[alice] Mined block #1758
INFO:full_node:[alice] Mined block #1759
INFO:full_node:[alice] Mined block #1760
INFO:full_node:[alice] Mined block #1761
INFO:full_node:[alice] Mined block #1762
INFO:full_node:[alice] Mined block #1763
INFO:full_node:[alice] Mined block #1764
INFO:full_node:[alice] Mined block #1765
INFO:full_node:[alice] Mined block #1766
INFO:full_node:[alice] Mined block #1767
INFO:full_node:[alice] Mined block #1768
INFO:full_node:[alice] Mined block #1769
INFO:full_node:[alice] Mined block #1770
INFO:full_node:[alice] Mined block #1771
INFO:full_node:[alice] Mined block #1772
INFO:full_node:[alice] Mined block #1773
INFO:full_node:[alice] Mined block #1774
INFO:full_node:[alice] Mined block #1775
INFO:full_node:[alice] Mined block #1776
INFO:full_node:[alice] Mined block #1777
INFO:full_node:[alice] Mined block #1778
INFO:full_node:[alice] Mined block #1779
INFO:full_node:[alice] Mined block #1780
INFO:full_node:[alice] Mined block #1781
INFO:full_node:[alice] Mined block #1782
INFO:full_node:[alice] Mined block #1783
INFO:full_node:[alice] Mined block #1784
INFO:full_node:[alice] Mined block #1785
INFO:full_node:[alice] Mined block #1786
INFO:full_node:[alice] Mined block #1787
INFO:full_node:[alice] Mined block #1788
INFO:full_node:[alice] Mined block #1789
INFO:full_node:[alice] Mined block #1790
INFO:full_node:[alice] Mined block #1791
INFO:full_node:[alice] Mined block #1792
INFO:full_node:[alice] Mined block #1793
INFO:full_node:[alice] Mined block #1794
INFO:full_node:[alice] Mined block #1795
INFO:full_node:[alice] Mined block #1796
INFO:full_node:[alice] Mined block #1797
INFO:full_node:[alice] Mined block #1798
INFO:full_node:[alice] Mined block #1799
INFO:full_node:[alice] Mined block #1800
INFO:full_node:[alice] Mined block #1801
INFO:full_node:[alice] Mined block #1802
INFO:full_node:[alice] Mined block #1803
INFO:full_node:[alice] Mined block #1804
INFO:full_node:[alice] Mined block #1805
INFO:full_node:[alice] Mined block #1806
INFO:full_node:[alice] Mined block #1807
INFO:full_node:[alice] Mined block #1808
INFO:full_node:[alice] Mined block #1809
INFO:full_node:[alice] Mined block #1810
INFO:full_node:[alice] Mined block #1811
INFO:full_node:[alice] Mined block #1812
INFO:full_node:[alice] Mined block #1813
INFO:full_node:[alice] Mined block #1814
INFO:full_node:[alice] Mined block #1815
INFO:full_node:[alice] Mined block #1816
INFO:full_node:[alice] Mined block #1817
INFO:full_node:[alice] Mined block #1818
INFO:full_node:[alice] Mined block #1819
INFO:full_node:[alice] Mined block #1820
INFO:full_node:[alice] Mined block #1821
INFO:full_node:[alice] Mined block #1822
INFO:full_node:[alice] Mined block #1823
INFO:full_node:[alice] Mined block #1824
INFO:full_node:[alice] Mined block #1825
INFO:full_node:[alice] Mined block #1826
INFO:full_node:[alice] Mined block #1827
INFO:full_node:[alice] Mined block #1828
INFO:full_node:[alice] Mined block #1829
INFO:full_node:[alice] Mined block #1830
INFO:full_node:[alice] Mined block #1831
INFO:full_node:[alice] Mined block #1832
INFO:full_node:[alice] Mined block #1833
INFO:full_node:[alice] Mined block #1834
INFO:full_node:[alice] Mined block #1835
INFO:full_node:[alice] Mined block #1836
INFO:full_node:[alice] Mined block #1837
INFO:full_node:[alice] Mined block #1838
INFO:full_node:[alice] Mined block #1839
INFO:full_node:[alice] Mined block #1840
INFO:full_node:[alice] Mined block #1841
INFO:full_node:[alice] Mined block #1842
INFO:full_node:[alice] Mined block #1843
INFO:full_node:[alice] Mined block #1844
INFO:full_node:[alice] Mined block #1845
INFO:full_node:[alice] Mined block #1846
INFO:full_node:[alice] Mined block #1847
INFO:full_node:[alice] Mined block #1848
INFO:full_node:[alice] Mined block #1849
INFO:full_node:[alice] Mined block #1850
INFO:full_node:[alice] Mined block #1851
INFO:full_node:[alice] Mined block #1852
INFO:full_node:[alice] Mined block #1853
INFO:full_node:[alice] Mined block #1854
INFO:full_node:[alice] Mined block #1855
INFO:full_node:[alice] Mined block #1856
INFO:full_node:[alice] Mined block #1857
INFO:full_node:[alice] Mined block #1858
INFO:full_node:[alice] Mined block #1859
INFO:full_node:[alice] Mined block #1860
INFO:full_node:[alice] Mined block #1861
INFO:full_node:[alice] Mined block #1862
INFO:full_node:[alice] Mined block #1863
INFO:full_node:[alice] Mined block #1864
INFO:full_node:[alice] Mined block #1865
INFO:full_node:[alice] Mined block #1866
INFO:full_node:[alice] Mined block #1867
INFO:full_node:[alice] Mined block #1868
INFO:full_node:[alice] Mined block #1869
INFO:full_node:[alice] Mined block #1870
INFO:full_node:[alice] Mined block #1871
INFO:full_node:[alice] Mined block #1872
INFO:full_node:[alice] Mined block #1873
INFO:full_node:[alice] Mined block #1874
INFO:full_node:[alice] Mined block #1875
INFO:full_node:[alice] Mined block #1876
INFO:full_node:[alice] Mined block #1877
INFO:full_node:[alice] Mined block #1878
INFO:full_node:[alice] Mined block #1879
INFO:full_node:[alice] Mined block #1880
INFO:full_node:[alice] Mined block #1881
INFO:full_node:[alice] Mined block #1882
INFO:full_node:[alice] Mined block #1883
INFO:full_node:[alice] Mined block #1884
INFO:full_node:[alice] Mined block #1885
INFO:full_node:[alice] Mined block #1886
INFO:full_node:[alice] Mined block #1887
INFO:full_node:[alice] Mined block #1888
INFO:full_node:[alice] Mined block #1889
INFO:full_node:[alice] Mined block #1890
INFO:full_node:[alice] Mined block #1891
INFO:full_node:[alice] Mined block #1892
INFO:full_node:[alice] Mined block #1893
INFO:full_node:[alice] Mined block #1894
INFO:full_node:[alice] Mined block #1895
INFO:full_node:[alice] Mined block #1896
INFO:full_node:[alice] Mined block #1897
INFO:full_node:[alice] Mined block #1898
INFO:full_node:[alice] Mined block #1899
INFO:full_node:[alice] Mined block #1900
INFO:full_node:[alice] Mined block #1901
INFO:full_node:[alice] Mined block #1902
INFO:full_node:[alice] Mined block #1903
INFO:full_node:[alice] Mined block #1904
INFO:full_node:[alice] Mined block #1905
INFO:full_node:[alice] Mined block #1906
INFO:full_node:[alice] Mined block #1907
INFO:full_node:[alice] Mined block #1908
INFO:full_node:[alice] Mined block #1909
INFO:full_node:[alice] Mined block #1910
INFO:full_node:[alice] Mined block #1911
INFO:full_node:[alice] Mined block #1912
INFO:full_node:[alice] Mined block #1913
INFO:full_node:[alice] Mined block #1914
INFO:full_node:[alice] Mined block #1915
INFO:full_node:[alice] Mined block #1916
INFO:full_node:[alice] Mined block #1917
INFO:full_node:[alice] Mined block #1918
INFO:full_node:[alice] Mined block #1919
INFO:full_node:[alice] Mined block #1920
INFO:full_node:[alice] Mined block #1921
INFO:full_node:[alice] Mined block #1922
INFO:full_node:[alice] Mined block #1923
INFO:full_node:[alice] Mined block #1924
INFO:full_node:[alice] Mined block #1925
INFO:full_node:[alice] Mined block #1926
INFO:full_node:[alice] Mined block #1927
INFO:full_node:[alice] Mined block #1928
INFO:full_node:[alice] Mined block #1929
INFO:full_node:[alice] Mined block #1930
INFO:full_node:[alice] Mined block #1931
INFO:full_node:[alice] Mined block #1932
INFO:full_node:[alice] Mined block #1933
INFO:full_node:[alice] Mined block #1934
INFO:full_node:[alice] Mined block #1935
INFO:full_node:[alice] Mined block #1936
INFO:full_node:[alice] Mined block #1937
INFO:full_node:[alice] Mined block #1938
INFO:full_node:[alice] Mined block #1939
INFO:full_node:[alice] Mined block #1940
INFO:full_node:[alice] Mined block #1941
INFO:full_node:[alice] Mined block #1942
INFO:full_node:[alice] Mined block #1943
INFO:full_node:[alice] Mined block #1944
INFO:full_node:[alice] Mined block #1945
INFO:full_node:[alice] Mined block #1946
INFO:full_node:[alice] Mined block #1947
INFO:full_node:[alice] Mined block #1948
INFO:full_node:[alice] Mined block #1949
INFO:full_node:[alice] Mined block #1950
INFO:full_node:[alice] Mined block #1951
INFO:full_node:[alice] Mined block #1952
INFO:full_node:[alice] Mined block #1953
INFO:full_node:[alice] Mined block #1954
INFO:full_node:[alice] Mined block #1955
INFO:full_node:[alice] Mined block #1956
INFO:full_node:[alice] Mined block #1957
INFO:full_node:[alice] Mined block #1958
INFO:full_node:[alice] Mined block #1959
INFO:full_node:[alice] Mined block #1960
INFO:full_node:[alice] Mined block #1961
INFO:full_node:[alice] Mined block #1962
INFO:full_node:[alice] Mined block #1963
INFO:full_node:[alice] Mined block #1964
INFO:full_node:[alice] Mined block #1965
INFO:full_node:[alice] Mined block #1966
INFO:full_node:[alice] Mined block #1967
INFO:full_node:[alice] Mined block #1968
INFO:full_node:[alice] Mined block #1969
INFO:full_node:[alice] Mined block #1970
INFO:full_node:[alice] Mined block #1971
INFO:full_node:[alice] Mined block #1972
INFO:full_node:[alice] Mined block #1973
INFO:full_node:[alice] Mined block #1974
INFO:full_node:[alice] Mined block #1975
INFO:full_node:[alice] Mined block #1976
INFO:full_node:[alice] Mined block #1977
INFO:full_node:[alice] Mined block #1978
INFO:full_node:[alice] Mined block #1979
INFO:full_node:[alice] Mined block #1980
INFO:full_node:[alice] Mined block #1981
INFO:full_node:[alice] Mined block #1982
INFO:full_node:[alice] Mined block #1983
INFO:full_node:[alice] Mined block #1984
INFO:full_node:[alice] Mined block #1985
INFO:full_node:[alice] Mined block #1986
INFO:full_node:[alice] Mined block #1987
INFO:full_node:[alice] Mined block #1988
INFO:full_node:[alice] Mined block #1989
INFO:full_node:[alice] Mined block #1990
INFO:full_node:[alice] Mined block #1991
INFO:full_node:[alice] Mined block #1992
INFO:full_node:[alice] Mined block #1993
INFO:full_node:[alice] Mined block #1994
INFO:full_node:[alice] Mined block #1995
INFO:full_node:[alice] Mined block #1996
INFO:full_node:[alice] Mined block #1997
INFO:full_node:[alice] Mined block #1998
INFO:full_node:[alice] Mined block #1999
INFO:full_node:[alice] Mined block #2000
INFO:full_node:[alice] Mined block #2001
INFO:full_node:[alice] Mined block #2002
INFO:full_node:[alice] Mined block #2003
INFO:full_node:[alice] Mined block #2004
INFO:full_node:[alice] Mined block #2005
INFO:full_node:[alice] Mined block #2006
INFO:full_node:[alice] Mined block #2007
INFO:full_node:[alice] Mined block #2008
INFO:full_node:[alice] Mined block #2009
INFO:full_node:[alice] Mined block #2010
INFO:full_node:[alice] Mined block #2011
INFO:full_node:[alice] Mined block #2012
INFO:full_node:[alice] Mined block #2013
INFO:full_node:[alice] Mined block #2014
INFO:full_node:[alice] Mined block #2015
INFO:full_node:[alice] Mined block #2016
INFO:full_node:[alice] Mined block #2017
INFO:full_node:[alice] Mined block #2018
INFO:full_node:[alice] Mined block #2019
INFO:full_node:[alice] Mined block #2020
INFO:full_node:[alice] Mined block #2021
INFO:full_node:[alice] Mined block #2022
INFO:full_node:[alice] Mined block #2023
INFO:full_node:[alice] Mined block #2024
INFO:full_node:[alice] Mined block #2025
INFO:full_node:[alice] Mined block #2026
INFO:full_node:[alice] Mined block #2027
INFO:full_node:[alice] Mined block #2028
INFO:full_node:[alice] Mined block #2029
INFO:full_node:[alice] Mined block #2030
INFO:full_node:[alice] Mined block #2031
INFO:full_node:[alice] Mined block #2032
INFO:full_node:[alice] Mined block #2033
INFO:full_node:[alice] Mined block #2034
INFO:full_node:[alice] Mined block #2035
INFO:full_node:[alice] Mined block #2036
INFO:full_node:[alice] Mined block #2037
INFO:full_node:[alice] Mined block #2038
INFO:full_node:[alice] Mined block #2039
INFO:full_node:[alice] Mined block #2040
INFO:full_node:[alice] Mined block #2041
INFO:full_node:[alice] Mined block #2042
INFO:full_node:[alice] Mined block #2043
INFO:full_node:[alice] Mined block #2044
INFO:full_node:[alice] Mined block #2045
INFO:full_node:[alice] Mined block #2046
INFO:full_node:[alice] Mined block #2047
INFO:full_node:[alice] Mined block #2048
INFO:full_node:[alice] Mined block #2049
INFO:full_node:[alice] Mined block #2050
INFO:full_node:[alice] Mined block #2051
INFO:full_node:[alice] Mined block #2052
INFO:full_node:[alice] Mined block #2053
INFO:full_node:[alice] Mined block #2054
INFO:full_node:[alice] Mined block #2055
INFO:full_node:[alice] Mined block #2056
INFO:full_node:[alice] Mined block #2057
INFO:full_node:[alice] Mined block #2058
INFO:full_node:[alice] Mined block #2059
INFO:full_node:[alice] Mined block #2060
INFO:full_node:[alice] Mined block #2061
INFO:full_node:[alice] Mined block #2062
INFO:full_node:[alice] Mined block #2063
INFO:full_node:[alice] Mined block #2064
INFO:full_node:[alice] Mined block #2065
INFO:full_node:[alice] Mined block #2066
INFO:full_node:[alice] Mined block #2067
INFO:full_node:[alice] Mined block #2068
INFO:full_node:[alice] Mined block #2069
INFO:full_node:[alice] Mined block #2070
INFO:full_node:[alice] Mined block #2071
INFO:full_node:[alice] Mined block #2072
INFO:full_node:[alice] Mined block #2073
INFO:full_node:[alice] Mined block #2074
INFO:full_node:[alice] Mined block #2075
INFO:full_node:[alice] Mined block #2076
INFO:full_node:[alice] Mined block #2077
INFO:full_node:[alice] Mined block #2078
INFO:full_node:[alice] Mined block #2079
INFO:full_node:[alice] Mined block #2080
INFO:full_node:[alice] Mined block #2081
INFO:full_node:[alice] Mined block #2082
INFO:full_node:[alice] Mined block #2083
INFO:full_node:[alice] Mined block #2084
INFO:full_node:[alice] Mined block #2085
INFO:full_node:[alice] Mined block #2086
INFO:full_node:[alice] Mined block #2087
INFO:full_node:[alice] Mined block #2088
INFO:full_node:[alice] Mined block #2089
INFO:full_node:[alice] Mined block #2090
INFO:full_node:[alice] Mined block #2091
INFO:full_node:[alice] Mined block #2092
INFO:full_node:[alice] Mined block #2093
INFO:full_node:[alice] Mined block #2094
INFO:full_node:[alice] Mined block #2095
INFO:full_node:[alice] Mined block #2096
INFO:full_node:[alice] Mined block #2097
INFO:full_node:[alice] Mined block #2098
INFO:full_node:[alice] Mined block #2099
INFO:full_node:[alice] Mined block #2100
INFO:full_node:[alice] Mined block #2101
INFO:full_node:[alice] Mined block #2102
INFO:full_node:[alice] Mined block #2103
INFO:full_node:[alice] Mined block #2104
INFO:full_node:[alice] Mined block #2105
INFO:full_node:[alice] Mined block #2106
INFO:full_node:[alice] Mined block #2107
INFO:full_node:[alice] Mined block #2108
INFO:full_node:[alice] Mined block #2109
INFO:full_node:[alice] Mined block #2110
INFO:full_node:[alice] Mined block #2111
INFO:full_node:[alice] Mined block #2112
INFO:full_node:[alice] Mined block #2113
INFO:full_node:[alice] Mined block #2114
INFO:full_node:[alice] Mined block #2115
INFO:full_node:[alice] Mined block #2116
INFO:full_node:[alice] Mined block #2117
INFO:full_node:[alice] Mined block #2118
INFO:full_node:[alice] Mined block #2119
INFO:full_node:[alice] Mined block #2120
INFO:full_node:[alice] Mined block #2121
INFO:full_node:[alice] Mined block #2122
INFO:full_node:[alice] Mined block #2123
INFO:full_node:[alice] Mined block #2124
INFO:full_node:[alice] Mined block #2125
INFO:full_node:[alice] Mined block #2126
INFO:full_node:[alice] Mined block #2127
INFO:full_node:[alice] Mined block #2128
INFO:full_node:[alice] Mined block #2129
INFO:full_node:[alice] Mined block #2130
INFO:full_node:[alice] Mined block #2131
INFO:full_node:[alice] Mined block #2132
INFO:full_node:[alice] Mined block #2133
INFO:full_node:[alice] Mined block #2134
INFO:full_node:[alice] Mined block #2135
INFO:full_node:[alice] Mined block #2136
INFO:full_node:[alice] Mined block #2137
INFO:full_node:[alice] Mined block #2138
INFO:full_node:[alice] Mined block #2139
INFO:full_node:[alice] Mined block #2140
INFO:full_node:[alice] Mined block #2141
INFO:full_node:[alice] Mined block #2142
INFO:full_node:[alice] Mined block #2143
INFO:full_node:[alice] Mined block #2144
INFO:full_node:[alice] Mined block #2145
INFO:full_node:[alice] Mined block #2146
INFO:full_node:[alice] Mined block #2147
INFO:full_node:[alice] Mined block #2148
INFO:full_node:[alice] Mined block #2149
INFO:full_node:[alice] Mined block #2150
INFO:full_node:[alice] Mined block #2151
INFO:full_node:[alice] Mined block #2152
INFO:full_node:[alice] Mined block #2153
INFO:full_node:[alice] Mined block #2154
INFO:full_node:[alice] Mined block #2155
INFO:full_node:[alice] Mined block #2156
INFO:full_node:[alice] Mined block #2157
INFO:full_node:[alice] Mined block #2158
INFO:full_node:[alice] Mined block #2159
INFO:full_node:[alice] Mined block #2160
INFO:full_node:[alice] Mined block #2161
INFO:full_node:[alice] Mined block #2162
INFO:full_node:[alice] Mined block #2163
INFO:full_node:[alice] Mined block #2164
INFO:full_node:[alice] Mined block #2165
INFO:full_node:[alice] Mined block #2166
INFO:full_node:[alice] Mined block #2167
INFO:full_node:[alice] Mined block #2168
INFO:full_node:[alice] Mined block #2169
INFO:full_node:[alice] Mined block #2170
INFO:full_node:[alice] Mined block #2171
INFO:full_node:[alice] Mined block #2172
INFO:full_node:[alice] Mined block #2173
INFO:full_node:[alice] Mined block #2174
INFO:full_node:[alice] Mined block #2175
INFO:full_node:[alice] Mined block #2176
INFO:full_node:[alice] Mined block #2177
INFO:full_node:[alice] Mined block #2178
INFO:full_node:[alice] Mined block #2179
INFO:full_node:[alice] Mined block #2180
INFO:full_node:[alice] Mined block #2181
INFO:full_node:[alice] Mined block #2182
INFO:full_node:[alice] Mined block #2183
INFO:full_node:[alice] Mined block #2184
INFO:full_node:[alice] Mined block #2185
INFO:full_node:[alice] Mined block #2186
INFO:full_node:[alice] Mined block #2187
INFO:full_node:[alice] Mined block #2188
INFO:full_node:[alice] Mined block #2189
INFO:full_node:[alice] Mined block #2190
INFO:full_node:[alice] Mined block #2191
INFO:full_node:[alice] Mined block #2192
INFO:full_node:[alice] Mined block #2193
INFO:full_node:[alice] Mined block #2194
INFO:full_node:[alice] Mined block #2195
INFO:full_node:[alice] Mined block #2196
INFO:full_node:[alice] Mined block #2197
INFO:full_node:[alice] Mined block #2198
INFO:full_node:[alice] Mined block #2199
INFO:full_node:[alice] Mined block #2200
INFO:full_node:[alice] Mined block #2201
INFO:full_node:[alice] Mined block #2202
INFO:full_node:[alice] Mined block #2203
INFO:full_node:[alice] Mined block #2204
INFO:full_node:[alice] Mined block #2205
INFO:full_node:[alice] Mined block #2206
INFO:full_node:[alice] Mined block #2207
INFO:full_node:[alice] Mined block #2208
INFO:full_node:[alice] Mined block #2209
INFO:full_node:[alice] Mined block #2210
INFO:full_node:[alice] Mined block #2211
INFO:full_node:[alice] Mined block #2212
INFO:full_node:[alice] Mined block #2213
INFO:full_node:[alice] Mined block #2214
INFO:full_node:[alice] Mined block #2215
INFO:full_node:[alice] Mined block #2216
INFO:full_node:[alice] Mined block #2217
INFO:full_node:[alice] Mined block #2218
INFO:full_node:[alice] Mined block #2219
INFO:full_node:[alice] Mined block #2220
INFO:full_node:[alice] Mined block #2221
INFO:full_node:[alice] Mined block #2222
INFO:full_node:[alice] Mined block #2223
INFO:full_node:[alice] Mined block #2224
INFO:full_node:[alice] Mined block #2225
INFO:full_node:[alice] Mined block #2226
INFO:full_node:[alice] Mined block #2227
INFO:full_node:[alice] Mined block #2228
INFO:full_node:[alice] Mined block #2229
INFO:full_node:[alice] Mined block #2230
INFO:full_node:[alice] Mined block #2231
INFO:full_node:[alice] Mined block #2232
INFO:full_node:[alice] Mined block #2233
INFO:full_node:[alice] Mined block #2234
INFO:full_node:[alice] Mined block #2235
INFO:full_node:[alice] Mined block #2236
INFO:full_node:[alice] Mined block #2237
INFO:full_node:[alice] Mined block #2238
INFO:full_node:[alice] Mined block #2239
INFO:full_node:[alice] Mined block #2240
INFO:full_node:[alice] Mined block #2241
INFO:full_node:[alice] Mined block #2242
INFO:full_node:[alice] Mined block #2243
INFO:full_node:[alice] Mined block #2244
INFO:full_node:[alice] Mined block #2245
INFO:full_node:[alice] Mined block #2246
INFO:full_node:[alice] Mined block #2247
INFO:full_node:[alice] Mined block #2248
INFO:full_node:[alice] Mined block #2249
INFO:full_node:[alice] Mined block #2250
INFO:full_node:[alice] Mined block #2251
INFO:full_node:[alice] Mined block #2252
INFO:full_node:[alice] Mined block #2253
INFO:full_node:[alice] Mined block #2254
INFO:full_node:[alice] Mined block #2255
INFO:full_node:[alice] Mined block #2256
INFO:full_node:[alice] Mined block #2257
INFO:full_node:[alice] Mined block #2258
INFO:full_node:[alice] Mined block #2259
INFO:full_node:[alice] Mined block #2260
INFO:full_node:[alice] Mined block #2261
INFO:full_node:[alice] Mined block #2262
INFO:full_node:[alice] Mined block #2263
INFO:full_node:[alice] Mined block #2264
INFO:full_node:[alice] Mined block #2265
INFO:full_node:[alice] Mined block #2266
INFO:full_node:[alice] Mined block #2267
INFO:full_node:[alice] Mined block #2268
INFO:full_node:[alice] Mined block #2269
INFO:full_node:[alice] Mined block #2270
INFO:full_node:[alice] Mined block #2271
INFO:full_node:[alice] Mined block #2272
INFO:full_node:[alice] Mined block #2273
INFO:full_node:[alice] Mined block #2274
INFO:full_node:[alice] Mined block #2275
INFO:full_node:[alice] Mined block #2276
INFO:full_node:[alice] Mined block #2277
INFO:full_node:[alice] Mined block #2278
INFO:full_node:[alice] Mined block #2279
INFO:full_node:[alice] Mined block #2280
INFO:full_node:[alice] Mined block #2281
INFO:full_node:[alice] Mined block #2282
INFO:full_node:[alice] Mined block #2283
INFO:full_node:[alice] Mined block #2284
INFO:full_node:[alice] Mined block #2285
INFO:full_node:[alice] Mined block #2286
INFO:full_node:[alice] Mined block #2287
INFO:full_node:[alice] Mined block #2288
INFO:full_node:[alice] Mined block #2289
INFO:full_node:[alice] Mined block #2290
INFO:full_node:[alice] Mined block #2291
INFO:full_node:[alice] Mined block #2292
INFO:full_node:[alice] Mined block #2293
INFO:full_node:[alice] Mined block #2294
INFO:full_node:[alice] Mined block #2295
INFO:full_node:[alice] Mined block #2296
INFO:full_node:[alice] Mined block #2297
INFO:full_node:[alice] Mined block #2298
INFO:full_node:[alice] Mined block #2299
INFO:full_node:[alice] Mined block #2300
INFO:full_node:[alice] Mined block #2301
INFO:full_node:[alice] Mined block #2302
INFO:full_node:[alice] Mined block #2303
INFO:full_node:[alice] Mined block #2304
INFO:full_node:[alice] Mined block #2305
INFO:full_node:[alice] Mined block #2306
INFO:full_node:[alice] Mined block #2307
INFO:full_node:[alice] Mined block #2308
INFO:full_node:[alice] Mined block #2309
INFO:full_node:[alice] Mined block #2310
INFO:full_node:[alice] Mined block #2311
INFO:full_node:[alice] Mined block #2312
INFO:full_node:[alice] Mined block #2313
INFO:full_node:[alice] Mined block #2314
INFO:full_node:[alice] Mined block #2315
INFO:full_node:[alice] Mined block #2316
INFO:full_node:[alice] Mined block #2317
INFO:full_node:[alice] Mined block #2318
INFO:full_node:[alice] Mined block #2319
INFO:full_node:[alice] Mined block #2320
INFO:full_node:[alice] Mined block #2321
INFO:full_node:[alice] Mined block #2322
INFO:full_node:[alice] Mined block #2323
INFO:full_node:[alice] Mined block #2324
INFO:full_node:[alice] Mined block #2325
INFO:full_node:[alice] Mined block #2326
INFO:full_node:[alice] Mined block #2327
INFO:full_node:[alice] Mined block #2328
INFO:full_node:[alice] Mined block #2329
INFO:full_node:[alice] Mined block #2330
INFO:full_node:[alice] Mined block #2331
INFO:full_node:[alice] Mined block #2332
INFO:full_node:[alice] Mined block #2333
INFO:full_node:[alice] Mined block #2334
INFO:full_node:[alice] Mined block #2335
INFO:full_node:[alice] Mined block #2336
INFO:full_node:[alice] Mined block #2337
INFO:full_node:[alice] Mined block #2338
INFO:full_node:[alice] Mined block #2339
INFO:full_node:[alice] Mined block #2340
INFO:full_node:[alice] Mined block #2341
INFO:full_node:[alice] Mined block #2342
INFO:full_node:[alice] Mined block #2343
INFO:full_node:[alice] Mined block #2344
INFO:full_node:[alice] Mined block #2345
INFO:full_node:[alice] Mined block #2346
INFO:full_node:[alice] Mined block #2347
INFO:full_node:[alice] Mined block #2348
INFO:full_node:[alice] Mined block #2349
INFO:full_node:[alice] Mined block #2350
INFO:full_node:[alice] Mined block #2351
INFO:full_node:[alice] Mined block #2352
INFO:full_node:[alice] Mined block #2353
INFO:full_node:[alice] Mined block #2354
INFO:full_node:[alice] Mined block #2355
INFO:full_node:[alice] Mined block #2356
INFO:full_node:[alice] Mined block #2357
INFO:full_node:[alice] Mined block #2358
INFO:full_node:[alice] Mined block #2359
INFO:full_node:[alice] Mined block #2360
INFO:full_node:[alice] Mined block #2361
INFO:full_node:[alice] Mined block #2362
INFO:full_node:[alice] Mined block #2363
INFO:full_node:[alice] Mined block #2364
INFO:full_node:[alice] Mined block #2365
INFO:full_node:[alice] Mined block #2366
INFO:full_node:[alice] Mined block #2367
INFO:full_node:[alice] Mined block #2368
INFO:full_node:[alice] Mined block #2369
INFO:full_node:[alice] Mined block #2370
INFO:full_node:[alice] Mined block #2371
INFO:full_node:[alice] Mined block #2372
INFO:full_node:[alice] Mined block #2373
INFO:full_node:[alice] Mined block #2374
INFO:full_node:[alice] Mined block #2375
INFO:full_node:[alice] Mined block #2376
INFO:full_node:[alice] Mined block #2377
INFO:full_node:[alice] Mined block #2378
INFO:full_node:[alice] Mined block #2379
INFO:full_node:[alice] Mined block #2380
INFO:full_node:[alice] Mined block #2381
INFO:full_node:[alice] Mined block #2382
INFO:full_node:[alice] Mined block #2383
INFO:full_node:[alice] Mined block #2384
INFO:full_node:[alice] Mined block #2385
INFO:full_node:[alice] Mined block #2386
INFO:full_node:[alice] Mined block #2387
INFO:full_node:[alice] Mined block #2388
INFO:full_node:[alice] Mined block #2389
INFO:full_node:[alice] Mined block #2390
INFO:full_node:[alice] Mined block #2391
INFO:full_node:[alice] Mined block #2392
INFO:full_node:[alice] Mined block #2393
INFO:full_node:[alice] Mined block #2394
INFO:full_node:[alice] Mined block #2395
INFO:full_node:[alice] Mined block #2396
INFO:full_node:[alice] Mined block #2397
INFO:full_node:[alice] Mined block #2398
INFO:full_node:[alice] Mined block #2399
INFO:full_node:[alice] Mined block #2400
INFO:full_node:[alice] Mined block #2401
INFO:full_node:[alice] Mined block #2402
INFO:full_node:[alice] Mined block #2403
INFO:full_node:[alice] Mined block #2404
INFO:full_node:[alice] Mined block #2405
INFO:full_node:[alice] Mined block #2406
INFO:full_node:[alice] Mined block #2407
INFO:full_node:[alice] Mined block #2408
INFO:full_node:[alice] Mined block #2409
INFO:full_node:[alice] Mined block #2410
INFO:full_node:[alice] Mined block #2411
INFO:full_node:[alice] Mined block #2412
INFO:full_node:[alice] Mined block #2413
INFO:full_node:[alice] Mined block #2414
INFO:full_node:[alice] Mined block #2415
INFO:full_node:[alice] Mined block #2416
INFO:full_node:[alice] Mined block #2417
INFO:full_node:[alice] Mined block #2418
INFO:full_node:[alice] Mined block #2419
INFO:full_node:[alice] Mined block #2420
INFO:full_node:[alice] Mined block #2421
INFO:full_node:[alice] Mined block #2422
INFO:full_node:[alice] Mined block #2423
INFO:full_node:[alice] Mined block #2424
INFO:full_node:[alice] Mined block #2425
INFO:full_node:[alice] Mined block #2426
INFO:full_node:[alice] Mined block #2427
INFO:full_node:[alice] Mined block #2428
INFO:full_node:[alice] Mined block #2429
INFO:full_node:[alice] Mined block #2430
INFO:full_node:[alice] Mined block #2431
INFO:full_node:[alice] Mined block #2432
INFO:full_node:[alice] Mined block #2433
INFO:full_node:[alice] Mined block #2434
INFO:full_node:[alice] Mined block #2435
INFO:full_node:[alice] Mined block #2436
INFO:full_node:[alice] Mined block #2437
INFO:full_node:[alice] Mined block #2438
INFO:full_node:[alice] Mined block #2439
INFO:full_node:[alice] Mined block #2440
INFO:full_node:[alice] Mined block #2441
INFO:full_node:[alice] Mined block #2442
INFO:full_node:[alice] Mined block #2443
INFO:full_node:[alice] Mined block #2444
INFO:full_node:[alice] Mined block #2445
INFO:full_node:[alice] Mined block #2446
INFO:full_node:[alice] Mined block #2447
INFO:full_node:[alice] Mined block #2448
INFO:full_node:[alice] Mined block #2449
INFO:full_node:[alice] Mined block #2450
INFO:full_node:[alice] Mined block #2451
INFO:full_node:[alice] Mined block #2452
INFO:full_node:[alice] Mined block #2453
INFO:full_node:[alice] Mined block #2454
INFO:full_node:[alice] Mined block #2455
INFO:full_node:[alice] Mined block #2456
INFO:full_node:[alice] Mined block #2457
INFO:full_node:[alice] Mined block #2458
INFO:full_node:[alice] Mined block #2459
INFO:full_node:[alice] Mined block #2460
INFO:full_node:[alice] Mined block #2461
INFO:full_node:[alice] Mined block #2462
INFO:full_node:[alice] Mined block #2463
INFO:full_node:[alice] Mined block #2464
INFO:full_node:[alice] Mined block #2465
INFO:full_node:[alice] Mined block #2466
INFO:full_node:[alice] Mined block #2467
INFO:full_node:[alice] Mined block #2468
INFO:full_node:[alice] Mined block #2469
INFO:full_node:[alice] Mined block #2470
INFO:full_node:[alice] Mined block #2471
INFO:full_node:[alice] Mined block #2472
INFO:full_node:[alice] Mined block #2473
INFO:full_node:[alice] Mined block #2474
INFO:full_node:[alice] Mined block #2475
INFO:full_node:[alice] Mined block #2476
INFO:full_node:[alice] Mined block #2477
INFO:full_node:[alice] Mined block #2478
INFO:full_node:[alice] Mined block #2479
INFO:full_node:[alice] Mined block #2480
INFO:full_node:[alice] Mined block #2481
INFO:full_node:[alice] Mined block #2482
INFO:full_node:[alice] Mined block #2483
INFO:full_node:[alice] Mined block #2484
INFO:full_node:[alice] Mined block #2485
INFO:full_node:[alice] Mined block #2486
INFO:full_node:[alice] Mined block #2487
INFO:full_node:[alice] Mined block #2488
INFO:full_node:[alice] Mined block #2489
INFO:full_node:[alice] Mined block #2490
INFO:full_node:[alice] Mined block #2491
INFO:full_node:[alice] Mined block #2492
INFO:full_node:[alice] Mined block #2493
INFO:full_node:[alice] Mined block #2494
INFO:full_node:[alice] Mined block #2495
INFO:full_node:[alice] Mined block #2496
INFO:full_node:[alice] Mined block #2497
INFO:full_node:[alice] Mined block #2498
INFO:full_node:[alice] Mined block #2499
INFO:full_node:[alice] Mined block #2500
INFO:full_node:[alice] Mined block #2501
INFO:full_node:[alice] Mined block #2502
INFO:full_node:[alice] Mined block #2503
INFO:full_node:[alice] Mined block #2504
INFO:full_node:[alice] Mined block #2505
INFO:full_node:[alice] Mined block #2506
INFO:full_node:[alice] Mined block #2507
INFO:full_node:[alice] Mined block #2508
INFO:full_node:[alice] Mined block #2509
INFO:full_node:[alice] Mined block #2510
INFO:full_node:[alice] Mined block #2511
INFO:full_node:[alice] Mined block #2512
INFO:full_node:[alice] Mined block #2513
INFO:full_node:[alice] Mined block #2514
INFO:full_node:[alice] Mined block #2515
INFO:full_node:[alice] Mined block #2516
INFO:full_node:[alice] Mined block #2517
INFO:full_node:[alice] Mined block #2518
INFO:full_node:[alice] Mined block #2519
INFO:full_node:[alice] Mined block #2520
INFO:full_node:[alice] Mined block #2521
INFO:full_node:[alice] Mined block #2522
INFO:full_node:[alice] Mined block #2523
INFO:full_node:[alice] Mined block #2524
INFO:full_node:[alice] Mined block #2525
INFO:full_node:[alice] Mined block #2526
INFO:full_node:[alice] Mined block #2527
INFO:full_node:[alice] Mined block #2528
INFO:full_node:[alice] Mined block #2529
INFO:full_node:[alice] Mined block #2530
INFO:full_node:[alice] Mined block #2531
INFO:full_node:[alice] Mined block #2532
INFO:full_node:[alice] Mined block #2533
INFO:full_node:[alice] Mined block #2534
INFO:full_node:[alice] Mined block #2535
INFO:full_node:[alice] Mined block #2536
INFO:full_node:[alice] Mined block #2537
INFO:full_node:[alice] Mined block #2538
INFO:full_node:[alice] Mined block #2539
INFO:full_node:[alice] Mined block #2540
INFO:full_node:[alice] Mined block #2541
INFO:full_node:[alice] Mined block #2542
INFO:full_node:[alice] Mined block #2543
INFO:full_node:[alice] Mined block #2544
INFO:full_node:[alice] Mined block #2545
INFO:full_node:[alice] Mined block #2546
INFO:full_node:[alice] Mined block #2547
INFO:full_node:[alice] Mined block #2548
INFO:full_node:[alice] Mined block #2549
INFO:full_node:[alice] Mined block #2550
INFO:full_node:[alice] Mined block #2551
INFO:full_node:[alice] Mined block #2552
INFO:full_node:[alice] Mined block #2553
INFO:full_node:[alice] Mined block #2554
INFO:full_node:[alice] Mined block #2555
INFO:full_node:[alice] Mined block #2556
INFO:full_node:[alice] Mined block #2557
INFO:full_node:[alice] Mined block #2558
INFO:full_node:[alice] Mined block #2559
INFO:full_node:[alice] Mined block #2560
INFO:full_node:[alice] Mined block #2561
INFO:full_node:[alice] Mined block #2562
INFO:full_node:[alice] Mined block #2563
INFO:full_node:[alice] Mined block #2564
INFO:full_node:[alice] Mined block #2565
INFO:full_node:[alice] Mined block #2566
INFO:full_node:[alice] Mined block #2567
INFO:full_node:[alice] Mined block #2568
INFO:full_node:[alice] Mined block #2569
INFO:full_node:[alice] Mined block #2570
INFO:full_node:[alice] Mined block #2571
INFO:full_node:[alice] Mined block #2572
INFO:full_node:[alice] Mined block #2573
INFO:full_node:[alice] Mined block #2574
INFO:full_node:[alice] Mined block #2575
INFO:full_node:[alice] Mined block #2576
INFO:full_node:[alice] Mined block #2577
INFO:full_node:[alice] Mined block #2578
INFO:full_node:[alice] Mined block #2579
INFO:full_node:[alice] Mined block #2580
INFO:full_node:[alice] Mined block #2581
INFO:full_node:[alice] Mined block #2582
INFO:full_node:[alice] Mined block #2583
INFO:full_node:[alice] Mined block #2584
INFO:full_node:[alice] Mined block #2585
INFO:full_node:[alice] Mined block #2586
INFO:full_node:[alice] Mined block #2587
INFO:full_node:[alice] Mined block #2588
INFO:full_node:[alice] Mined block #2589
INFO:full_node:[alice] Mined block #2590
INFO:full_node:[alice] Mined block #2591
INFO:full_node:[alice] Mined block #2592
INFO:full_node:[alice] Mined block #2593
INFO:full_node:[alice] Mined block #2594
INFO:full_node:[alice] Mined block #2595
INFO:full_node:[alice] Mined block #2596
INFO:full_node:[alice] Mined block #2597
INFO:full_node:[alice] Mined block #2598
INFO:full_node:[alice] Mined block #2599
INFO:full_node:[alice] Mined block #2600
INFO:full_node:[alice] Mined block #2601
INFO:full_node:[alice] Mined block #2602
INFO:full_node:[alice] Mined block #2603
INFO:full_node:[alice] Mined block #2604
INFO:full_node:[alice] Mined block #2605
INFO:full_node:[alice] Mined block #2606
INFO:full_node:[alice] Mined block #2607
INFO:full_node:[alice] Mined block #2608
INFO:full_node:[alice] Mined block #2609
INFO:full_node:[alice] Mined block #2610
INFO:full_node:[alice] Mined block #2611
INFO:full_node:[alice] Mined block #2612
INFO:full_node:[alice] Mined block #2613
INFO:full_node:[alice] Mined block #2614
INFO:full_node:[alice] Mined block #2615
INFO:full_node:[alice] Mined block #2616
INFO:full_node:[alice] Mined block #2617
INFO:full_node:[alice] Mined block #2618
INFO:full_node:[alice] Mined block #2619
INFO:full_node:[alice] Mined block #2620
INFO:full_node:[alice] Mined block #2621
INFO:full_node:[alice] Mined block #2622
INFO:full_node:[alice] Mined block #2623
INFO:full_node:[alice] Mined block #2624
INFO:full_node:[alice] Mined block #2625
INFO:full_node:[alice] Mined block #2626
INFO:full_node:[alice] Mined block #2627
INFO:full_node:[alice] Mined block #2628
INFO:full_node:[alice] Mined block #2629
INFO:full_node:[alice] Mined block #2630
INFO:full_node:[alice] Mined block #2631
INFO:full_node:[alice] Mined block #2632
INFO:full_node:[alice] Mined block #2633
INFO:full_node:[alice] Mined block #2634
INFO:full_node:[alice] Mined block #2635
INFO:full_node:[alice] Mined block #2636
INFO:full_node:[alice] Mined block #2637
INFO:full_node:[alice] Mined block #2638
INFO:full_node:[alice] Mined block #2639
INFO:full_node:[alice] Mined block #2640
INFO:full_node:[alice] Mined block #2641
INFO:full_node:[alice] Mined block #2642
INFO:full_node:[alice] Mined block #2643
INFO:full_node:[alice] Mined block #2644
INFO:full_node:[alice] Mined block #2645
INFO:full_node:[alice] Mined block #2646
INFO:full_node:[alice] Mined block #2647
INFO:full_node:[alice] Mined block #2648
INFO:full_node:[alice] Mined block #2649
INFO:full_node:[alice] Mined block #2650
INFO:full_node:[alice] Mined block #2651
INFO:full_node:[alice] Mined block #2652
INFO:full_node:[alice] Mined block #2653
INFO:full_node:[alice] Mined block #2654
INFO:full_node:[alice] Mined block #2655
INFO:full_node:[alice] Mined block #2656
INFO:full_node:[alice] Mined block #2657
INFO:full_node:[alice] Mined block #2658
INFO:full_node:[alice] Mined block #2659
INFO:full_node:[alice] Mined block #2660
INFO:full_node:[alice] Mined block #2661
INFO:full_node:[alice] Mined block #2662
INFO:full_node:[alice] Mined block #2663
INFO:full_node:[alice] Mined block #2664
INFO:full_node:[alice] Mined block #2665
INFO:full_node:[alice] Mined block #2666
INFO:full_node:[alice] Mined block #2667
INFO:full_node:[alice] Mined block #2668
INFO:full_node:[alice] Mined block #2669
INFO:full_node:[alice] Mined block #2670
INFO:full_node:[alice] Mined block #2671
INFO:full_node:[alice] Mined block #2672
INFO:full_node:[alice] Mined block #2673
INFO:full_node:[alice] Mined block #2674
INFO:full_node:[alice] Mined block #2675
INFO:full_node:[alice] Mined block #2676
INFO:full_node:[alice] Mined block #2677
INFO:full_node:[alice] Mined block #2678
INFO:full_node:[alice] Mined block #2679
INFO:full_node:[alice] Mined block #2680
INFO:full_node:[alice] Mined block #2681
INFO:full_node:[alice] Mined block #2682
INFO:full_node:[alice] Mined block #2683
INFO:full_node:[alice] Mined block #2684
INFO:full_node:[alice] Mined block #2685
INFO:full_node:[alice] Mined block #2686
INFO:full_node:[alice] Mined block #2687
INFO:full_node:[alice] Mined block #2688
INFO:full_node:[alice] Mined block #2689
INFO:full_node:[alice] Mined block #2690
INFO:full_node:[alice] Mined block #2691
INFO:full_node:[alice] Mined block #2692
INFO:full_node:[alice] Mined block #2693
INFO:full_node:[alice] Mined block #2694
INFO:full_node:[alice] Mined block #2695
INFO:full_node:[alice] Mined block #2696
INFO:full_node:[alice] Mined block #2697
INFO:full_node:[alice] Mined block #2698
INFO:full_node:[alice] Mined block #2699
INFO:full_node:[alice] Mined block #2700
INFO:full_node:[alice] Mined block #2701
INFO:full_node:[alice] Mined block #2702
INFO:full_node:[alice] Mined block #2703
INFO:full_node:[alice] Mined block #2704
INFO:full_node:[alice] Mined block #2705
INFO:full_node:[alice] Mined block #2706
INFO:full_node:[alice] Mined block #2707
INFO:full_node:[alice] Mined block #2708
INFO:full_node:[alice] Mined block #2709
INFO:full_node:[alice] Mined block #2710
INFO:full_node:[alice] Mined block #2711
INFO:full_node:[alice] Mined block #2712
INFO:full_node:[alice] Mined block #2713
INFO:full_node:[alice] Mined block #2714
INFO:full_node:[alice] Mined block #2715
INFO:full_node:[alice] Mined block #2716
INFO:full_node:[alice] Mined block #2717
INFO:full_node:[alice] Mined block #2718
INFO:full_node:[alice] Mined block #2719
INFO:full_node:[alice] Mined block #2720
INFO:full_node:[alice] Mined block #2721
INFO:full_node:[alice] Mined block #2722
INFO:full_node:[alice] Mined block #2723
INFO:full_node:[alice] Mined block #2724
INFO:full_node:[alice] Mined block #2725
INFO:full_node:[alice] Mined block #2726
INFO:full_node:[alice] Mined block #2727
INFO:full_node:[alice] Mined block #2728
INFO:full_node:[alice] Mined block #2729
INFO:full_node:[alice] Mined block #2730
INFO:full_node:[alice] Mined block #2731
INFO:full_node:[alice] Mined block #2732
INFO:full_node:[alice] Mined block #2733
INFO:full_node:[alice] Mined block #2734
INFO:full_node:[alice] Mined block #2735
INFO:full_node:[alice] Mined block #2736
INFO:full_node:[alice] Mined block #2737
INFO:full_node:[alice] Mined block #2738
INFO:full_node:[alice] Mined block #2739
INFO:full_node:[alice] Mined block #2740
INFO:full_node:[alice] Mined block #2741
INFO:full_node:[alice] Mined block #2742
INFO:full_node:[alice] Mined block #2743
INFO:full_node:[alice] Mined block #2744
INFO:full_node:[alice] Mined block #2745
INFO:full_node:[alice] Mined block #2746
INFO:full_node:[alice] Mined block #2747
INFO:full_node:[alice] Mined block #2748
INFO:full_node:[alice] Mined block #2749
INFO:full_node:[alice] Mined block #2750
INFO:full_node:[alice] Mined block #2751
INFO:full_node:[alice] Mined block #2752
INFO:full_node:[alice] Mined block #2753
INFO:full_node:[alice] Mined block #2754
INFO:full_node:[alice] Mined block #2755
INFO:full_node:[alice] Mined block #2756
INFO:full_node:[alice] Mined block #2757
INFO:full_node:[alice] Mined block #2758
INFO:full_node:[alice] Mined block #2759
INFO:full_node:[alice] Mined block #2760
INFO:full_node:[alice] Mined block #2761
INFO:full_node:[alice] Mined block #2762
INFO:full_node:[alice] Mined block #2763
INFO:full_node:[alice] Mined block #2764
INFO:full_node:[alice] Mined block #2765
INFO:full_node:[alice] Mined block #2766
INFO:full_node:[alice] Mined block #2767
INFO:full_node:[alice] Mined block #2768
INFO:full_node:[alice] Mined block #2769
INFO:full_node:[alice] Mined block #2770
INFO:full_node:[alice] Mined block #2771
INFO:full_node:[alice] Mined block #2772
INFO:full_node:[alice] Mined block #2773
INFO:full_node:[alice] Mined block #2774
INFO:full_node:[alice] Mined block #2775
INFO:full_node:[alice] Mined block #2776
INFO:full_node:[alice] Mined block #2777
INFO:full_node:[alice] Mined block #2778
INFO:full_node:[alice] Mined block #2779
INFO:full_node:[alice] Mined block #2780
INFO:full_node:[alice] Mined block #2781
INFO:full_node:[alice] Mined block #2782
INFO:full_node:[alice] Mined block #2783
INFO:full_node:[alice] Mined block #2784
INFO:full_node:[alice] Mined block #2785
INFO:full_node:[alice] Mined block #2786
INFO:full_node:[alice] Mined block #2787
INFO:full_node:[alice] Mined block #2788
INFO:full_node:[alice] Mined block #2789
INFO:full_node:[alice] Mined block #2790
INFO:full_node:[alice] Mined block #2791
INFO:full_node:[alice] Mined block #2792
INFO:full_node:[alice] Mined block #2793
INFO:full_node:[alice] Mined block #2794
INFO:full_node:[alice] Mined block #2795
INFO:full_node:[alice] Mined block #2796
INFO:full_node:[alice] Mined block #2797
INFO:full_node:[alice] Mined block #2798
INFO:full_node:[alice] Mined block #2799
INFO:full_node:[alice] Mined block #2800
INFO:full_node:[alice] Mined block #2801
INFO:full_node:[alice] Mined block #2802
INFO:full_node:[alice] Mined block #2803
INFO:full_node:[alice] Mined block #2804
INFO:full_node:[alice] Mined block #2805
INFO:full_node:[alice] Mined block #2806
INFO:full_node:[alice] Mined block #2807
INFO:full_node:[alice] Mined block #2808
INFO:full_node:[alice] Mined block #2809
INFO:full_node:[alice] Mined block #2810
INFO:full_node:[alice] Mined block #2811
INFO:full_node:[alice] Mined block #2812
INFO:full_node:[alice] Mined block #2813
INFO:full_node:[alice] Mined block #2814
INFO:full_node:[alice] Mined block #2815
INFO:full_node:[alice] Mined block #2816
INFO:full_node:[alice] Mined block #2817
INFO:full_node:[alice] Mined block #2818
INFO:full_node:[alice] Mined block #2819
INFO:full_node:[alice] Mined block #2820
INFO:full_node:[alice] Mined block #2821
INFO:full_node:[alice] Mined block #2822
INFO:full_node:[alice] Mined block #2823
INFO:full_node:[alice] Mined block #2824
INFO:full_node:[alice] Mined block #2825
INFO:full_node:[alice] Mined block #2826
INFO:full_node:[alice] Mined block #2827
INFO:full_node:[alice] Mined block #2828
INFO:full_node:[alice] Mined block #2829
INFO:full_node:[alice] Mined block #2830
INFO:full_node:[alice] Mined block #2831
INFO:full_node:[alice] Mined block #2832
INFO:full_node:[alice] Mined block #2833
INFO:full_node:[alice] Mined block #2834
INFO:full_node:[alice] Mined block #2835
INFO:full_node:[alice] Mined block #2836
INFO:full_node:[alice] Mined block #2837
INFO:full_node:[alice] Mined block #2838
INFO:full_node:[alice] Mined block #2839
INFO:full_node:[alice] Mined block #2840
INFO:full_node:[alice] Mined block #2841
INFO:full_node:[alice] Mined block #2842
INFO:full_node:[alice] Mined block #2843
INFO:full_node:[alice] Mined block #2844
INFO:full_node:[alice] Mined block #2845
INFO:full_node:[alice] Mined block #2846
INFO:full_node:[alice] Mined block #2847
INFO:full_node:[alice] Mined block #2848
INFO:full_node:[alice] Mined block #2849
INFO:full_node:[alice] Mined block #2850
INFO:full_node:[alice] Mined block #2851
INFO:full_node:[alice] Mined block #2852
INFO:full_node:[alice] Mined block #2853
INFO:full_node:[alice] Mined block #2854
INFO:full_node:[alice] Mined block #2855
INFO:full_node:[alice] Mined block #2856
INFO:full_node:[alice] Mined block #2857
INFO:full_node:[alice] Mined block #2858
INFO:full_node:[alice] Mined block #2859
INFO:full_node:[alice] Mined block #2860
INFO:full_node:[alice] Mined block #2861
INFO:full_node:[alice] Mined block #2862
INFO:full_node:[alice] Mined block #2863
INFO:full_node:[alice] Mined block #2864
INFO:full_node:[alice] Mined block #2865
INFO:full_node:[alice] Mined block #2866
INFO:full_node:[alice] Mined block #2867
INFO:full_node:[alice] Mined block #2868
INFO:full_node:[alice] Mined block #2869
INFO:full_node:[alice] Mined block #2870
INFO:full_node:[alice] Mined block #2871
INFO:full_node:[alice] Mined block #2872
INFO:full_node:[alice] Mined block #2873
INFO:full_node:[alice] Mined block #2874
INFO:full_node:[alice] Mined block #2875
INFO:full_node:[alice] Mined block #2876
INFO:full_node:[alice] Mined block #2877
INFO:full_node:[alice] Mined block #2878
INFO:full_node:[alice] Mined block #2879
INFO:full_node:[alice] Mined block #2880
INFO:full_node:[alice] Mined block #2881
INFO:full_node:[alice] Mined block #2882
INFO:full_node:[alice] Mined block #2883
INFO:full_node:[alice] Mined block #2884
INFO:full_node:[alice] Mined block #2885
INFO:full_node:[alice] Mined block #2886
INFO:full_node:[alice] Mined block #2887
INFO:full_node:[alice] Mined block #2888
INFO:full_node:[alice] Mined block #2889
INFO:full_node:[alice] Mined block #2890
INFO:full_node:[alice] Mined block #2891
INFO:full_node:[alice] Mined block #2892
INFO:full_node:[alice] Mined block #2893
INFO:full_node:[alice] Mined block #2894
INFO:full_node:[alice] Mined block #2895
INFO:full_node:[alice] Mined block #2896
INFO:full_node:[alice] Mined block #2897
INFO:full_node:[alice] Mined block #2898
INFO:full_node:[alice] Mined block #2899
INFO:full_node:[alice] Mined block #2900
INFO:full_node:[alice] Mined block #2901
INFO:full_node:[alice] Mined block #2902
INFO:full_node:[alice] Mined block #2903
INFO:full_node:[alice] Mined block #2904
INFO:full_node:[alice] Mined block #2905
INFO:full_node:[alice] Mined block #2906
INFO:full_node:[alice] Mined block #2907
INFO:full_node:[alice] Mined block #2908
INFO:full_node:[alice] Mined block #2909
INFO:full_node:[alice] Mined block #2910
INFO:full_node:[alice] Mined block #2911
INFO:full_node:[alice] Mined block #2912
INFO:full_node:[alice] Mined block #2913
INFO:full_node:[alice] Mined block #2914
INFO:full_node:[alice] Mined block #2915
INFO:full_node:[alice] Mined block #2916
INFO:full_node:[alice] Mined block #2917
INFO:full_node:[alice] Mined block #2918
INFO:full_node:[alice] Mined block #2919
INFO:full_node:[alice] Mined block #2920
INFO:full_node:[alice] Mined block #2921
INFO:full_node:[alice] Mined block #2922
INFO:full_node:[alice] Mined block #2923
INFO:full_node:[alice] Mined block #2924
INFO:full_node:[alice] Mined block #2925
INFO:full_node:[alice] Mined block #2926
INFO:full_node:[alice] Mined block #2927
INFO:full_node:[alice] Mined block #2928
INFO:full_node:[alice] Mined block #2929
INFO:full_node:[alice] Mined block #2930
INFO:full_node:[alice] Mined block #2931
INFO:full_node:[alice] Mined block #2932
INFO:full_node:[alice] Mined block #2933
INFO:full_node:[alice] Mined block #2934
INFO:full_node:[alice] Mined block #2935
INFO:full_node:[alice] Mined block #2936
INFO:full_node:[alice] Mined block #2937
INFO:full_node:[alice] Mined block #2938
INFO:full_node:[alice] Mined block #2939
INFO:full_node:[alice] Mined block #2940
INFO:full_node:[alice] Mined block #2941
INFO:full_node:[alice] Mined block #2942
INFO:full_node:[alice] Mined block #2943
INFO:full_node:[alice] Mined block #2944
INFO:full_node:[alice] Mined block #2945
INFO:full_node:[alice] Mined block #2946
INFO:full_node:[alice] Mined block #2947
INFO:full_node:[alice] Mined block #2948
INFO:full_node:[alice] Mined block #2949
INFO:full_node:[alice] Mined block #2950
INFO:full_node:[alice] Mined block #2951
INFO:full_node:[alice] Mined block #2952
INFO:full_node:[alice] Mined block #2953
INFO:full_node:[alice] Mined block #2954
INFO:full_node:[alice] Mined block #2955
INFO:full_node:[alice] Mined block #2956
INFO:full_node:[alice] Mined block #2957
INFO:full_node:[alice] Mined block #2958
INFO:full_node:[alice] Mined block #2959
INFO:full_node:[alice] Mined block #2960
INFO:full_node:[alice] Mined block #2961
INFO:full_node:[alice] Mined block #2962
INFO:full_node:[alice] Mined block #2963
INFO:full_node:[alice] Mined block #2964
INFO:full_node:[alice] Mined block #2965
INFO:full_node:[alice] Mined block #2966
INFO:full_node:[alice] Mined block #2967
INFO:full_node:[alice] Mined block #2968
INFO:full_node:[alice] Mined block #2969
INFO:full_node:[alice] Mined block #2970
INFO:full_node:[alice] Mined block #2971
INFO:full_node:[alice] Mined block #2972
INFO:full_node:[alice] Mined block #2973
INFO:full_node:[alice] Mined block #2974
INFO:full_node:[alice] Mined block #2975
INFO:full_node:[alice] Mined block #2976
INFO:full_node:[alice] Mined block #2977
INFO:full_node:[alice] Mined block #2978
INFO:full_node:[alice] Mined block #2979
INFO:full_node:[alice] Mined block #2980
INFO:full_node:[alice] Mined block #2981
INFO:full_node:[alice] Mined block #2982
INFO:full_node:[alice] Mined block #2983
INFO:full_node:[alice] Mined block #2984
INFO:full_node:[alice] Mined block #2985
INFO:full_node:[alice] Mined block #2986
INFO:full_node:[alice] Mined block #2987
INFO:full_node:[alice] Mined block #2988
INFO:full_node:[alice] Mined block #2989
INFO:full_node:[alice] Mined block #2990
INFO:full_node:[alice] Mined block #2991
INFO:full_node:[alice] Mined block #2992
INFO:full_node:[alice] Mined block #2993
INFO:full_node:[alice] Mined block #2994
INFO:full_node:[alice] Mined block #2995
INFO:full_node:[alice] Mined block #2996
INFO:full_node:[alice] Mined block #2997
INFO:full_node:[alice] Mined block #2998
INFO:full_node:[alice] Mined block #2999
INFO:full_node:[alice] Mined block #3000
INFO:full_node:[alice] Mined block #3001
INFO:full_node:[alice] Mined block #3002
INFO:full_node:[alice] Mined block #3003
INFO:full_node:[alice] Mined block #3004
INFO:full_node:[alice] Mined block #3005
INFO:full_node:[alice] Mined block #3006
INFO:full_node:[alice] Mined block #3007
INFO:full_node:[alice] Mined block #3008
INFO:full_node:[alice] Mined block #3009
INFO:full_node:[alice] Mined block #3010
INFO:full_node:[alice] Mined block #3011
INFO:full_node:[alice] Mined block #3012
INFO:full_node:[alice] Mined block #3013
INFO:full_node:[alice] Mined block #3014
INFO:full_node:[alice] Mined block #3015
INFO:full_node:[alice] Mined block #3016
INFO:full_node:[alice] Mined block #3017
INFO:full_node:[alice] Mined block #3018
INFO:full_node:[alice] Mined block #3019
INFO:full_node:[alice] Mined block #3020
INFO:full_node:[alice] Mined block #3021
INFO:full_node:[alice] Mined block #3022
INFO:full_node:[alice] Mined block #3023
INFO:full_node:[alice] Mined block #3024
INFO:full_node:[alice] Mined block #3025
INFO:full_node:[alice] Mined block #3026
INFO:full_node:[alice] Mined block #3027
INFO:full_node:[alice] Mined block #3028
INFO:full_node:[alice] Mined block #3029
INFO:full_node:[alice] Mined block #3030
INFO:full_node:[alice] Mined block #3031
INFO:full_node:[alice] Mined block #3032
INFO:full_node:[alice] Mined block #3033
INFO:full_node:[alice] Mined block #3034
INFO:full_node:[alice] Mined block #3035
INFO:full_node:[alice] Mined block #3036
INFO:full_node:[alice] Mined block #3037
INFO:full_node:[alice] Mined block #3038
INFO:full_node:[alice] Mined block #3039
INFO:full_node:[alice] Mined block #3040
INFO:full_node:[alice] Mined block #3041
INFO:full_node:[alice] Mined block #3042
INFO:full_node:[alice] Mined block #3043
INFO:full_node:[alice] Mined block #3044
INFO:full_node:[alice] Mined block #3045
INFO:full_node:[alice] Mined block #3046
INFO:full_node:[alice] Mined block #3047
INFO:full_node:[alice] Mined block #3048
INFO:full_node:[alice] Mined block #3049
INFO:full_node:[alice] Mined block #3050
INFO:full_node:[alice] Mined block #3051
INFO:full_node:[alice] Mined block #3052
INFO:full_node:[alice] Mined block #3053
INFO:full_node:[alice] Mined block #3054
INFO:full_node:[alice] Mined block #3055
INFO:full_node:[alice] Mined block #3056
INFO:full_node:[alice] Mined block #3057
INFO:full_node:[alice] Mined block #3058
INFO:full_node:[alice] Mined block #3059
INFO:full_node:[alice] Mined block #3060
INFO:full_node:[alice] Mined block #3061
INFO:full_node:[alice] Mined block #3062
INFO:full_node:[alice] Mined block #3063
INFO:full_node:[alice] Mined block #3064
INFO:full_node:[alice] Mined block #3065
INFO:full_node:[alice] Mined block #3066
INFO:full_node:[alice] Mined block #3067
INFO:full_node:[alice] Mined block #3068
INFO:full_node:[alice] Mined block #3069
INFO:full_node:[alice] Mined block #3070
INFO:full_node:[alice] Mined block #3071
INFO:full_node:[alice] Mined block #3072
INFO:full_node:[alice] Mined block #3073
INFO:full_node:[alice] Mined block #3074
INFO:full_node:[alice] Mined block #3075
INFO:full_node:[alice] Mined block #3076
INFO:full_node:[alice] Mined block #3077
INFO:full_node:[alice] Mined block #3078
INFO:full_node:[alice] Mined block #3079
INFO:full_node:[alice] Mined block #3080
INFO:full_node:[alice] Mined block #3081
INFO:full_node:[alice] Mined block #3082
INFO:full_node:[alice] Mined block #3083
INFO:full_node:[alice] Mined block #3084
INFO:full_node:[alice] Mined block #3085
INFO:full_node:[alice] Mined block #3086
INFO:full_node:[alice] Mined block #3087
INFO:full_node:[alice] Mined block #3088
INFO:full_node:[alice] Mined block #3089
INFO:full_node:[alice] Mined block #3090
INFO:full_node:[alice] Mined block #3091
INFO:full_node:[alice] Mined block #3092
INFO:full_node:[alice] Mined block #3093
INFO:full_node:[alice] Mined block #3094
INFO:full_node:[alice] Mined block #3095
INFO:full_node:[alice] Mined block #3096
INFO:full_node:[alice] Mined block #3097
INFO:full_node:[alice] Mined block #3098
INFO:full_node:[alice] Mined block #3099
INFO:full_node:[alice] Mined block #3100
INFO:full_node:[alice] Mined block #3101
INFO:full_node:[alice] Mined block #3102
INFO:full_node:[alice] Mined block #3103
INFO:full_node:[alice] Mined block #3104
INFO:full_node:[alice] Mined block #3105
INFO:full_node:[alice] Mined block #3106
INFO:full_node:[alice] Mined block #3107
INFO:full_node:[alice] Mined block #3108
INFO:full_node:[alice] Mined block #3109
INFO:full_node:[alice] Mined block #3110
INFO:full_node:[alice] Mined block #3111
INFO:full_node:[alice] Mined block #3112
INFO:full_node:[alice] Mined block #3113
INFO:full_node:[alice] Mined block #3114
INFO:full_node:[alice] Mined block #3115
INFO:full_node:[alice] Mined block #3116
INFO:full_node:[alice] Mined block #3117
INFO:full_node:[alice] Mined block #3118
INFO:full_node:[alice] Mined block #3119
INFO:full_node:[alice] Mined block #3120
INFO:full_node:[alice] Mined block #3121
INFO:full_node:[alice] Mined block #3122
INFO:full_node:[alice] Mined block #3123
INFO:full_node:[alice] Mined block #3124
INFO:full_node:[alice] Mined block #3125
INFO:full_node:[alice] Mined block #3126
INFO:full_node:[alice] Mined block #3127
INFO:full_node:[alice] Mined block #3128
INFO:full_node:[alice] Mined block #3129
INFO:full_node:[alice] Mined block #3130
INFO:full_node:[alice] Mined block #3131
INFO:full_node:[alice] Mined block #3132
INFO:full_node:[alice] Mined block #3133
INFO:full_node:[alice] Mined block #3134
INFO:full_node:[alice] Mined block #3135
INFO:full_node:[alice] Mined block #3136
INFO:full_node:[alice] Mined block #3137
INFO:full_node:[alice] Mined block #3138
INFO:full_node:[alice] Mined block #3139
INFO:full_node:[alice] Mined block #3140
INFO:full_node:[alice] Mined block #3141
INFO:full_node:[alice] Mined block #3142
INFO:full_node:[alice] Mined block #3143
INFO:full_node:[alice] Mined block #3144
INFO:full_node:[alice] Mined block #3145
INFO:full_node:[alice] Mined block #3146
INFO:full_node:[alice] Mined block #3147
INFO:full_node:[alice] Mined block #3148
INFO:full_node:[alice] Mined block #3149
INFO:full_node:[alice] Mined block #3150
INFO:full_node:[alice] Mined block #3151
INFO:full_node:[alice] Mined block #3152
INFO:full_node:[alice] Mined block #3153
INFO:full_node:[alice] Mined block #3154
INFO:full_node:[alice] Mined block #3155
INFO:full_node:[alice] Mined block #3156
INFO:full_node:[alice] Mined block #3157
INFO:full_node:[alice] Mined block #3158
INFO:full_node:[alice] Mined block #3159
INFO:full_node:[alice] Mined block #3160
INFO:full_node:[alice] Mined block #3161
INFO:full_node:[alice] Mined block #3162
INFO:full_node:[alice] Mined block #3163
INFO:full_node:[alice] Mined block #3164
INFO:full_node:[alice] Mined block #3165
INFO:full_node:[alice] Mined block #3166
INFO:full_node:[alice] Mined block #3167
INFO:full_node:[alice] Mined block #3168
INFO:full_node:[alice] Mined block #3169
INFO:full_node:[alice] Mined block #3170
INFO:full_node:[alice] Mined block #3171
INFO:full_node:[alice] Mined block #3172
INFO:full_node:[alice] Mined block #3173
INFO:full_node:[alice] Mined block #3174
INFO:full_node:[alice] Mined block #3175
INFO:full_node:[alice] Mined block #3176
INFO:full_node:[alice] Mined block #3177
INFO:full_node:[alice] Mined block #3178
INFO:full_node:[alice] Mined block #3179
INFO:full_node:[alice] Mined block #3180
INFO:full_node:[alice] Mined block #3181
INFO:full_node:[alice] Mined block #3182
INFO:full_node:[alice] Mined block #3183
INFO:full_node:[alice] Mined block #3184
INFO:full_node:[alice] Mined block #3185
INFO:full_node:[alice] Mined block #3186
INFO:full_node:[alice] Mined block #3187
INFO:full_node:[alice] Mined block #3188
INFO:full_node:[alice] Mined block #3189
INFO:full_node:[alice] Mined block #3190
INFO:full_node:[alice] Mined block #3191
INFO:full_node:[alice] Mined block #3192
INFO:full_node:[alice] Mined block #3193
INFO:full_node:[alice] Mined block #3194
INFO:full_node:[alice] Mined block #3195
INFO:full_node:[alice] Mined block #3196
INFO:full_node:[alice] Mined block #3197
INFO:full_node:[alice] Mined block #3198
INFO:full_node:[alice] Mined block #3199
INFO:full_node:[alice] Mined block #3200
INFO:full_node:[alice] Mined block #3201
INFO:full_node:[alice] Mined block #3202
INFO:full_node:[alice] Mined block #3203
INFO:full_node:[alice] Mined block #3204
INFO:full_node:[alice] Mined block #3205
INFO:full_node:[alice] Mined block #3206
INFO:full_node:[alice] Mined block #3207
INFO:full_node:[alice] Mined block #3208
INFO:full_node:[alice] Mined block #3209
INFO:full_node:[alice] Mined block #3210
INFO:full_node:[alice] Mined block #3211
INFO:full_node:[alice] Mined block #3212
INFO:full_node:[alice] Mined block #3213
INFO:full_node:[alice] Mined block #3214
INFO:full_node:[alice] Mined block #3215
INFO:full_node:[alice] Mined block #3216
INFO:full_node:[alice] Mined block #3217
INFO:full_node:[alice] Mined block #3218
INFO:full_node:[alice] Mined block #3219
INFO:full_node:[alice] Mined block #3220
INFO:full_node:[alice] Mined block #3221
INFO:full_node:[alice] Mined block #3222
INFO:full_node:[alice] Mined block #3223
INFO:full_node:[alice] Mined block #3224
INFO:full_node:[alice] Mined block #3225
INFO:full_node:[alice] Mined block #3226
INFO:full_node:[alice] Mined block #3227
INFO:full_node:[alice] Mined block #3228
INFO:full_node:[alice] Mined block #3229
INFO:full_node:[alice] Mined block #3230
INFO:full_node:[alice] Mined block #3231
INFO:full_node:[alice] Mined block #3232
INFO:full_node:[alice] Mined block #3233
INFO:full_node:[alice] Mined block #3234
INFO:full_node:[alice] Mined block #3235
INFO:full_node:[alice] Mined block #3236
INFO:full_node:[alice] Mined block #3237
INFO:full_node:[alice] Mined block #3238
INFO:full_node:[alice] Mined block #3239
INFO:full_node:[alice] Mined block #3240
INFO:full_node:[alice] Mined block #3241
INFO:full_node:[alice] Mined block #3242
INFO:full_node:[alice] Mined block #3243
INFO:full_node:[alice] Mined block #3244
INFO:full_node:[alice] Mined block #3245
INFO:full_node:[alice] Mined block #3246
INFO:full_node:[alice] Mined block #3247
INFO:full_node:[alice] Mined block #3248
INFO:full_node:[alice] Mined block #3249
INFO:full_node:[alice] Mined block #3250
INFO:full_node:[alice] Mined block #3251
INFO:full_node:[alice] Mined block #3252
INFO:full_node:[alice] Mined block #3253
INFO:full_node:[alice] Mined block #3254
INFO:full_node:[alice] Mined block #3255
INFO:full_node:[alice] Mined block #3256
INFO:full_node:[alice] Mined block #3257
INFO:full_node:[alice] Mined block #3258
INFO:full_node:[alice] Mined block #3259
INFO:full_node:[alice] Mined block #3260
INFO:full_node:[alice] Mined block #3261
INFO:full_node:[alice] Mined block #3262
INFO:full_node:[alice] Mined block #3263
INFO:full_node:[alice] Mined block #3264
INFO:full_node:[alice] Mined block #3265
INFO:full_node:[alice] Mined block #3266
INFO:full_node:[alice] Mined block #3267
INFO:full_node:[alice] Mined block #3268
INFO:full_node:[alice] Mined block #3269
INFO:full_node:[alice] Mined block #3270
INFO:full_node:[alice] Mined block #3271
INFO:full_node:[alice] Mined block #3272
INFO:full_node:[alice] Mined block #3273
INFO:full_node:[alice] Mined block #3274
INFO:full_node:[alice] Mined block #3275
INFO:full_node:[alice] Mined block #3276
INFO:full_node:[alice] Mined block #3277
INFO:full_node:[alice] Mined block #3278
INFO:full_node:[alice] Mined block #3279
INFO:full_node:[alice] Mined block #3280
INFO:full_node:[alice] Mined block #3281
INFO:full_node:[alice] Mined block #3282
INFO:full_node:[alice] Mined block #3283
INFO:full_node:[alice] Mined block #3284
INFO:full_node:[alice] Mined block #3285
INFO:full_node:[alice] Mined block #3286
INFO:full_node:[alice] Mined block #3287
INFO:full_node:[alice] Mined block #3288
INFO:full_node:[alice] Mined block #3289
INFO:full_node:[alice] Mined block #3290
INFO:full_node:[alice] Mined block #3291
INFO:full_node:[alice] Mined block #3292
INFO:full_node:[alice] Mined block #3293
INFO:full_node:[alice] Mined block #3294
INFO:full_node:[alice] Mined block #3295
INFO:full_node:[alice] Mined block #3296
INFO:full_node:[alice] Mined block #3297
INFO:full_node:[alice] Mined block #3298
INFO:full_node:[alice] Mined block #3299
INFO:full_node:[alice] Mined block #3300
INFO:full_node:[alice] Mined block #3301
INFO:full_node:[alice] Mined block #3302
INFO:full_node:[alice] Mined block #3303
INFO:full_node:[alice] Mined block #3304
INFO:full_node:[alice] Mined block #3305
INFO:full_node:[alice] Mined block #3306
INFO:full_node:[alice] Mined block #3307
INFO:full_node:[alice] Mined block #3308
INFO:full_node:[alice] Mined block #3309
INFO:full_node:[alice] Mined block #3310
INFO:full_node:[alice] Mined block #3311
INFO:full_node:[alice] Mined block #3312
INFO:full_node:[alice] Mined block #3313
INFO:full_node:[alice] Mined block #3314
INFO:full_node:[alice] Mined block #3315
INFO:full_node:[alice] Mined block #3316
INFO:full_node:[alice] Mined block #3317
INFO:full_node:[alice] Mined block #3318
INFO:full_node:[alice] Mined block #3319
INFO:full_node:[alice] Mined block #3320
INFO:full_node:[alice] Mined block #3321
INFO:full_node:[alice] Mined block #3322
INFO:full_node:[alice] Mined block #3323
INFO:full_node:[alice] Mined block #3324
INFO:full_node:[alice] Mined block #3325
INFO:full_node:[alice] Mined block #3326
INFO:full_node:[alice] Mined block #3327
INFO:full_node:[alice] Mined block #3328
INFO:full_node:[alice] Mined block #3329
INFO:full_node:[alice] Mined block #3330
INFO:full_node:[alice] Mined block #3331
INFO:full_node:[alice] Mined block #3332
INFO:full_node:[alice] Mined block #3333
INFO:full_node:[alice] Mined block #3334
INFO:full_node:[alice] Mined block #3335
INFO:full_node:[alice] Mined block #3336
INFO:full_node:[alice] Mined block #3337
INFO:full_node:[alice] Mined block #3338
INFO:full_node:[alice] Mined block #3339
INFO:full_node:[alice] Mined block #3340
INFO:full_node:[alice] Mined block #3341
INFO:full_node:[alice] Mined block #3342
INFO:full_node:[alice] Mined block #3343
INFO:full_node:[alice] Mined block #3344
INFO:full_node:[alice] Mined block #3345
INFO:full_node:[alice] Mined block #3346
INFO:full_node:[alice] Mined block #3347
INFO:full_node:[alice] Mined block #3348
INFO:full_node:[alice] Mined block #3349
INFO:full_node:[alice] Mined block #3350
INFO:full_node:[alice] Mined block #3351
INFO:full_node:[alice] Mined block #3352
INFO:full_node:[alice] Mined block #3353
INFO:full_node:[alice] Mined block #3354
INFO:full_node:[alice] Mined block #3355
INFO:full_node:[alice] Mined block #3356
INFO:full_node:[alice] Mined block #3357
INFO:full_node:[alice] Mined block #3358
INFO:full_node:[alice] Mined block #3359
INFO:full_node:[alice] Mined block #3360
INFO:full_node:[alice] Mined block #3361
INFO:full_node:[alice] Mined block #3362
INFO:full_node:[alice] Mined block #3363
INFO:full_node:[alice] Mined block #3364
INFO:full_node:[alice] Mined block #3365
INFO:full_node:[alice] Mined block #3366
INFO:full_node:[alice] Mined block #3367
INFO:full_node:[alice] Mined block #3368
INFO:full_node:[alice] Mined block #3369
INFO:full_node:[alice] Mined block #3370
INFO:full_node:[alice] Mined block #3371
INFO:full_node:[alice] Mined block #3372
INFO:full_node:[alice] Mined block #3373
INFO:full_node:[alice] Mined block #3374
INFO:full_node:[alice] Mined block #3375
INFO:full_node:[alice] Mined block #3376
INFO:full_node:[alice] Mined block #3377
INFO:full_node:[alice] Mined block #3378
INFO:full_node:[alice] Mined block #3379
INFO:full_node:[alice] Mined block #3380
INFO:full_node:[alice] Mined block #3381
INFO:full_node:[alice] Mined block #3382
INFO:full_node:[alice] Mined block #3383
INFO:full_node:[alice] Mined block #3384
INFO:full_node:[alice] Mined block #3385
INFO:full_node:[alice] Mined block #3386
INFO:full_node:[alice] Mined block #3387
INFO:full_node:[alice] Mined block #3388
INFO:full_node:[alice] Mined block #3389
INFO:full_node:[alice] Mined block #3390
INFO:full_node:[alice] Mined block #3391
INFO:full_node:[alice] Mined block #3392
INFO:full_node:[alice] Mined block #3393
INFO:full_node:[alice] Mined block #3394
INFO:full_node:[alice] Mined block #3395
INFO:full_node:[alice] Mined block #3396
INFO:full_node:[alice] Mined block #3397
INFO:full_node:[alice] Mined block #3398
INFO:full_node:[alice] Mined block #3399
INFO:full_node:[alice] Mined block #3400
INFO:full_node:[alice] Mined block #3401
INFO:full_node:[alice] Mined block #3402
INFO:full_node:[alice] Mined block #3403
INFO:full_node:[alice] Mined block #3404
INFO:full_node:[alice] Mined block #3405
INFO:full_node:[alice] Mined block #3406
INFO:full_node:[alice] Mined block #3407
INFO:full_node:[alice] Mined block #3408
INFO:full_node:[alice] Mined block #3409
INFO:full_node:[alice] Mined block #3410
INFO:full_node:[alice] Mined block #3411
INFO:full_node:[alice] Mined block #3412
INFO:full_node:[alice] Mined block #3413
INFO:full_node:[alice] Mined block #3414
INFO:full_node:[alice] Mined block #3415
INFO:full_node:[alice] Mined block #3416
INFO:full_node:[alice] Mined block #3417
INFO:full_node:[alice] Mined block #3418
INFO:full_node:[alice] Mined block #3419
INFO:full_node:[alice] Mined block #3420
INFO:full_node:[alice] Mined block #3421
INFO:full_node:[alice] Mined block #3422
INFO:full_node:[alice] Mined block #3423
INFO:full_node:[alice] Mined block #3424
INFO:full_node:[alice] Mined block #3425
INFO:full_node:[alice] Mined block #3426
INFO:full_node:[alice] Mined block #3427
INFO:full_node:[alice] Mined block #3428
INFO:full_node:[alice] Mined block #3429
INFO:full_node:[alice] Mined block #3430
INFO:full_node:[alice] Mined block #3431
INFO:full_node:[alice] Mined block #3432
INFO:full_node:[alice] Mined block #3433
INFO:full_node:[alice] Mined block #3434
INFO:full_node:[alice] Mined block #3435
INFO:full_node:[alice] Mined block #3436
INFO:full_node:[alice] Mined block #3437
INFO:full_node:[alice] Mined block #3438
INFO:full_node:[alice] Mined block #3439
INFO:full_node:[alice] Mined block #3440
INFO:full_node:[alice] Mined block #3441
INFO:full_node:[alice] Mined block #3442
INFO:full_node:[alice] Mined block #3443
INFO:full_node:[alice] Mined block #3444
INFO:full_node:[alice] Mined block #3445
INFO:full_node:[alice] Mined block #3446
INFO:full_node:[alice] Mined block #3447
INFO:full_node:[alice] Mined block #3448
INFO:full_node:[alice] Mined block #3449
INFO:full_node:[alice] Mined block #3450
INFO:full_node:[alice] Mined block #3451
INFO:full_node:[alice] Mined block #3452
INFO:full_node:[alice] Mined block #3453
INFO:full_node:[alice] Mined block #3454
INFO:full_node:[alice] Mined block #3455
INFO:full_node:[alice] Mined block #3456
INFO:full_node:[alice] Mined block #3457
INFO:full_node:[alice] Mined block #3458
INFO:full_node:[alice] Mined block #3459
INFO:full_node:[alice] Mined block #3460
INFO:full_node:[alice] Mined block #3461
INFO:full_node:[alice] Mined block #3462
INFO:full_node:[alice] Mined block #3463
INFO:full_node:[alice] Mined block #3464
INFO:full_node:[alice] Mined block #3465
INFO:full_node:[alice] Mined block #3466
INFO:full_node:[alice] Mined block #3467
INFO:full_node:[alice] Mined block #3468
INFO:full_node:[alice] Mined block #3469
INFO:full_node:[alice] Mined block #3470
INFO:full_node:[alice] Mined block #3471
INFO:full_node:[alice] Mined block #3472
INFO:full_node:[alice] Mined block #3473
INFO:full_node:[alice] Mined block #3474
INFO:full_node:[alice] Mined block #3475
INFO:full_node:[alice] Mined block #3476
INFO:full_node:[alice] Mined block #3477
INFO:full_node:[alice] Mined block #3478
INFO:full_node:[alice] Mined block #3479
INFO:full_node:[alice] Mined block #3480
INFO:full_node:[alice] Mined block #3481
INFO:full_node:[alice] Mined block #3482
INFO:full_node:[alice] Mined block #3483
INFO:full_node:[alice] Mined block #3484
INFO:full_node:[alice] Mined block #3485
INFO:full_node:[alice] Mined block #3486
INFO:full_node:[alice] Mined block #3487
INFO:full_node:[alice] Mined block #3488
INFO:full_node:[alice] Mined block #3489
INFO:full_node:[alice] Mined block #3490
INFO:full_node:[alice] Mined block #3491
INFO:full_node:[alice] Mined block #3492
INFO:full_node:[alice] Mined block #3493
INFO:full_node:[alice] Mined block #3494
INFO:full_node:[alice] Mined block #3495
INFO:full_node:[alice] Mined block #3496
INFO:full_node:[alice] Mined block #3497
INFO:full_node:[alice] Mined block #3498
INFO:full_node:[alice] Mined block #3499
INFO:full_node:[alice] Mined block #3500
INFO:full_node:[alice] Mined block #3501
INFO:full_node:[alice] Mined block #3502
INFO:full_node:[alice] Mined block #3503
INFO:full_node:[alice] Mined block #3504
INFO:full_node:[alice] Mined block #3505
INFO:full_node:[alice] Mined block #3506
INFO:full_node:[alice] Mined block #3507
INFO:full_node:[alice] Mined block #3508
INFO:full_node:[alice] Mined block #3509
INFO:full_node:[alice] Mined block #3510
INFO:full_node:[alice] Mined block #3511
INFO:full_node:[alice] Mined block #3512
INFO:full_node:[alice] Mined block #3513
INFO:full_node:[alice] Mined block #3514
INFO:full_node:[alice] Mined block #3515
INFO:full_node:[alice] Mined block #3516
INFO:full_node:[alice] Mined block #3517
INFO:full_node:[alice] Mined block #3518
INFO:full_node:[alice] Mined block #3519
INFO:full_node:[alice] Mined block #3520
INFO:full_node:[alice] Mined block #3521
INFO:full_node:[alice] Mined block #3522
INFO:full_node:[alice] Mined block #3523
INFO:full_node:[alice] Mined block #3524
INFO:full_node:[alice] Mined block #3525
INFO:full_node:[alice] Mined block #3526
INFO:full_node:[alice] Mined block #3527
INFO:full_node:[alice] Mined block #3528
INFO:full_node:[alice] Mined block #3529
INFO:full_node:[alice] Mined block #3530
INFO:full_node:[alice] Mined block #3531
INFO:full_node:[alice] Mined block #3532
INFO:full_node:[alice] Mined block #3533
INFO:full_node:[alice] Mined block #3534
INFO:full_node:[alice] Mined block #3535
INFO:full_node:[alice] Mined block #3536
INFO:full_node:[alice] Mined block #3537
INFO:full_node:[alice] Mined block #3538
INFO:full_node:[alice] Mined block #3539
INFO:full_node:[alice] Mined block #3540
INFO:full_node:[alice] Mined block #3541
INFO:full_node:[alice] Mined block #3542
INFO:full_node:[alice] Mined block #3543
INFO:full_node:[alice] Mined block #3544
INFO:full_node:[alice] Mined block #3545
INFO:full_node:[alice] Mined block #3546
INFO:full_node:[alice] Mined block #3547
INFO:full_node:[alice] Mined block #3548
INFO:full_node:[alice] Mined block #3549
INFO:full_node:[alice] Mined block #3550
INFO:full_node:[alice] Mined block #3551
INFO:full_node:[alice] Mined block #3552
INFO:full_node:[alice] Mined block #3553
INFO:full_node:[alice] Mined block #3554
INFO:full_node:[alice] Mined block #3555
INFO:full_node:[alice] Mined block #3556
INFO:full_node:[alice] Mined block #3557
INFO:full_node:[alice] Mined block #3558
INFO:full_node:[alice] Mined block #3559
INFO:full_node:[alice] Mined block #3560
INFO:full_node:[alice] Mined block #3561
INFO:full_node:[alice] Mined block #3562
INFO:full_node:[alice] Mined block #3563
INFO:full_node:[alice] Mined block #3564
INFO:full_node:[alice] Mined block #3565
INFO:full_node:[alice] Mined block #3566
INFO:full_node:[alice] Mined block #3567
INFO:full_node:[alice] Mined block #3568
INFO:full_node:[alice] Mined block #3569
INFO:full_node:[alice] Mined block #3570
INFO:full_node:[alice] Mined block #3571
INFO:full_node:[alice] Mined block #3572
INFO:full_node:[alice] Mined block #3573
INFO:full_node:[alice] Mined block #3574
INFO:full_node:[alice] Mined block #3575
INFO:full_node:[alice] Mined block #3576
INFO:full_node:[alice] Mined block #3577
INFO:full_node:[alice] Mined block #3578
INFO:full_node:[alice] Mined block #3579
INFO:full_node:[alice] Mined block #3580
INFO:full_node:[alice] Mined block #3581
INFO:full_node:[alice] Mined block #3582
INFO:full_node:[alice] Mined block #3583
INFO:full_node:[alice] Mined block #3584
INFO:full_node:[alice] Mined block #3585
INFO:full_node:[alice] Mined block #3586
INFO:full_node:[alice] Mined block #3587
INFO:full_node:[alice] Mined block #3588
INFO:full_node:[alice] Mined block #3589
INFO:full_node:[alice] Mined block #3590
INFO:full_node:[alice] Mined block #3591
INFO:full_node:[alice] Mined block #3592
INFO:full_node:[alice] Mined block #3593
INFO:full_node:[alice] Mined block #3594
INFO:full_node:[alice] Mined block #3595
INFO:full_node:[alice] Mined block #3596
INFO:full_node:[alice] Mined block #3597
INFO:full_node:[alice] Mined block #3598
INFO:full_node:[alice] Mined block #3599
INFO:full_node:[alice] Mined block #3600
INFO:full_node:[alice] Mined block #3601
INFO:full_node:[alice] Mined block #3602
INFO:full_node:[alice] Mined block #3603
INFO:full_node:[alice] Mined block #3604
INFO:full_node:[alice] Mined block #3605
INFO:full_node:[alice] Mined block #3606
INFO:full_node:[alice] Mined block #3607
INFO:full_node:[alice] Mined block #3608
INFO:full_node:[alice] Mined block #3609
INFO:full_node:[alice] Mined block #3610
INFO:full_node:[alice] Mined block #3611
INFO:full_node:[alice] Mined block #3612
INFO:full_node:[alice] Mined block #3613
INFO:full_node:[alice] Mined block #3614
INFO:full_node:[alice] Mined block #3615
INFO:full_node:[alice] Mined block #3616
INFO:full_node:[alice] Mined block #3617
INFO:full_node:[alice] Mined block #3618
INFO:full_node:[alice] Mined block #3619
INFO:full_node:[alice] Mined block #3620
INFO:full_node:[alice] Mined block #3621
INFO:full_node:[alice] Mined block #3622
INFO:full_node:[alice] Mined block #3623
INFO:full_node:[alice] Mined block #3624
INFO:full_node:[alice] Mined block #3625
INFO:full_node:[alice] Mined block #3626
INFO:full_node:[alice] Mined block #3627
INFO:full_node:[alice] Mined block #3628
INFO:full_node:[alice] Mined block #3629
INFO:full_node:[alice] Mined block #3630
INFO:full_node:[alice] Mined block #3631
INFO:full_node:[alice] Mined block #3632
INFO:full_node:[alice] Mined block #3633
INFO:full_node:[alice] Mined block #3634
INFO:full_node:[alice] Mined block #3635
INFO:full_node:[alice] Mined block #3636
INFO:full_node:[alice] Mined block #3637
INFO:full_node:[alice] Mined block #3638
INFO:full_node:[alice] Mined block #3639
INFO:full_node:[alice] Mined block #3640
INFO:full_node:[alice] Mined block #3641
INFO:full_node:[alice] Mined block #3642
INFO:full_node:[alice] Mined block #3643
INFO:full_node:[alice] Mined block #3644
INFO:full_node:[alice] Mined block #3645
INFO:full_node:[alice] Mined block #3646
INFO:full_node:[alice] Mined block #3647
INFO:full_node:[alice] Mined block #3648
INFO:full_node:[alice] Mined block #3649
INFO:full_node:[alice] Mined block #3650
INFO:full_node:[alice] Mined block #3651
INFO:full_node:[alice] Mined block #3652
INFO:full_node:[alice] Mined block #3653
INFO:full_node:[alice] Mined block #3654
INFO:full_node:[alice] Mined block #3655
INFO:full_node:[alice] Mined block #3656
INFO:full_node:[alice] Mined block #3657
INFO:full_node:[alice] Mined block #3658
INFO:full_node:[alice] Mined block #3659
INFO:full_node:[alice] Mined block #3660
INFO:full_node:[alice] Mined block #3661
INFO:full_node:[alice] Mined block #3662
INFO:full_node:[alice] Mined block #3663
INFO:full_node:[alice] Mined block #3664
INFO:full_node:[alice] Mined block #3665
INFO:full_node:[alice] Mined block #3666
INFO:full_node:[alice] Mined block #3667
INFO:full_node:[alice] Mined block #3668
INFO:full_node:[alice] Mined block #3669
INFO:full_node:[alice] Mined block #3670
INFO:full_node:[alice] Mined block #3671
INFO:full_node:[alice] Mined block #3672
INFO:full_node:[alice] Mined block #3673
INFO:full_node:[alice] Mined block #3674
INFO:full_node:[alice] Mined block #3675
INFO:full_node:[alice] Mined block #3676
INFO:full_node:[alice] Mined block #3677
INFO:full_node:[alice] Mined block #3678
INFO:full_node:[alice] Mined block #3679
INFO:full_node:[alice] Mined block #3680
INFO:full_node:[alice] Mined block #3681
INFO:full_node:[alice] Mined block #3682
INFO:full_node:[alice] Mined block #3683
INFO:full_node:[alice] Mined block #3684
INFO:full_node:[alice] Mined block #3685
INFO:full_node:[alice] Mined block #3686
INFO:full_node:[alice] Mined block #3687
INFO:full_node:[alice] Mined block #3688
INFO:full_node:[alice] Mined block #3689
INFO:full_node:[alice] Mined block #3690
INFO:full_node:[alice] Mined block #3691
INFO:full_node:[alice] Mined block #3692
INFO:full_node:[alice] Mined block #3693
INFO:full_node:[alice] Mined block #3694
INFO:full_node:[alice] Mined block #3695
INFO:full_node:[alice] Mined block #3696
INFO:full_node:[alice] Mined block #3697
INFO:full_node:[alice] Mined block #3698
INFO:full_node:[alice] Mined block #3699
INFO:full_node:[alice] Mined block #3700
INFO:full_node:[alice] Mined block #3701
INFO:full_node:[alice] Mined block #3702
INFO:full_node:[alice] Mined block #3703
INFO:full_node:[alice] Mined block #3704
INFO:full_node:[alice] Mined block #3705
INFO:full_node:[alice] Mined block #3706
INFO:full_node:[alice] Mined block #3707
INFO:full_node:[alice] Mined block #3708
INFO:full_node:[alice] Mined block #3709
INFO:full_node:[alice] Mined block #3710
INFO:full_node:[alice] Mined block #3711
INFO:full_node:[alice] Mined block #3712
INFO:full_node:[alice] Mined block #3713
INFO:full_node:[alice] Mined block #3714
INFO:full_node:[alice] Mined block #3715
INFO:full_node:[alice] Mined block #3716
INFO:full_node:[alice] Mined block #3717
INFO:full_node:[alice] Mined block #3718
INFO:full_node:[alice] Mined block #3719
INFO:full_node:[alice] Mined block #3720
INFO:full_node:[alice] Mined block #3721
INFO:full_node:[alice] Mined block #3722
INFO:full_node:[alice] Mined block #3723
INFO:full_node:[alice] Mined block #3724
INFO:full_node:[alice] Mined block #3725
INFO:full_node:[alice] Mined block #3726
INFO:full_node:[alice] Mined block #3727
INFO:full_node:[alice] Mined block #3728
INFO:full_node:[alice] Mined block #3729
INFO:full_node:[alice] Mined block #3730
INFO:full_node:[alice] Mined block #3731
INFO:full_node:[alice] Mined block #3732
INFO:full_node:[alice] Mined block #3733
INFO:full_node:[alice] Mined block #3734
INFO:full_node:[alice] Mined block #3735
INFO:full_node:[alice] Mined block #3736
INFO:full_node:[alice] Mined block #3737
INFO:full_node:[alice] Mined block #3738
INFO:full_node:[alice] Mined block #3739
INFO:full_node:[alice] Mined block #3740
INFO:full_node:[alice] Mined block #3741
INFO:full_node:[alice] Mined block #3742
INFO:full_node:[alice] Mined block #3743
INFO:full_node:[alice] Mined block #3744
INFO:full_node:[alice] Mined block #3745
INFO:full_node:[alice] Mined block #3746
INFO:full_node:[alice] Mined block #3747
INFO:full_node:[alice] Mined block #3748
INFO:full_node:[alice] Mined block #3749
INFO:full_node:[alice] Mined block #3750
INFO:full_node:[alice] Mined block #3751
INFO:full_node:[alice] Mined block #3752
INFO:full_node:[alice] Mined block #3753
INFO:full_node:[alice] Mined block #3754
INFO:full_node:[alice] Mined block #3755
INFO:full_node:[alice] Mined block #3756
INFO:full_node:[alice] Mined block #3757
INFO:full_node:[alice] Mined block #3758
INFO:full_node:[alice] Mined block #3759
INFO:full_node:[alice] Mined block #3760
INFO:full_node:[alice] Mined block #3761
INFO:full_node:[alice] Mined block #3762
INFO:full_node:[alice] Mined block #3763
INFO:full_node:[alice] Mined block #3764
INFO:full_node:[alice] Mined block #3765
INFO:full_node:[alice] Mined block #3766
INFO:full_node:[alice] Mined block #3767
INFO:full_node:[alice] Mined block #3768
INFO:full_node:[alice] Mined block #3769
INFO:full_node:[alice] Mined block #3770
INFO:full_node:[alice] Mined block #3771
INFO:full_node:[alice] Mined block #3772
INFO:full_node:[alice] Mined block #3773
INFO:full_node:[alice] Mined block #3774
INFO:full_node:[alice] Mined block #3775
INFO:full_node:[alice] Mined block #3776
INFO:full_node:[alice] Mined block #3777
INFO:full_node:[alice] Mined block #3778
INFO:full_node:[alice] Mined block #3779
INFO:full_node:[alice] Mined block #3780
INFO:full_node:[alice] Mined block #3781
INFO:full_node:[alice] Mined block #3782
INFO:full_node:[alice] Mined block #3783
INFO:full_node:[alice] Mined block #3784
INFO:full_node:[alice] Mined block #3785
INFO:full_node:[alice] Mined block #3786
INFO:full_node:[alice] Mined block #3787
INFO:full_node:[alice] Mined block #3788
INFO:full_node:[alice] Mined block #3789
INFO:full_node:[alice] Mined block #3790
INFO:full_node:[alice] Mined block #3791
INFO:full_node:[alice] Mined block #3792
INFO:full_node:[alice] Mined block #3793
INFO:full_node:[alice] Mined block #3794
INFO:full_node:[alice] Mined block #3795
INFO:full_node:[alice] Mined block #3796
INFO:full_node:[alice] Mined block #3797
INFO:full_node:[alice] Mined block #3798
INFO:full_node:[alice] Mined block #3799
INFO:full_node:[alice] Mined block #3800
INFO:full_node:[alice] Mined block #3801
INFO:full_node:[alice] Mined block #3802
INFO:full_node:[alice] Mined block #3803
INFO:full_node:[alice] Mined block #3804
INFO:full_node:[alice] Mined block #3805
INFO:full_node:[alice] Mined block #3806
INFO:full_node:[alice] Mined block #3807
INFO:full_node:[alice] Mined block #3808
INFO:full_node:[alice] Mined block #3809
INFO:full_node:[alice] Mined block #3810
INFO:full_node:[alice] Mined block #3811
INFO:full_node:[alice] Mined block #3812
INFO:full_node:[alice] Mined block #3813
INFO:full_node:[alice] Mined block #3814
INFO:full_node:[alice] Mined block #3815
INFO:full_node:[alice] Mined block #3816
INFO:full_node:[alice] Mined block #3817
INFO:full_node:[alice] Mined block #3818
INFO:full_node:[alice] Mined block #3819
INFO:full_node:[alice] Mined block #3820
INFO:full_node:[alice] Mined block #3821
INFO:full_node:[alice] Mined block #3822
INFO:full_node:[alice] Mined block #3823
INFO:full_node:[alice] Mined block #3824
INFO:full_node:[alice] Mined block #3825
INFO:full_node:[alice] Mined block #3826
INFO:full_node:[alice] Mined block #3827
INFO:full_node:[alice] Mined block #3828
INFO:full_node:[alice] Mined block #3829
INFO:full_node:[alice] Mined block #3830
INFO:full_node:[alice] Mined block #3831
INFO:full_node:[alice] Mined block #3832
INFO:full_node:[alice] Mined block #3833
INFO:full_node:[alice] Mined block #3834
INFO:full_node:[alice] Mined block #3835
INFO:full_node:[alice] Mined block #3836
INFO:full_node:[alice] Mined block #3837
INFO:full_node:[alice] Mined block #3838
INFO:full_node:[alice] Mined block #3839
INFO:full_node:[alice] Mined block #3840
INFO:full_node:[alice] Mined block #3841
INFO:full_node:[alice] Mined block #3842
INFO:full_node:[alice] Mined block #3843
INFO:full_node:[alice] Mined block #3844
INFO:full_node:[alice] Mined block #3845
INFO:full_node:[alice] Mined block #3846
INFO:full_node:[alice] Mined block #3847
INFO:full_node:[alice] Mined block #3848
INFO:full_node:[alice] Mined block #3849
INFO:full_node:[alice] Mined block #3850
INFO:full_node:[alice] Mined block #3851
INFO:full_node:[alice] Mined block #3852
INFO:full_node:[alice] Mined block #3853
INFO:full_node:[alice] Mined block #3854
INFO:full_node:[alice] Mined block #3855
INFO:full_node:[alice] Mined block #3856
INFO:full_node:[alice] Mined block #3857
INFO:full_node:[alice] Mined block #3858
INFO:full_node:[alice] Mined block #3859
INFO:full_node:[alice] Mined block #3860
INFO:full_node:[alice] Mined block #3861
INFO:full_node:[alice] Mined block #3862
INFO:full_node:[alice] Mined block #3863
INFO:full_node:[alice] Mined block #3864
INFO:full_node:[alice] Mined block #3865
INFO:full_node:[alice] Mined block #3866
INFO:full_node:[alice] Mined block #3867
INFO:full_node:[alice] Mined block #3868
INFO:full_node:[alice] Mined block #3869
INFO:full_node:[alice] Mined block #3870
INFO:full_node:[alice] Mined block #3871
INFO:full_node:[alice] Mined block #3872
INFO:full_node:[alice] Mined block #3873
INFO:full_node:[alice] Mined block #3874
INFO:full_node:[alice] Mined block #3875
INFO:full_node:[alice] Mined block #3876
INFO:full_node:[alice] Mined block #3877
INFO:full_node:[alice] Mined block #3878
INFO:full_node:[alice] Mined block #3879
INFO:full_node:[alice] Mined block #3880
INFO:full_node:[alice] Mined block #3881
INFO:full_node:[alice] Mined block #3882
INFO:full_node:[alice] Mined block #3883
INFO:full_node:[alice] Mined block #3884
INFO:full_node:[alice] Mined block #3885
INFO:full_node:[alice] Mined block #3886
INFO:full_node:[alice] Mined block #3887
INFO:full_node:[alice] Mined block #3888
INFO:full_node:[alice] Mined block #3889
INFO:full_node:[alice] Mined block #3890
INFO:full_node:[alice] Mined block #3891
INFO:full_node:[alice] Mined block #3892
INFO:full_node:[alice] Mined block #3893
INFO:full_node:[alice] Mined block #3894
INFO:full_node:[alice] Mined block #3895
INFO:full_node:[alice] Mined block #3896
INFO:full_node:[alice] Mined block #3897
INFO:full_node:[alice] Mined block #3898
INFO:full_node:[alice] Mined block #3899
INFO:full_node:[alice] Mined block #3900
INFO:full_node:[alice] Mined block #3901
INFO:full_node:[alice] Mined block #3902
INFO:full_node:[alice] Mined block #3903
INFO:full_node:[alice] Mined block #3904
INFO:full_node:[alice] Mined block #3905
INFO:full_node:[alice] Mined block #3906
INFO:full_node:[alice] Mined block #3907
INFO:full_node:[alice] Mined block #3908
INFO:full_node:[alice] Mined block #3909
INFO:full_node:[alice] Mined block #3910
INFO:full_node:[alice] Mined block #3911
INFO:full_node:[alice] Mined block #3912
INFO:full_node:[alice] Mined block #3913
INFO:full_node:[alice] Mined block #3914
INFO:full_node:[alice] Mined block #3915
INFO:full_node:[alice] Mined block #3916
INFO:full_node:[alice] Mined block #3917
INFO:full_node:[alice] Mined block #3918
INFO:full_node:[alice] Mined block #3919
INFO:full_node:[alice] Mined block #3920
INFO:full_node:[alice] Mined block #3921
INFO:full_node:[alice] Mined block #3922
INFO:full_node:[alice] Mined block #3923
INFO:full_node:[alice] Mined block #3924
INFO:full_node:[alice] Mined block #3925
INFO:full_node:[alice] Mined block #3926
INFO:full_node:[alice] Mined block #3927
INFO:full_node:[alice] Mined block #3928
INFO:full_node:[alice] Mined block #3929
INFO:full_node:[alice] Mined block #3930
INFO:full_node:[alice] Mined block #3931
INFO:full_node:[alice] Mined block #3932
INFO:full_node:[alice] Mined block #3933
INFO:full_node:[alice] Mined block #3934
INFO:full_node:[alice] Mined block #3935
INFO:full_node:[alice] Mined block #3936
INFO:full_node:[alice] Mined block #3937
INFO:full_node:[alice] Mined block #3938
INFO:full_node:[alice] Mined block #3939
INFO:full_node:[alice] Mined block #3940
INFO:full_node:[alice] Mined block #3941
INFO:full_node:[alice] Mined block #3942
INFO:full_node:[alice] Mined block #3943
INFO:full_node:[alice] Mined block #3944
INFO:full_node:[alice] Mined block #3945
INFO:full_node:[alice] Mined block #3946
INFO:full_node:[alice] Mined block #3947
INFO:full_node:[alice] Mined block #3948
INFO:full_node:[alice] Mined block #3949
INFO:full_node:[alice] Mined block #3950
INFO:full_node:[alice] Mined block #3951
INFO:full_node:[alice] Mined block #3952
INFO:full_node:[alice] Mined block #3953
INFO:full_node:[alice] Mined block #3954
INFO:full_node:[alice] Mined block #3955
INFO:full_node:[alice] Mined block #3956
INFO:full_node:[alice] Mined block #3957
INFO:full_node:[alice] Mined block #3958
INFO:full_node:[alice] Mined block #3959
INFO:full_node:[alice] Mined block #3960
INFO:full_node:[alice] Mined block #3961
INFO:full_node:[alice] Mined block #3962
INFO:full_node:[alice] Mined block #3963
INFO:full_node:[alice] Mined block #3964
INFO:full_node:[alice] Mined block #3965
INFO:full_node:[alice] Mined block #3966
INFO:full_node:[alice] Mined block #3967
INFO:full_node:[alice] Mined block #3968
INFO:full_node:[alice] Mined block #3969
INFO:full_node:[alice] Mined block #3970
INFO:full_node:[alice] Mined block #3971
INFO:full_node:[alice] Mined block #3972
INFO:full_node:[alice] Mined block #3973
INFO:full_node:[alice] Mined block #3974
INFO:full_node:[alice] Mined block #3975
INFO:full_node:[alice] Mined block #3976
INFO:full_node:[alice] Mined block #3977
INFO:full_node:[alice] Mined block #3978
INFO:full_node:[alice] Mined block #3979
INFO:full_node:[alice] Mined block #3980
INFO:full_node:[alice] Mined block #3981
INFO:full_node:[alice] Mined block #3982
INFO:full_node:[alice] Mined block #3983
INFO:full_node:[alice] Mined block #3984
INFO:full_node:[alice] Mined block #3985
INFO:full_node:[alice] Mined block #3986
INFO:full_node:[alice] Mined block #3987
INFO:full_node:[alice] Mined block #3988
INFO:full_node:[alice] Mined block #3989
INFO:full_node:[alice] Mined block #3990
INFO:full_node:[alice] Mined block #3991
INFO:full_node:[alice] Mined block #3992
INFO:full_node:[alice] Mined block #3993
INFO:full_node:[alice] Mined block #3994
INFO:full_node:[alice] Mined block #3995
INFO:full_node:[alice] Mined block #3996
INFO:full_node:[alice] Mined block #3997
INFO:full_node:[alice] Mined block #3998
INFO:full_node:[alice] Mined block #3999
INFO:full_node:[alice] Mined block #4000
INFO:full_node:[alice] Mined block #4001
INFO:full_node:[alice] Mined block #4002
INFO:full_node:[alice] Mined block #4003
INFO:full_node:[alice] Mined block #4004
INFO:full_node:[alice] Mined block #4005
INFO:full_node:[alice] Mined block #4006
INFO:full_node:[alice] Mined block #4007
INFO:full_node:[alice] Mined block #4008
INFO:full_node:[alice] Mined block #4009
INFO:full_node:[alice] Mined block #4010
INFO:full_node:[alice] Mined block #4011
INFO:full_node:[alice] Mined block #4012
INFO:full_node:[alice] Mined block #4013
INFO:full_node:[alice] Mined block #4014
INFO:full_node:[alice] Mined block #4015
INFO:full_node:[alice] Mined block #4016
INFO:full_node:[alice] Mined block #4017
INFO:full_node:[alice] Mined block #4018
INFO:full_node:[alice] Mined block #4019
INFO:full_node:[alice] Mined block #4020
INFO:full_node:[alice] Mined block #4021
INFO:full_node:[alice] Mined block #4022
INFO:full_node:[alice] Mined block #4023
INFO:full_node:[alice] Mined block #4024
INFO:full_node:[alice] Mined block #4025
INFO:full_node:[alice] Mined block #4026
INFO:full_node:[alice] Mined block #4027
INFO:full_node:[alice] Mined block #4028
INFO:full_node:[alice] Mined block #4029
INFO:full_node:[alice] Mined block #4030
INFO:full_node:[alice] Mined block #4031
INFO:full_node:[alice] Mined block #4032
INFO:full_node:[alice] Mined block #4033
INFO:full_node:[alice] Mined block #4034
INFO:full_node:[alice] Mined block #4035
INFO:full_node:[alice] Mined block #4036
INFO:full_node:[alice] Mined block #4037
INFO:full_node:[alice] Mined block #4038
INFO:full_node:[alice] Mined block #4039
INFO:full_node:[alice] Mined block #4040
INFO:full_node:[alice] Mined block #4041
INFO:full_node:[alice] Mined block #4042
INFO:full_node:[alice] Mined block #4043
INFO:full_node:[alice] Mined block #4044
INFO:full_node:[alice] Mined block #4045
INFO:full_node:[alice] Mined block #4046
INFO:full_node:[alice] Mined block #4047
INFO:full_node:[alice] Mined block #4048
INFO:full_node:[alice] Mined block #4049
INFO:full_node:[alice] Mined block #4050
INFO:full_node:[alice] Mined block #4051
INFO:full_node:[alice] Mined block #4052
INFO:full_node:[alice] Mined block #4053
INFO:full_node:[alice] Mined block #4054
INFO:full_node:[alice] Mined block #4055
INFO:full_node:[alice] Mined block #4056
INFO:full_node:[alice] Mined block #4057
INFO:full_node:[alice] Mined block #4058
INFO:full_node:[alice] Mined block #4059
INFO:full_node:[alice] Mined block #4060
INFO:full_node:[alice] Mined block #4061
INFO:full_node:[alice] Mined block #4062
INFO:full_node:[alice] Mined block #4063
INFO:full_node:[alice] Mined block #4064
INFO:full_node:[alice] Mined block #4065
INFO:full_node:[alice] Mined block #4066
INFO:full_node:[alice] Mined block #4067
INFO:full_node:[alice] Mined block #4068
INFO:full_node:[alice] Mined block #4069
INFO:full_node:[alice] Mined block #4070
INFO:full_node:[alice] Mined block #4071
INFO:full_node:[alice] Mined block #4072
INFO:full_node:[alice] Mined block #4073
INFO:full_node:[alice] Mined block #4074
INFO:full_node:[alice] Mined block #4075
INFO:full_node:[alice] Mined block #4076
INFO:full_node:[alice] Mined block #4077
INFO:full_node:[alice] Mined block #4078
INFO:full_node:[alice] Mined block #4079
INFO:full_node:[alice] Mined block #4080
INFO:full_node:[alice] Mined block #4081
INFO:full_node:[alice] Mined block #4082
INFO:full_node:[alice] Mined block #4083
INFO:full_node:[alice] Mined block #4084
INFO:full_node:[alice] Mined block #4085
INFO:full_node:[alice] Mined block #4086
INFO:full_node:[alice] Mined block #4087
INFO:full_node:[alice] Mined block #4088
INFO:full_node:[alice] Mined block #4089
INFO:full_node:[alice] Mined block #4090
INFO:full_node:[alice] Mined block #4091
INFO:full_node:[alice] Mined block #4092
INFO:full_node:[alice] Mined block #4093
INFO:full_node:[alice] Mined block #4094
INFO:full_node:[alice] Mined block #4095
INFO:full_node:[alice] Mined block #4096
INFO:full_node:[alice] Mined block #4097
INFO:full_node:[alice] Mined block #4098
INFO:full_node:[alice] Mined block #4099
INFO:full_node:[alice] Mined block #4100
INFO:full_node:[alice] Mined block #4101
INFO:full_node:[alice] Mined block #4102
INFO:full_node:[alice] Mined block #4103
INFO:full_node:[alice] Mined block #4104
INFO:full_node:[alice] Mined block #4105
INFO:full_node:[alice] Mined block #4106
INFO:full_node:[alice] Mined block #4107
INFO:full_node:[alice] Mined block #4108
INFO:full_node:[alice] Mined block #4109
INFO:full_node:[alice] Mined block #4110
INFO:full_node:[alice] Mined block #4111
INFO:full_node:[alice] Mined block #4112
INFO:full_node:[alice] Mined block #4113
INFO:full_node:[alice] Mined block #4114
INFO:full_node:[alice] Mined block #4115
INFO:full_node:[alice] Mined block #4116
INFO:full_node:[alice] Mined block #4117
INFO:full_node:[alice] Mined block #4118
INFO:full_node:[alice] Mined block #4119
INFO:full_node:[alice] Mined block #4120
INFO:full_node:[alice] Mined block #4121
INFO:full_node:[alice] Mined block #4122
INFO:full_node:[alice] Mined block #4123
INFO:full_node:[alice] Mined block #4124
INFO:full_node:[alice] Mined block #4125
INFO:full_node:[alice] Mined block #4126
INFO:full_node:[alice] Mined block #4127
INFO:full_node:[alice] Mined block #4128
INFO:full_node:[alice] Mined block #4129
INFO:full_node:[alice] Mined block #4130
INFO:full_node:[alice] Mined block #4131
INFO:full_node:[alice] Mined block #4132
INFO:full_node:[alice] Mined block #4133
INFO:full_node:[alice] Mined block #4134
INFO:full_node:[alice] Mined block #4135
INFO:full_node:[alice] Mined block #4136
INFO:full_node:[alice] Mined block #4137
INFO:full_node:[alice] Mined block #4138
INFO:full_node:[alice] Mined block #4139
INFO:full_node:[alice] Mined block #4140
INFO:full_node:[alice] Mined block #4141
INFO:full_node:[alice] Mined block #4142
INFO:full_node:[alice] Mined block #4143
INFO:full_node:[alice] Mined block #4144
INFO:full_node:[alice] Mined block #4145
INFO:full_node:[alice] Mined block #4146
INFO:full_node:[alice] Mined block #4147
INFO:full_node:[alice] Mined block #4148
INFO:full_node:[alice] Mined block #4149
INFO:full_node:[alice] Mined block #4150
INFO:full_node:[alice] Mined block #4151
INFO:full_node:[alice] Mined block #4152
INFO:full_node:[alice] Mined block #4153
INFO:full_node:[alice] Mined block #4154
INFO:full_node:[alice] Mined block #4155
INFO:full_node:[alice] Mined block #4156
INFO:full_node:[alice] Mined block #4157
INFO:full_node:[alice] Mined block #4158
INFO:full_node:[alice] Mined block #4159
INFO:full_node:[alice] Mined block #4160
INFO:full_node:[alice] Mined block #4161
INFO:full_node:[alice] Mined block #4162
INFO:full_node:[alice] Mined block #4163
INFO:full_node:[alice] Mined block #4164
INFO:full_node:[alice] Mined block #4165
INFO:full_node:[alice] Mined block #4166
INFO:full_node:[alice] Mined block #4167
INFO:full_node:[alice] Mined block #4168
INFO:full_node:[alice] Mined block #4169
INFO:full_node:[alice] Mined block #4170
INFO:full_node:[alice] Mined block #4171
INFO:full_node:[alice] Mined block #4172
INFO:full_node:[alice] Mined block #4173
INFO:full_node:[alice] Mined block #4174
INFO:full_node:[alice] Mined block #4175
INFO:full_node:[alice] Mined block #4176
INFO:full_node:[alice] Mined block #4177
INFO:full_node:[alice] Mined block #4178
INFO:full_node:[alice] Mined block #4179
INFO:full_node:[alice] Mined block #4180
INFO:full_node:[alice] Mined block #4181
INFO:full_node:[alice] Mined block #4182
INFO:full_node:[alice] Mined block #4183
INFO:full_node:[alice] Mined block #4184
INFO:full_node:[alice] Mined block #4185
INFO:full_node:[alice] Mined block #4186
INFO:full_node:[alice] Mined block #4187
INFO:full_node:[alice] Mined block #4188
INFO:full_node:[alice] Mined block #4189
INFO:full_node:[alice] Mined block #4190
INFO:full_node:[alice] Mined block #4191
INFO:full_node:[alice] Mined block #4192
INFO:full_node:[alice] Mined block #4193
INFO:full_node:[alice] Mined block #4194
INFO:full_node:[alice] Mined block #4195
INFO:full_node:[alice] Mined block #4196
INFO:full_node:[alice] Mined block #4197
INFO:full_node:[alice] Mined block #4198
INFO:full_node:[alice] Mined block #4199
INFO:full_node:[alice] Mined block #4200
INFO:full_node:[alice] Mined block #4201
INFO:full_node:[alice] Mined block #4202
INFO:full_node:[alice] Mined block #4203
INFO:full_node:[alice] Mined block #4204
INFO:full_node:[alice] Mined block #4205
INFO:full_node:[alice] Mined block #4206
INFO:full_node:[alice] Mined block #4207
INFO:full_node:[alice] Mined block #4208
INFO:full_node:[alice] Mined block #4209
INFO:full_node:[alice] Mined block #4210
INFO:full_node:[alice] Mined block #4211
INFO:full_node:[alice] Mined block #4212
INFO:full_node:[alice] Mined block #4213
INFO:full_node:[alice] Mined block #4214
INFO:full_node:[alice] Mined block #4215
INFO:full_node:[alice] Mined block #4216
INFO:full_node:[alice] Mined block #4217
INFO:full_node:[alice] Mined block #4218
INFO:full_node:[alice] Mined block #4219
INFO:full_node:[alice] Mined block #4220
INFO:full_node:[alice] Mined block #4221
INFO:full_node:[alice] Mined block #4222
INFO:full_node:[alice] Mined block #4223
INFO:full_node:[alice] Mined block #4224
INFO:full_node:[alice] Mined block #4225
INFO:full_node:[alice] Mined block #4226
INFO:full_node:[alice] Mined block #4227
INFO:full_node:[alice] Mined block #4228
INFO:full_node:[alice] Mined block #4229
INFO:full_node:[alice] Mined block #4230
INFO:full_node:[alice] Mined block #4231
INFO:full_node:[alice] Mined block #4232
INFO:full_node:[alice] Mined block #4233
INFO:full_node:[alice] Mined block #4234
INFO:full_node:[alice] Mined block #4235
INFO:full_node:[alice] Mined block #4236
INFO:full_node:[alice] Mined block #4237
INFO:full_node:[alice] Mined block #4238
INFO:full_node:[alice] Mined block #4239
INFO:full_node:[alice] Mined block #4240
INFO:full_node:[alice] Mined block #4241
INFO:full_node:[alice] Mined block #4242
INFO:full_node:[alice] Mined block #4243
INFO:full_node:[alice] Mined block #4244
INFO:full_node:[alice] Mined block #4245
INFO:full_node:[alice] Mined block #4246
INFO:full_node:[alice] Mined block #4247
INFO:full_node:[alice] Mined block #4248
INFO:full_node:[alice] Mined block #4249
INFO:full_node:[alice] Mined block #4250
INFO:full_node:[alice] Mined block #4251
INFO:full_node:[alice] Mined block #4252
INFO:full_node:[alice] Mined block #4253
INFO:full_node:[alice] Mined block #4254
INFO:full_node:[alice] Mined block #4255
INFO:full_node:[alice] Mined block #4256
INFO:full_node:[alice] Mined block #4257
INFO:full_node:[alice] Mined block #4258
INFO:full_node:[alice] Mined block #4259
INFO:full_node:[alice] Mined block #4260
INFO:full_node:[alice] Mined block #4261
INFO:full_node:[alice] Mined block #4262
INFO:full_node:[alice] Mined block #4263
INFO:full_node:[alice] Mined block #4264
INFO:full_node:[alice] Mined block #4265
INFO:full_node:[alice] Mined block #4266
INFO:full_node:[alice] Mined block #4267
INFO:full_node:[alice] Mined block #4268
INFO:full_node:[alice] Mined block #4269
INFO:full_node:[alice] Mined block #4270
INFO:full_node:[alice] Mined block #4271
INFO:full_node:[alice] Mined block #4272
INFO:full_node:[alice] Mined block #4273
INFO:full_node:[alice] Mined block #4274
INFO:full_node:[alice] Mined block #4275
INFO:full_node:[alice] Mined block #4276
INFO:full_node:[alice] Mined block #4277
INFO:full_node:[alice] Mined block #4278
INFO:full_node:[alice] Mined block #4279
INFO:full_node:[alice] Mined block #4280
INFO:full_node:[alice] Mined block #4281
INFO:full_node:[alice] Mined block #4282
INFO:full_node:[alice] Mined block #4283
INFO:full_node:[alice] Mined block #4284
INFO:full_node:[alice] Mined block #4285
INFO:full_node:[alice] Mined block #4286
INFO:full_node:[alice] Mined block #4287
INFO:full_node:[alice] Mined block #4288
INFO:full_node:[alice] Mined block #4289
INFO:full_node:[alice] Mined block #4290
INFO:full_node:[alice] Mined block #4291
INFO:full_node:[alice] Mined block #4292
INFO:full_node:[alice] Mined block #4293
INFO:full_node:[alice] Mined block #4294
INFO:full_node:[alice] Mined block #4295
INFO:full_node:[alice] Mined block #4296
INFO:full_node:[alice] Mined block #4297
INFO:full_node:[alice] Mined block #4298
INFO:full_node:[alice] Mined block #4299
INFO:full_node:[alice] Mined block #4300
INFO:full_node:[alice] Mined block #4301
INFO:full_node:[alice] Mined block #4302
INFO:full_node:[alice] Mined block #4303
INFO:full_node:[alice] Mined block #4304
INFO:full_node:[alice] Mined block #4305
INFO:full_node:[alice] Mined block #4306
INFO:full_node:[alice] Mined block #4307
INFO:full_node:[alice] Mined block #4308
INFO:full_node:[alice] Mined block #4309
INFO:full_node:[alice] Mined block #4310
INFO:full_node:[alice] Mined block #4311
INFO:full_node:[alice] Mined block #4312
INFO:full_node:[alice] Mined block #4313
INFO:full_node:[alice] Mined block #4314
INFO:full_node:[alice] Mined block #4315
INFO:full_node:[alice] Mined block #4316
INFO:full_node:[alice] Mined block #4317
INFO:full_node:[alice] Mined block #4318
INFO:full_node:[alice] Mined block #4319
INFO:full_node:[alice] Mined block #4320
INFO:full_node:[alice] Mined block #4321
INFO:full_node:[alice] Mined block #4322
INFO:full_node:[alice] Mined block #4323
INFO:full_node:[alice] Mined block #4324
INFO:full_node:[alice] Mined block #4325
INFO:full_node:[alice] Mined block #4326
INFO:full_node:[alice] Mined block #4327
INFO:full_node:[alice] Mined block #4328
INFO:full_node:[alice] Mined block #4329
INFO:full_node:[alice] Mined block #4330
INFO:full_node:[alice] Mined block #4331
INFO:full_node:[alice] Mined block #4332
INFO:full_node:[alice] Mined block #4333
INFO:full_node:[alice] Mined block #4334
INFO:full_node:[alice] Mined block #4335
INFO:full_node:[alice] Mined block #4336
INFO:full_node:[alice] Mined block #4337
INFO:full_node:[alice] Mined block #4338
INFO:full_node:[alice] Mined block #4339
INFO:full_node:[alice] Mined block #4340
INFO:full_node:[alice] Mined block #4341
INFO:full_node:[alice] Mined block #4342
INFO:full_node:[alice] Mined block #4343
INFO:full_node:[alice] Mined block #4344
INFO:full_node:[alice] Mined block #4345
INFO:full_node:[alice] Mined block #4346
INFO:full_node:[alice] Mined block #4347
INFO:full_node:[alice] Mined block #4348
INFO:full_node:[alice] Mined block #4349
INFO:full_node:[alice] Mined block #4350
INFO:full_node:[alice] Mined block #4351
INFO:full_node:[alice] Mined block #4352
INFO:full_node:[alice] Mined block #4353
INFO:full_node:[alice] Mined block #4354
INFO:full_node:[alice] Mined block #4355
INFO:full_node:[alice] Mined block #4356
INFO:full_node:[alice] Mined block #4357
INFO:full_node:[alice] Mined block #4358
INFO:full_node:[alice] Mined block #4359
INFO:full_node:[alice] Mined block #4360
INFO:full_node:[alice] Mined block #4361
INFO:full_node:[alice] Mined block #4362
INFO:full_node:[alice] Mined block #4363
INFO:full_node:[alice] Mined block #4364
INFO:full_node:[alice] Mined block #4365
INFO:full_node:[alice] Mined block #4366
INFO:full_node:[alice] Mined block #4367
INFO:full_node:[alice] Mined block #4368
INFO:full_node:[alice] Mined block #4369
INFO:full_node:[alice] Mined block #4370
INFO:full_node:[alice] Mined block #4371
INFO:full_node:[alice] Mined block #4372
INFO:full_node:[alice] Mined block #4373
INFO:full_node:[alice] Mined block #4374
INFO:full_node:[alice] Mined block #4375
INFO:full_node:[alice] Mined block #4376
INFO:full_node:[alice] Mined block #4377
INFO:full_node:[alice] Mined block #4378
INFO:full_node:[alice] Mined block #4379
INFO:full_node:[alice] Mined block #4380
INFO:full_node:[alice] Mined block #4381
INFO:full_node:[alice] Mined block #4382
INFO:full_node:[alice] Mined block #4383
INFO:full_node:[alice] Mined block #4384
INFO:full_node:[alice] Mined block #4385
INFO:full_node:[alice] Mined block #4386
INFO:full_node:[alice] Mined block #4387
INFO:full_node:[alice] Mined block #4388
INFO:full_node:[alice] Mined block #4389
INFO:full_node:[alice] Mined block #4390
INFO:full_node:[alice] Mined block #4391
INFO:full_node:[alice] Mined block #4392
INFO:full_node:[alice] Mined block #4393
INFO:full_node:[alice] Mined block #4394
INFO:full_node:[alice] Mined block #4395
INFO:full_node:[alice] Mined block #4396
INFO:full_node:[alice] Mined block #4397
INFO:full_node:[alice] Mined block #4398
INFO:full_node:[alice] Mined block #4399
INFO:full_node:[alice] Mined block #4400
INFO:full_node:[alice] Mined block #4401
INFO:full_node:[alice] Mined block #4402
INFO:full_node:[alice] Mined block #4403
INFO:full_node:[alice] Mined block #4404
INFO:full_node:[alice] Mined block #4405
INFO:full_node:[alice] Mined block #4406
INFO:full_node:[alice] Mined block #4407
INFO:full_node:[alice] Mined block #4408
INFO:full_node:[alice] Mined block #4409
INFO:full_node:[alice] Mined block #4410
INFO:full_node:[alice] Mined block #4411
INFO:full_node:[alice] Mined block #4412
INFO:full_node:[alice] Mined block #4413
INFO:full_node:[alice] Mined block #4414
INFO:full_node:[alice] Mined block #4415
INFO:full_node:[alice] Mined block #4416
INFO:full_node:[alice] Mined block #4417
INFO:full_node:[alice] Mined block #4418
INFO:full_node:[alice] Mined block #4419
INFO:full_node:[alice] Mined block #4420
INFO:full_node:[alice] Mined block #4421
INFO:full_node:[alice] Mined block #4422
INFO:full_node:[alice] Mined block #4423
INFO:full_node:[alice] Mined block #4424
INFO:full_node:[alice] Mined block #4425
INFO:full_node:[alice] Mined block #4426
INFO:full_node:[alice] Mined block #4427
INFO:full_node:[alice] Mined block #4428
INFO:full_node:[alice] Mined block #4429
INFO:full_node:[alice] Mined block #4430
INFO:full_node:[alice] Mined block #4431
INFO:full_node:[alice] Mined block #4432
INFO:full_node:[alice] Mined block #4433
INFO:full_node:[alice] Mined block #4434
INFO:full_node:[alice] Mined block #4435
INFO:full_node:[alice] Mined block #4436
INFO:full_node:[alice] Mined block #4437
INFO:full_node:[alice] Mined block #4438
INFO:full_node:[alice] Mined block #4439
INFO:full_node:[alice] Mined block #4440
INFO:full_node:[alice] Mined block #4441
INFO:full_node:[alice] Mined block #4442
INFO:full_node:[alice] Mined block #4443
INFO:full_node:[alice] Mined block #4444
INFO:full_node:[alice] Mined block #4445
INFO:full_node:[alice] Mined block #4446
INFO:full_node:[alice] Mined block #4447
INFO:full_node:[alice] Mined block #4448
INFO:full_node:[alice] Mined block #4449
INFO:full_node:[alice] Mined block #4450
INFO:full_node:[alice] Mined block #4451
INFO:full_node:[alice] Mined block #4452
INFO:full_node:[alice] Mined block #4453
INFO:full_node:[alice] Mined block #4454
INFO:full_node:[alice] Mined block #4455
INFO:full_node:[alice] Mined block #4456
INFO:full_node:[alice] Mined block #4457
INFO:full_node:[alice] Mined block #4458
INFO:full_node:[alice] Mined block #4459
INFO:full_node:[alice] Mined block #4460
INFO:full_node:[alice] Mined block #4461
INFO:full_node:[alice] Mined block #4462
INFO:full_node:[alice] Mined block #4463
INFO:full_node:[alice] Mined block #4464
INFO:full_node:[alice] Mined block #4465
INFO:full_node:[alice] Mined block #4466
INFO:full_node:[alice] Mined block #4467
INFO:full_node:[alice] Mined block #4468
INFO:full_node:[alice] Mined block #4469
INFO:full_node:[alice] Mined block #4470
INFO:full_node:[alice] Mined block #4471
INFO:full_node:[alice] Mined block #4472
INFO:full_node:[alice] Mined block #4473
INFO:full_node:[alice] Mined block #4474
INFO:full_node:[alice] Mined block #4475
INFO:full_node:[alice] Mined block #4476
INFO:full_node:[alice] Mined block #4477
INFO:full_node:[alice] Mined block #4478
INFO:full_node:[alice] Mined block #4479
INFO:full_node:[alice] Mined block #4480
INFO:full_node:[alice] Mined block #4481
INFO:full_node:[alice] Mined block #4482
INFO:full_node:[alice] Mined block #4483
INFO:full_node:[alice] Mined block #4484
INFO:full_node:[alice] Mined block #4485
INFO:full_node:[alice] Mined block #4486
INFO:full_node:[alice] Mined block #4487
INFO:full_node:[alice] Mined block #4488
INFO:full_node:[alice] Mined block #4489
INFO:full_node:[alice] Mined block #4490
INFO:full_node:[alice] Mined block #4491
INFO:full_node:[alice] Mined block #4492
INFO:full_node:[alice] Mined block #4493
INFO:full_node:[alice] Mined block #4494
INFO:full_node:[alice] Mined block #4495
INFO:full_node:[alice] Mined block #4496
INFO:full_node:[alice] Mined block #4497
INFO:full_node:[alice] Mined block #4498
INFO:full_node:[alice] Mined block #4499
INFO:full_node:[alice] Mined block #4500
INFO:full_node:[alice] Mined block #4501
INFO:full_node:[alice] Mined block #4502
INFO:full_node:[alice] Mined block #4503
INFO:full_node:[alice] Mined block #4504
INFO:full_node:[alice] Mined block #4505
INFO:full_node:[alice] Mined block #4506
INFO:full_node:[alice] Mined block #4507
INFO:full_node:[alice] Mined block #4508
INFO:full_node:[alice] Mined block #4509
INFO:full_node:[alice] Mined block #4510
INFO:full_node:[alice] Mined block #4511
INFO:full_node:[alice] Mined block #4512
INFO:full_node:[alice] Mined block #4513
INFO:full_node:[alice] Mined block #4514
INFO:full_node:[alice] Mined block #4515
INFO:full_node:[alice] Mined block #4516
INFO:full_node:[alice] Mined block #4517
INFO:full_node:[alice] Mined block #4518
INFO:full_node:[alice] Mined block #4519
INFO:full_node:[alice] Mined block #4520
INFO:full_node:[alice] Mined block #4521
INFO:full_node:[alice] Mined block #4522
INFO:full_node:[alice] Mined block #4523
INFO:full_node:[alice] Mined block #4524
INFO:full_node:[alice] Mined block #4525
INFO:full_node:[alice] Mined block #4526
INFO:full_node:[alice] Mined block #4527
INFO:full_node:[alice] Mined block #4528
INFO:full_node:[alice] Mined block #4529
INFO:full_node:[alice] Mined block #4530
INFO:full_node:[alice] Mined block #4531
INFO:full_node:[alice] Mined block #4532
INFO:full_node:[alice] Mined block #4533
INFO:full_node:[alice] Mined block #4534
INFO:full_node:[alice] Mined block #4535
INFO:full_node:[alice] Mined block #4536
INFO:full_node:[alice] Mined block #4537
INFO:full_node:[alice] Mined block #4538
INFO:full_node:[alice] Mined block #4539
INFO:full_node:[alice] Mined block #4540
INFO:full_node:[alice] Mined block #4541
INFO:full_node:[alice] Mined block #4542
INFO:full_node:[alice] Mined block #4543
INFO:full_node:[alice] Mined block #4544
INFO:full_node:[alice] Mined block #4545
INFO:full_node:[alice] Mined block #4546
INFO:full_node:[alice] Mined block #4547
INFO:full_node:[alice] Mined block #4548
INFO:full_node:[alice] Mined block #4549
INFO:full_node:[alice] Mined block #4550
INFO:full_node:[alice] Mined block #4551
INFO:full_node:[alice] Mined block #4552
INFO:full_node:[alice] Mined block #4553
INFO:full_node:[alice] Mined block #4554
INFO:full_node:[alice] Mined block #4555
INFO:full_node:[alice] Mined block #4556
INFO:full_node:[alice] Mined block #4557
INFO:full_node:[alice] Mined block #4558
INFO:full_node:[alice] Mined block #4559
INFO:full_node:[alice] Mined block #4560
INFO:full_node:[alice] Mined block #4561
INFO:full_node:[alice] Mined block #4562
INFO:full_node:[alice] Mined block #4563
INFO:full_node:[alice] Mined block #4564
INFO:full_node:[alice] Mined block #4565
INFO:full_node:[alice] Mined block #4566
INFO:full_node:[alice] Mined block #4567
INFO:full_node:[alice] Mined block #4568
INFO:full_node:[alice] Mined block #4569
INFO:full_node:[alice] Mined block #4570
INFO:full_node:[alice] Mined block #4571
INFO:full_node:[alice] Mined block #4572
INFO:full_node:[alice] Mined block #4573
INFO:full_node:[alice] Mined block #4574
INFO:full_node:[alice] Mined block #4575
INFO:full_node:[alice] Mined block #4576
INFO:full_node:[alice] Mined block #4577
INFO:full_node:[alice] Mined block #4578
INFO:full_node:[alice] Mined block #4579
INFO:full_node:[alice] Mined block #4580
INFO:full_node:[alice] Mined block #4581
INFO:full_node:[alice] Mined block #4582
INFO:full_node:[alice] Mined block #4583
INFO:full_node:[alice] Mined block #4584
INFO:full_node:[alice] Mined block #4585
INFO:full_node:[alice] Mined block #4586
INFO:full_node:[alice] Mined block #4587
INFO:full_node:[alice] Mined block #4588
INFO:full_node:[alice] Mined block #4589
INFO:full_node:[alice] Mined block #4590
INFO:full_node:[alice] Mined block #4591
INFO:full_node:[alice] Mined block #4592
INFO:full_node:[alice] Mined block #4593
INFO:full_node:[alice] Mined block #4594
INFO:full_node:[alice] Mined block #4595
INFO:full_node:[alice] Mined block #4596
INFO:full_node:[alice] Mined block #4597
INFO:full_node:[alice] Mined block #4598
INFO:full_node:[alice] Mined block #4599
INFO:full_node:[alice] Mined block #4600
INFO:full_node:[alice] Mined block #4601
INFO:full_node:[alice] Mined block #4602
INFO:full_node:[alice] Mined block #4603
INFO:full_node:[alice] Mined block #4604
INFO:full_node:[alice] Mined block #4605
INFO:full_node:[alice] Mined block #4606
INFO:full_node:[alice] Mined block #4607
INFO:full_node:[alice] Mined block #4608
INFO:full_node:[alice] Mined block #4609
INFO:full_node:[alice] Mined block #4610
INFO:full_node:[alice] Mined block #4611
INFO:full_node:[alice] Mined block #4612
INFO:full_node:[alice] Mined block #4613
INFO:full_node:[alice] Mined block #4614
INFO:full_node:[alice] Mined block #4615
INFO:full_node:[alice] Mined block #4616
INFO:full_node:[alice] Mined block #4617
INFO:full_node:[alice] Mined block #4618
INFO:full_node:[alice] Mined block #4619
INFO:full_node:[alice] Mined block #4620
INFO:full_node:[alice] Mined block #4621
INFO:full_node:[alice] Mined block #4622
INFO:full_node:[alice] Mined block #4623
INFO:full_node:[alice] Mined block #4624
INFO:full_node:[alice] Mined block #4625
INFO:full_node:[alice] Mined block #4626
INFO:full_node:[alice] Mined block #4627
INFO:full_node:[alice] Mined block #4628
INFO:full_node:[alice] Mined block #4629
INFO:full_node:[alice] Mined block #4630
INFO:full_node:[alice] Mined block #4631
INFO:full_node:[alice] Mined block #4632
INFO:full_node:[alice] Mined block #4633
INFO:full_node:[alice] Mined block #4634
INFO:full_node:[alice] Mined block #4635
INFO:full_node:[alice] Mined block #4636
INFO:full_node:[alice] Mined block #4637
INFO:full_node:[alice] Mined block #4638
INFO:full_node:[alice] Mined block #4639
INFO:full_node:[alice] Mined block #4640
INFO:full_node:[alice] Mined block #4641
INFO:full_node:[alice] Mined block #4642
INFO:full_node:[alice] Mined block #4643
INFO:full_node:[alice] Mined block #4644
INFO:full_node:[alice] Mined block #4645
INFO:full_node:[alice] Mined block #4646
INFO:full_node:[alice] Mined block #4647
INFO:full_node:[alice] Mined block #4648
INFO:full_node:[alice] Mined block #4649
INFO:full_node:[alice] Mined block #4650
INFO:full_node:[alice] Mined block #4651
INFO:full_node:[alice] Mined block #4652
INFO:full_node:[alice] Mined block #4653
INFO:full_node:[alice] Mined block #4654
INFO:full_node:[alice] Mined block #4655
INFO:full_node:[alice] Mined block #4656
INFO:full_node:[alice] Mined block #4657
INFO:full_node:[alice] Mined block #4658
INFO:full_node:[alice] Mined block #4659
INFO:full_node:[alice] Mined block #4660
INFO:full_node:[alice] Mined block #4661
INFO:full_node:[alice] Mined block #4662
INFO:full_node:[alice] Mined block #4663
INFO:full_node:[alice] Mined block #4664
INFO:full_node:[alice] Mined block #4665
INFO:full_node:[alice] Mined block #4666
INFO:full_node:[alice] Mined block #4667
INFO:full_node:[alice] Mined block #4668
INFO:full_node:[alice] Mined block #4669
INFO:full_node:[alice] Mined block #4670
INFO:full_node:[alice] Mined block #4671
INFO:full_node:[alice] Mined block #4672
INFO:full_node:[alice] Mined block #4673
INFO:full_node:[alice] Mined block #4674
INFO:full_node:[alice] Mined block #4675
INFO:full_node:[alice] Mined block #4676
INFO:full_node:[alice] Mined block #4677
INFO:full_node:[alice] Mined block #4678
INFO:full_node:[alice] Mined block #4679
INFO:full_node:[alice] Mined block #4680
INFO:full_node:[alice] Mined block #4681
INFO:full_node:[alice] Mined block #4682
INFO:full_node:[alice] Mined block #4683
INFO:full_node:[alice] Mined block #4684
INFO:full_node:[alice] Mined block #4685
INFO:full_node:[alice] Mined block #4686
INFO:full_node:[alice] Mined block #4687
INFO:full_node:[alice] Mined block #4688
INFO:full_node:[alice] Mined block #4689
INFO:full_node:[alice] Mined block #4690
INFO:full_node:[alice] Mined block #4691
INFO:full_node:[alice] Mined block #4692
INFO:full_node:[alice] Mined block #4693
INFO:full_node:[alice] Mined block #4694
INFO:full_node:[alice] Mined block #4695
INFO:full_node:[alice] Mined block #4696
INFO:full_node:[alice] Mined block #4697
INFO:full_node:[alice] Mined block #4698
INFO:full_node:[alice] Mined block #4699
INFO:full_node:[alice] Mined block #4700
INFO:full_node:[alice] Mined block #4701
INFO:full_node:[alice] Mined block #4702
INFO:full_node:[alice] Mined block #4703
INFO:full_node:[alice] Mined block #4704
INFO:full_node:[alice] Mined block #4705
INFO:full_node:[alice] Mined block #4706
INFO:full_node:[alice] Mined block #4707
INFO:full_node:[alice] Mined block #4708
INFO:full_node:[alice] Mined block #4709
INFO:full_node:[alice] Mined block #4710
INFO:full_node:[alice] Mined block #4711
INFO:full_node:[alice] Mined block #4712
INFO:full_node:[alice] Mined block #4713
INFO:full_node:[alice] Mined block #4714
INFO:full_node:[alice] Mined block #4715
INFO:full_node:[alice] Mined block #4716
INFO:full_node:[alice] Mined block #4717
INFO:full_node:[alice] Mined block #4718
INFO:full_node:[alice] Mined block #4719
INFO:full_node:[alice] Mined block #4720
INFO:full_node:[alice] Mined block #4721
INFO:full_node:[alice] Mined block #4722
INFO:full_node:[alice] Mined block #4723
INFO:full_node:[alice] Mined block #4724
INFO:full_node:[alice] Mined block #4725
INFO:full_node:[alice] Mined block #4726
INFO:full_node:[alice] Mined block #4727
INFO:full_node:[alice] Mined block #4728
INFO:full_node:[alice] Mined block #4729
INFO:full_node:[alice] Mined block #4730
INFO:full_node:[alice] Mined block #4731
INFO:full_node:[alice] Mined block #4732
INFO:full_node:[alice] Mined block #4733
INFO:full_node:[alice] Mined block #4734
INFO:full_node:[alice] Mined block #4735
INFO:full_node:[alice] Mined block #4736
INFO:full_node:[alice] Mined block #4737
INFO:full_node:[alice] Mined block #4738
INFO:full_node:[alice] Mined block #4739
INFO:full_node:[alice] Mined block #4740
INFO:full_node:[alice] Mined block #4741
INFO:full_node:[alice] Mined block #4742
INFO:full_node:[alice] Mined block #4743
INFO:full_node:[alice] Mined block #4744
INFO:full_node:[alice] Mined block #4745
INFO:full_node:[alice] Mined block #4746
INFO:full_node:[alice] Mined block #4747
INFO:full_node:[alice] Mined block #4748
INFO:full_node:[alice] Mined block #4749
INFO:full_node:[alice] Mined block #4750
INFO:full_node:[alice] Mined block #4751
INFO:full_node:[alice] Mined block #4752
INFO:full_node:[alice] Mined block #4753
INFO:full_node:[alice] Mined block #4754
INFO:full_node:[alice] Mined block #4755
INFO:full_node:[alice] Mined block #4756
INFO:full_node:[alice] Mined block #4757
INFO:full_node:[alice] Mined block #4758
INFO:full_node:[alice] Mined block #4759
INFO:full_node:[alice] Mined block #4760
INFO:full_node:[alice] Mined block #4761
INFO:full_node:[alice] Mined block #4762
INFO:full_node:[alice] Mined block #4763
INFO:full_node:[alice] Mined block #4764
INFO:full_node:[alice] Mined block #4765
INFO:full_node:[alice] Mined block #4766
INFO:full_node:[alice] Mined block #4767
INFO:full_node:[alice] Mined block #4768
INFO:full_node:[alice] Mined block #4769
INFO:full_node:[alice] Mined block #4770
INFO:full_node:[alice] Mined block #4771
INFO:full_node:[alice] Mined block #4772
INFO:full_node:[alice] Mined block #4773
INFO:full_node:[alice] Mined block #4774
INFO:full_node:[alice] Mined block #4775
INFO:full_node:[alice] Mined block #4776
INFO:full_node:[alice] Mined block #4777
INFO:full_node:[alice] Mined block #4778
INFO:full_node:[alice] Mined block #4779
INFO:full_node:[alice] Mined block #4780
INFO:full_node:[alice] Mined block #4781
INFO:full_node:[alice] Mined block #4782
INFO:full_node:[alice] Mined block #4783
INFO:full_node:[alice] Mined block #4784
INFO:full_node:[alice] Mined block #4785
INFO:full_node:[alice] Mined block #4786
INFO:full_node:[alice] Mined block #4787
INFO:full_node:[alice] Mined block #4788
INFO:full_node:[alice] Mined block #4789
INFO:full_node:[alice] Mined block #4790
INFO:full_node:[alice] Mined block #4791
INFO:full_node:[alice] Mined block #4792
INFO:full_node:[alice] Mined block #4793
INFO:full_node:[alice] Mined block #4794
INFO:full_node:[alice] Mined block #4795
INFO:full_node:[alice] Mined block #4796
INFO:full_node:[alice] Mined block #4797
INFO:full_node:[alice] Mined block #4798
INFO:full_node:[alice] Mined block #4799
INFO:full_node:[alice] Mined block #4800
INFO:full_node:[alice] Mined block #4801
INFO:full_node:[alice] Mined block #4802
INFO:full_node:[alice] Mined block #4803
INFO:full_node:[alice] Mined block #4804
INFO:full_node:[alice] Mined block #4805
INFO:full_node:[alice] Mined block #4806
INFO:full_node:[alice] Mined block #4807
INFO:full_node:[alice] Mined block #4808
INFO:full_node:[alice] Mined block #4809
INFO:full_node:[alice] Mined block #4810
INFO:full_node:[alice] Mined block #4811
INFO:full_node:[alice] Mined block #4812
INFO:full_node:[alice] Mined block #4813
INFO:full_node:[alice] Mined block #4814
INFO:full_node:[alice] Mined block #4815
INFO:full_node:[alice] Mined block #4816
INFO:full_node:[alice] Mined block #4817
INFO:full_node:[alice] Mined block #4818
INFO:full_node:[alice] Mined block #4819
INFO:full_node:[alice] Mined block #4820
INFO:full_node:[alice] Mined block #4821
INFO:full_node:[alice] Mined block #4822
INFO:full_node:[alice] Mined block #4823
INFO:full_node:[alice] Mined block #4824
INFO:full_node:[alice] Mined block #4825
INFO:full_node:[alice] Mined block #4826
INFO:full_node:[alice] Mined block #4827
INFO:full_node:[alice] Mined block #4828
INFO:full_node:[alice] Mined block #4829
INFO:full_node:[alice] Mined block #4830
INFO:full_node:[alice] Mined block #4831
INFO:full_node:[alice] Mined block #4832
INFO:full_node:[alice] Mined block #4833
INFO:full_node:[alice] Mined block #4834
INFO:full_node:[alice] Mined block #4835
INFO:full_node:[alice] Mined block #4836
INFO:full_node:[alice] Mined block #4837
INFO:full_node:[alice] Mined block #4838
INFO:full_node:[alice] Mined block #4839
INFO:full_node:[alice] Mined block #4840
INFO:full_node:[alice] Mined block #4841
INFO:full_node:[alice] Mined block #4842
INFO:full_node:[alice] Mined block #4843
INFO:full_node:[alice] Mined block #4844
INFO:full_node:[alice] Mined block #4845
INFO:full_node:[alice] Mined block #4846
INFO:full_node:[alice] Mined block #4847
INFO:full_node:[alice] Mined block #4848
INFO:full_node:[alice] Mined block #4849
INFO:full_node:[alice] Mined block #4850
INFO:full_node:[alice] Mined block #4851
INFO:full_node:[alice] Mined block #4852
INFO:full_node:[alice] Mined block #4853
INFO:full_node:[alice] Mined block #4854
INFO:full_node:[alice] Mined block #4855
INFO:full_node:[alice] Mined block #4856
INFO:full_node:[alice] Mined block #4857
INFO:full_node:[alice] Mined block #4858
INFO:full_node:[alice] Mined block #4859
INFO:full_node:[alice] Mined block #4860
INFO:full_node:[alice] Mined block #4861
INFO:full_node:[alice] Mined block #4862
INFO:full_node:[alice] Mined block #4863
INFO:full_node:[alice] Mined block #4864
INFO:full_node:[alice] Mined block #4865
INFO:full_node:[alice] Mined block #4866
INFO:full_node:[alice] Mined block #4867
INFO:full_node:[alice] Mined block #4868
INFO:full_node:[alice] Mined block #4869
INFO:full_node:[alice] Mined block #4870
INFO:full_node:[alice] Mined block #4871
INFO:full_node:[alice] Mined block #4872
INFO:full_node:[alice] Mined block #4873
INFO:full_node:[alice] Mined block #4874
INFO:full_node:[alice] Mined block #4875
INFO:full_node:[alice] Mined block #4876
INFO:full_node:[alice] Mined block #4877
INFO:full_node:[alice] Mined block #4878
INFO:full_node:[alice] Mined block #4879
INFO:full_node:[alice] Mined block #4880
INFO:full_node:[alice] Mined block #4881
INFO:full_node:[alice] Mined block #4882
INFO:full_node:[alice] Mined block #4883
INFO:full_node:[alice] Mined block #4884
INFO:full_node:[alice] Mined block #4885
INFO:full_node:[alice] Mined block #4886
INFO:full_node:[alice] Mined block #4887
INFO:full_node:[alice] Mined block #4888
INFO:full_node:[alice] Mined block #4889
INFO:full_node:[alice] Mined block #4890
INFO:full_node:[alice] Mined block #4891
INFO:full_node:[alice] Mined block #4892
INFO:full_node:[alice] Mined block #4893
INFO:full_node:[alice] Mined block #4894
INFO:full_node:[alice] Mined block #4895
INFO:full_node:[alice] Mined block #4896
INFO:full_node:[alice] Mined block #4897
INFO:full_node:[alice] Mined block #4898
INFO:full_node:[alice] Mined block #4899
INFO:full_node:[alice] Mined block #4900
INFO:full_node:[alice] Mined block #4901
INFO:full_node:[alice] Mined block #4902
INFO:full_node:[alice] Mined block #4903
INFO:full_node:[alice] Mined block #4904
INFO:full_node:[alice] Mined block #4905
INFO:full_node:[alice] Mined block #4906
INFO:full_node:[alice] Mined block #4907
INFO:full_node:[alice] Mined block #4908
INFO:full_node:[alice] Mined block #4909
INFO:full_node:[alice] Mined block #4910
INFO:full_node:[alice] Mined block #4911
INFO:full_node:[alice] Mined block #4912
INFO:full_node:[alice] Mined block #4913
INFO:full_node:[alice] Mined block #4914
INFO:full_node:[alice] Mined block #4915
INFO:full_node:[alice] Mined block #4916
INFO:full_node:[alice] Mined block #4917
INFO:full_node:[alice] Mined block #4918
INFO:full_node:[alice] Mined block #4919
INFO:full_node:[alice] Mined block #4920
INFO:full_node:[alice] Mined block #4921
INFO:full_node:[alice] Mined block #4922
INFO:full_node:[alice] Mined block #4923
INFO:full_node:[alice] Mined block #4924
INFO:full_node:[alice] Mined block #4925
INFO:full_node:[alice] Mined block #4926
INFO:full_node:[alice] Mined block #4927
INFO:full_node:[alice] Mined block #4928
INFO:full_node:[alice] Mined block #4929
INFO:full_node:[alice] Mined block #4930
INFO:full_node:[alice] Mined block #4931
INFO:full_node:[alice] Mined block #4932
INFO:full_node:[alice] Mined block #4933
INFO:full_node:[alice] Mined block #4934
INFO:full_node:[alice] Mined block #4935
INFO:full_node:[alice] Mined block #4936
INFO:full_node:[alice] Mined block #4937
INFO:full_node:[alice] Mined block #4938
INFO:full_node:[alice] Mined block #4939
INFO:full_node:[alice] Mined block #4940
INFO:full_node:[alice] Mined block #4941
INFO:full_node:[alice] Mined block #4942
INFO:full_node:[alice] Mined block #4943
INFO:full_node:[alice] Mined block #4944
INFO:full_node:[alice] Mined block #4945
INFO:full_node:[alice] Mined block #4946
INFO:full_node:[alice] Mined block #4947
INFO:full_node:[alice] Mined block #4948
INFO:full_node:[alice] Mined block #4949
INFO:full_node:[alice] Mined block #4950
INFO:full_node:[alice] Mined block #4951
INFO:full_node:[alice] Mined block #4952
INFO:full_node:[alice] Mined block #4953
INFO:full_node:[alice] Mined block #4954
INFO:full_node:[alice] Mined block #4955
INFO:full_node:[alice] Mined block #4956
INFO:full_node:[alice] Mined block #4957
INFO:full_node:[alice] Mined block #4958
INFO:full_node:[alice] Mined block #4959
INFO:full_node:[alice] Mined block #4960
INFO:full_node:[alice] Mined block #4961
INFO:full_node:[alice] Mined block #4962
INFO:full_node:[alice] Mined block #4963
INFO:full_node:[alice] Mined block #4964
INFO:full_node:[alice] Mined block #4965
INFO:full_node:[alice] Mined block #4966
INFO:full_node:[alice] Mined block #4967
INFO:full_node:[alice] Mined block #4968
INFO:full_node:[alice] Mined block #4969
INFO:full_node:[alice] Mined block #4970
INFO:full_node:[alice] Mined block #4971
INFO:full_node:[alice] Mined block #4972
INFO:full_node:[alice] Mined block #4973
INFO:full_node:[alice] Mined block #4974
INFO:full_node:[alice] Mined block #4975
INFO:full_node:[alice] Mined block #4976
INFO:full_node:[alice] Mined block #4977
INFO:full_node:[alice] Mined block #4978
INFO:full_node:[alice] Mined block #4979
INFO:full_node:[alice] Mined block #4980
INFO:full_node:[alice] Mined block #4981
INFO:full_node:[alice] Mined block #4982
INFO:full_node:[alice] Mined block #4983
INFO:full_node:[alice] Mined block #4984
INFO:full_node:[alice] Mined block #4985
INFO:full_node:[alice] Mined block #4986
INFO:full_node:[alice] Mined block #4987
INFO:full_node:[alice] Mined block #4988
INFO:full_node:[alice] Mined block #4989
INFO:full_node:[alice] Mined block #4990
INFO:full_node:[alice] Mined block #4991
INFO:full_node:[alice] Mined block #4992
INFO:full_node:[alice] Mined block #4993
INFO:full_node:[alice] Mined block #4994
INFO:full_node:[alice] Mined block #4995
INFO:full_node:[alice] Mined block #4996
INFO:full_node:[alice] Mined block #4997
INFO:full_node:[alice] Mined block #4998
INFO:full_node:[alice] Mined block #4999
INFO:full_node:[alice] Mined block #5000
INFO:full_node:[alice] Mined block #5001
INFO:full_node:[alice] Mined block #5002
INFO:full_node:[alice] Mined block #5003
INFO:full_node:[alice] Mined block #5004
INFO:full_node:[alice] Mined block #5005
INFO:full_node:[alice] Mined block #5006
INFO:full_node:[alice] Mined block #5007
INFO:full_node:[alice] Mined block #5008
INFO:full_node:[alice] Mined block #5009
INFO:full_node:[alice] Mined block #5010
INFO:full_node:[alice] Mined block #5011
INFO:full_node:[alice] Mined block #5012
INFO:full_node:[alice] Mined block #5013
INFO:full_node:[alice] Mined block #5014
INFO:full_node:[alice] Mined block #5015
INFO:full_node:[alice] Mined block #5016
INFO:full_node:[alice] Mined block #5017
INFO:full_node:[alice] Mined block #5018
INFO:full_node:[alice] Mined block #5019
INFO:full_node:[alice] Mined block #5020
INFO:full_node:[alice] Mined block #5021
INFO:full_node:[alice] Mined block #5022
INFO:full_node:[alice] Mined block #5023
INFO:full_node:[alice] Mined block #5024
INFO:full_node:[alice] Mined block #5025
INFO:full_node:[alice] Mined block #5026
INFO:full_node:[alice] Mined block #5027
INFO:full_node:[alice] Mined block #5028
INFO:full_node:[alice] Mined block #5029
INFO:full_node:[alice] Mined block #5030
INFO:full_node:[alice] Mined block #5031
INFO:full_node:[alice] Mined block #5032
INFO:full_node:[alice] Mined block #5033
INFO:full_node:[alice] Mined block #5034
INFO:full_node:[alice] Mined block #5035
INFO:full_node:[alice] Mined block #5036
INFO:full_node:[alice] Mined block #5037
INFO:full_node:[alice] Mined block #5038
INFO:full_node:[alice] Mined block #5039
INFO:full_node:[alice] Mined block #5040
INFO:full_node:[alice] Mined block #5041
INFO:full_node:[alice] Mined block #5042
INFO:full_node:[alice] Mined block #5043
INFO:full_node:[alice] Mined block #5044
INFO:full_node:[alice] Mined block #5045
INFO:full_node:[alice] Mined block #5046
INFO:full_node:[alice] Mined block #5047
INFO:full_node:[alice] Mined block #5048
INFO:full_node:[alice] Mined block #5049
INFO:full_node:[alice] Mined block #5050
INFO:full_node:[alice] Mined block #5051
INFO:full_node:[alice] Mined block #5052
INFO:full_node:[alice] Mined block #5053
INFO:full_node:[alice] Mined block #5054
INFO:full_node:[alice] Mined block #5055
INFO:full_node:[alice] Mined block #5056
INFO:full_node:[alice] Mined block #5057
INFO:full_node:[alice] Mined block #5058
INFO:full_node:[alice] Mined block #5059
INFO:full_node:[alice] Mined block #5060
INFO:full_node:[alice] Mined block #5061
INFO:full_node:[alice] Mined block #5062
INFO:full_node:[alice] Mined block #5063
INFO:full_node:[alice] Mined block #5064
INFO:full_node:[alice] Mined block #5065
INFO:full_node:[alice] Mined block #5066
INFO:full_node:[alice] Mined block #5067
INFO:full_node:[alice] Mined block #5068
INFO:full_node:[alice] Mined block #5069
INFO:full_node:[alice] Mined block #5070
INFO:full_node:[alice] Mined block #5071
INFO:full_node:[alice] Mined block #5072
INFO:full_node:[alice] Mined block #5073
INFO:full_node:[alice] Mined block #5074
INFO:full_node:[alice] Mined block #5075
INFO:full_node:[alice] Mined block #5076
INFO:full_node:[alice] Mined block #5077
INFO:full_node:[alice] Mined block #5078
INFO:full_node:[alice] Mined block #5079
INFO:full_node:[alice] Mined block #5080
INFO:full_node:[alice] Mined block #5081
INFO:full_node:[alice] Mined block #5082
INFO:full_node:[alice] Mined block #5083
INFO:full_node:[alice] Mined block #5084
INFO:full_node:[alice] Mined block #5085
INFO:full_node:[alice] Mined block #5086
INFO:full_node:[alice] Mined block #5087
INFO:full_node:[alice] Mined block #5088
INFO:full_node:[alice] Mined block #5089
INFO:full_node:[alice] Mined block #5090
INFO:full_node:[alice] Mined block #5091
INFO:full_node:[alice] Mined block #5092
INFO:full_node:[alice] Mined block #5093
INFO:full_node:[alice] Mined block #5094
INFO:full_node:[alice] Mined block #5095
INFO:full_node:[alice] Mined block #5096
INFO:full_node:[alice] Mined block #5097
INFO:full_node:[alice] Mined block #5098
INFO:full_node:[alice] Mined block #5099
INFO:full_node:[alice] Mined block #5100
INFO:full_node:[alice] Mined block #5101
INFO:full_node:[alice] Mined block #5102
INFO:full_node:[alice] Mined block #5103
INFO:full_node:[alice] Mined block #5104
INFO:full_node:[alice] Mined block #5105
INFO:full_node:[alice] Mined block #5106
INFO:full_node:[alice] Mined block #5107
INFO:full_node:[alice] Mined block #5108
INFO:full_node:[alice] Mined block #5109
INFO:full_node:[alice] Mined block #5110
INFO:full_node:[alice] Mined block #5111
INFO:full_node:[alice] Mined block #5112
INFO:full_node:[alice] Mined block #5113
INFO:full_node:[alice] Mined block #5114
INFO:full_node:[alice] Mined block #5115
INFO:full_node:[alice] Mined block #5116
INFO:full_node:[alice] Mined block #5117
INFO:full_node:[alice] Mined block #5118
INFO:full_node:[alice] Mined block #5119
INFO:full_node:[alice] Mined block #5120
INFO:full_node:[alice] Mined block #5121
INFO:full_node:[alice] Mined block #5122
INFO:full_node:[alice] Mined block #5123
INFO:full_node:[alice] Mined block #5124
INFO:full_node:[alice] Mined block #5125
INFO:full_node:[alice] Mined block #5126
INFO:full_node:[alice] Mined block #5127
INFO:full_node:[alice] Mined block #5128
INFO:full_node:[alice] Mined block #5129
INFO:full_node:[alice] Mined block #5130
INFO:full_node:[alice] Mined block #5131
INFO:full_node:[alice] Mined block #5132
INFO:full_node:[alice] Mined block #5133
INFO:full_node:[alice] Mined block #5134
INFO:full_node:[alice] Mined block #5135
INFO:full_node:[alice] Mined block #5136
INFO:full_node:[alice] Mined block #5137
INFO:full_node:[alice] Mined block #5138
INFO:full_node:[alice] Mined block #5139
INFO:full_node:[alice] Mined block #5140
INFO:full_node:[alice] Mined block #5141
INFO:full_node:[alice] Mined block #5142
INFO:full_node:[alice] Mined block #5143
INFO:full_node:[alice] Mined block #5144
INFO:full_node:[alice] Mined block #5145
INFO:full_node:[alice] Mined block #5146
INFO:full_node:[alice] Mined block #5147
INFO:full_node:[alice] Mined block #5148
INFO:full_node:[alice] Mined block #5149
INFO:full_node:[alice] Mined block #5150
INFO:full_node:[alice] Mined block #5151
INFO:full_node:[alice] Mined block #5152
INFO:full_node:[alice] Mined block #5153
INFO:full_node:[alice] Mined block #5154
INFO:full_node:[alice] Mined block #5155
INFO:full_node:[alice] Mined block #5156
INFO:full_node:[alice] Mined block #5157
INFO:full_node:[alice] Mined block #5158
INFO:full_node:[alice] Mined block #5159
INFO:full_node:[alice] Mined block #5160
INFO:full_node:[alice] Mined block #5161
INFO:full_node:[alice] Mined block #5162
INFO:full_node:[alice] Mined block #5163
INFO:full_node:[alice] Mined block #5164
INFO:full_node:[alice] Mined block #5165
INFO:full_node:[alice] Mined block #5166
INFO:full_node:[alice] Mined block #5167
INFO:full_node:[alice] Mined block #5168
INFO:full_node:[alice] Mined block #5169
INFO:full_node:[alice] Mined block #5170
INFO:full_node:[alice] Mined block #5171
INFO:full_node:[alice] Mined block #5172
INFO:full_node:[alice] Mined block #5173
INFO:full_node:[alice] Mined block #5174
INFO:full_node:[alice] Mined block #5175
INFO:full_node:[alice] Mined block #5176
INFO:full_node:[alice] Mined block #5177
INFO:full_node:[alice] Mined block #5178
INFO:full_node:[alice] Mined block #5179
INFO:full_node:[alice] Mined block #5180
INFO:full_node:[alice] Mined block #5181
INFO:full_node:[alice] Mined block #5182
INFO:full_node:[alice] Mined block #5183
INFO:full_node:[alice] Mined block #5184
INFO:full_node:[alice] Mined block #5185
INFO:full_node:[alice] Mined block #5186
INFO:full_node:[alice] Mined block #5187
INFO:full_node:[alice] Mined block #5188
INFO:full_node:[alice] Mined block #5189
INFO:full_node:[alice] Mined block #5190
INFO:full_node:[alice] Mined block #5191
INFO:full_node:[alice] Mined block #5192
INFO:full_node:[alice] Mined block #5193
INFO:full_node:[alice] Mined block #5194
INFO:full_node:[alice] Mined block #5195
INFO:full_node:[alice] Mined block #5196
INFO:full_node:[alice] Mined block #5197
INFO:full_node:[alice] Mined block #5198
INFO:full_node:[alice] Mined block #5199
INFO:full_node:[alice] Mined block #5200
INFO:full_node:[alice] Mined block #5201
INFO:full_node:[alice] Mined block #5202
INFO:full_node:[alice] Mined block #5203
INFO:full_node:[alice] Mined block #5204
INFO:full_node:[alice] Mined block #5205
INFO:full_node:[alice] Mined block #5206
INFO:full_node:[alice] Mined block #5207
INFO:full_node:[alice] Mined block #5208
INFO:full_node:[alice] Mined block #5209
INFO:full_node:[alice] Mined block #5210
INFO:full_node:[alice] Mined block #5211
INFO:full_node:[alice] Mined block #5212
INFO:full_node:[alice] Mined block #5213
INFO:full_node:[alice] Mined block #5214
INFO:full_node:[alice] Mined block #5215
INFO:full_node:[alice] Mined block #5216
INFO:full_node:[alice] Mined block #5217
INFO:full_node:[alice] Mined block #5218
INFO:full_node:[alice] Mined block #5219
INFO:full_node:[alice] Mined block #5220
INFO:full_node:[alice] Mined block #5221
INFO:full_node:[alice] Mined block #5222
INFO:full_node:[alice] Mined block #5223
INFO:full_node:[alice] Mined block #5224
INFO:full_node:[alice] Mined block #5225
INFO:full_node:[alice] Mined block #5226
INFO:full_node:[alice] Mined block #5227
INFO:full_node:[alice] Mined block #5228
INFO:full_node:[alice] Mined block #5229
INFO:full_node:[alice] Mined block #5230
INFO:full_node:[alice] Mined block #5231
INFO:full_node:[alice] Mined block #5232
INFO:full_node:[alice] Mined block #5233
INFO:full_node:[alice] Mined block #5234
INFO:full_node:[alice] Mined block #5235
INFO:full_node:[alice] Mined block #5236
INFO:full_node:[alice] Mined block #5237
INFO:full_node:[alice] Mined block #5238
INFO:full_node:[alice] Mined block #5239
INFO:full_node:[alice] Mined block #5240
INFO:full_node:[alice] Mined block #5241
INFO:full_node:[alice] Mined block #5242
INFO:full_node:[alice] Mined block #5243
INFO:full_node:[alice] Mined block #5244
INFO:full_node:[alice] Mined block #5245
INFO:full_node:[alice] Mined block #5246
INFO:full_node:[alice] Mined block #5247
INFO:full_node:[alice] Mined block #5248
INFO:full_node:[alice] Mined block #5249
INFO:full_node:[alice] Mined block #5250
INFO:full_node:[alice] Mined block #5251
INFO:full_node:[alice] Mined block #5252
INFO:full_node:[alice] Mined block #5253
INFO:full_node:[alice] Mined block #5254
INFO:full_node:[alice] Mined block #5255
INFO:full_node:[alice] Mined block #5256
INFO:full_node:[alice] Mined block #5257
INFO:full_node:[alice] Mined block #5258
INFO:full_node:[alice] Mined block #5259
INFO:full_node:[alice] Mined block #5260
INFO:full_node:[alice] Mined block #5261
INFO:full_node:[alice] Mined block #5262
INFO:full_node:[alice] Mined block #5263
INFO:full_node:[alice] Mined block #5264
INFO:full_node:[alice] Mined block #5265
INFO:full_node:[alice] Mined block #5266
INFO:full_node:[alice] Mined block #5267
INFO:full_node:[alice] Mined block #5268
INFO:full_node:[alice] Mined block #5269
INFO:full_node:[alice] Mined block #5270
INFO:full_node:[alice] Mined block #5271
INFO:full_node:[alice] Mined block #5272
INFO:full_node:[alice] Mined block #5273
INFO:full_node:[alice] Mined block #5274
INFO:full_node:[alice] Mined block #5275
INFO:full_node:[alice] Mined block #5276
INFO:full_node:[alice] Mined block #5277
INFO:full_node:[alice] Mined block #5278
INFO:full_node:[alice] Mined block #5279
INFO:full_node:[alice] Mined block #5280
INFO:full_node:[alice] Mined block #5281
INFO:full_node:[alice] Mined block #5282
INFO:full_node:[alice] Mined block #5283
INFO:full_node:[alice] Mined block #5284
INFO:full_node:[alice] Mined block #5285
INFO:full_node:[alice] Mined block #5286
INFO:full_node:[alice] Mined block #5287
INFO:full_node:[alice] Mined block #5288
INFO:full_node:[alice] Mined block #5289
INFO:full_node:[alice] Mined block #5290
INFO:full_node:[alice] Mined block #5291
INFO:full_node:[alice] Mined block #5292
INFO:full_node:[alice] Mined block #5293
INFO:full_node:[alice] Mined block #5294
INFO:full_node:[alice] Mined block #5295
INFO:full_node:[alice] Mined block #5296
INFO:full_node:[alice] Mined block #5297
INFO:full_node:[alice] Mined block #5298
INFO:full_node:[alice] Mined block #5299
INFO:full_node:[alice] Mined block #5300
INFO:full_node:[alice] Mined block #5301
INFO:full_node:[alice] Mined block #5302
INFO:full_node:[alice] Mined block #5303
INFO:full_node:[alice] Mined block #5304
INFO:full_node:[alice] Mined block #5305
INFO:full_node:[alice] Mined block #5306
INFO:full_node:[alice] Mined block #5307
INFO:full_node:[alice] Mined block #5308
INFO:full_node:[alice] Mined block #5309
INFO:full_node:[alice] Mined block #5310
INFO:full_node:[alice] Mined block #5311
INFO:full_node:[alice] Mined block #5312
INFO:full_node:[alice] Mined block #5313
INFO:full_node:[alice] Mined block #5314
INFO:full_node:[alice] Mined block #5315
INFO:full_node:[alice] Mined block #5316
INFO:full_node:[alice] Mined block #5317
INFO:full_node:[alice] Mined block #5318
INFO:full_node:[alice] Mined block #5319
INFO:full_node:[alice] Mined block #5320
INFO:full_node:[alice] Mined block #5321
INFO:full_node:[alice] Mined block #5322
INFO:full_node:[alice] Mined block #5323
INFO:full_node:[alice] Mined block #5324
INFO:full_node:[alice] Mined block #5325
INFO:full_node:[alice] Mined block #5326
INFO:full_node:[alice] Mined block #5327
INFO:full_node:[alice] Mined block #5328
INFO:full_node:[alice] Mined block #5329
INFO:full_node:[alice] Mined block #5330
INFO:full_node:[alice] Mined block #5331
INFO:full_node:[alice] Mined block #5332
INFO:full_node:[alice] Mined block #5333
INFO:full_node:[alice] Mined block #5334
INFO:full_node:[alice] Mined block #5335
INFO:full_node:[alice] Mined block #5336
INFO:full_node:[alice] Mined block #5337
INFO:full_node:[alice] Mined block #5338
INFO:full_node:[alice] Mined block #5339
INFO:full_node:[alice] Mined block #5340
INFO:full_node:[alice] Mined block #5341
INFO:full_node:[alice] Mined block #5342
INFO:full_node:[alice] Mined block #5343
INFO:full_node:[alice] Mined block #5344
INFO:full_node:[alice] Mined block #5345
INFO:full_node:[alice] Mined block #5346
INFO:full_node:[alice] Mined block #5347
INFO:full_node:[alice] Mined block #5348
INFO:full_node:[alice] Mined block #5349
INFO:full_node:[alice] Mined block #5350
INFO:full_node:[alice] Mined block #5351
INFO:full_node:[alice] Mined block #5352
INFO:full_node:[alice] Mined block #5353
INFO:full_node:[alice] Mined block #5354
INFO:full_node:[alice] Mined block #5355
INFO:full_node:[alice] Mined block #5356
INFO:full_node:[alice] Mined block #5357
INFO:full_node:[alice] Mined block #5358
INFO:full_node:[alice] Mined block #5359
INFO:full_node:[alice] Mined block #5360
INFO:full_node:[alice] Mined block #5361
INFO:full_node:[alice] Mined block #5362
INFO:full_node:[alice] Mined block #5363
INFO:full_node:[alice] Mined block #5364
INFO:full_node:[alice] Mined block #5365
INFO:full_node:[alice] Mined block #5366
INFO:full_node:[alice] Mined block #5367
INFO:full_node:[alice] Mined block #5368
INFO:full_node:[alice] Mined block #5369
INFO:full_node:[alice] Mined block #5370
INFO:full_node:[alice] Mined block #5371
INFO:full_node:[alice] Mined block #5372
INFO:full_node:[alice] Mined block #5373
INFO:full_node:[alice] Mined block #5374
INFO:full_node:[alice] Mined block #5375
INFO:full_node:[alice] Mined block #5376
INFO:full_node:[alice] Mined block #5377
INFO:full_node:[alice] Mined block #5378
INFO:full_node:[alice] Mined block #5379
INFO:full_node:[alice] Mined block #5380
INFO:full_node:[alice] Mined block #5381
INFO:full_node:[alice] Mined block #5382
INFO:full_node:[alice] Mined block #5383
INFO:full_node:[alice] Mined block #5384
INFO:full_node:[alice] Mined block #5385
INFO:full_node:[alice] Mined block #5386
INFO:full_node:[alice] Mined block #5387
INFO:full_node:[alice] Mined block #5388
INFO:full_node:[alice] Mined block #5389
INFO:full_node:[alice] Mined block #5390
INFO:full_node:[alice] Mined block #5391
INFO:full_node:[alice] Mined block #5392
INFO:full_node:[alice] Mined block #5393
INFO:full_node:[alice] Mined block #5394
INFO:full_node:[alice] Mined block #5395
INFO:full_node:[alice] Mined block #5396
INFO:full_node:[alice] Mined block #5397
INFO:full_node:[alice] Mined block #5398
INFO:full_node:[alice] Mined block #5399
INFO:full_node:[alice] Mined block #5400
INFO:full_node:[alice] Mined block #5401
INFO:full_node:[alice] Mined block #5402
INFO:full_node:[alice] Mined block #5403
INFO:full_node:[alice] Mined block #5404
INFO:full_node:[alice] Mined block #5405
INFO:full_node:[alice] Mined block #5406
INFO:full_node:[alice] Mined block #5407
INFO:full_node:[alice] Mined block #5408
INFO:full_node:[alice] Mined block #5409
INFO:full_node:[alice] Mined block #5410
INFO:full_node:[alice] Mined block #5411
INFO:full_node:[alice] Mined block #5412
INFO:full_node:[alice] Mined block #5413
INFO:full_node:[alice] Mined block #5414
INFO:full_node:[alice] Mined block #5415
INFO:full_node:[alice] Mined block #5416
INFO:full_node:[alice] Mined block #5417
INFO:full_node:[alice] Mined block #5418
INFO:full_node:[alice] Mined block #5419
INFO:full_node:[alice] Mined block #5420
INFO:full_node:[alice] Mined block #5421
INFO:full_node:[alice] Mined block #5422
INFO:full_node:[alice] Mined block #5423
INFO:full_node:[alice] Mined block #5424
INFO:full_node:[alice] Mined block #5425
INFO:full_node:[alice] Mined block #5426
INFO:full_node:[alice] Mined block #5427
INFO:full_node:[alice] Mined block #5428
INFO:full_node:[alice] Mined block #5429
INFO:full_node:[alice] Mined block #5430
INFO:full_node:[alice] Mined block #5431
INFO:full_node:[alice] Mined block #5432
INFO:full_node:[alice] Mined block #5433
INFO:full_node:[alice] Mined block #5434
INFO:full_node:[alice] Mined block #5435
INFO:full_node:[alice] Mined block #5436
INFO:full_node:[alice] Mined block #5437
INFO:full_node:[alice] Mined block #5438
INFO:full_node:[alice] Mined block #5439
INFO:full_node:[alice] Mined block #5440
INFO:full_node:[alice] Mined block #5441
INFO:full_node:[alice] Mined block #5442
INFO:full_node:[alice] Mined block #5443
INFO:full_node:[alice] Mined block #5444
INFO:full_node:[alice] Mined block #5445
INFO:full_node:[alice] Mined block #5446
INFO:full_node:[alice] Mined block #5447
INFO:full_node:[alice] Mined block #5448
INFO:full_node:[alice] Mined block #5449
INFO:full_node:[alice] Mined block #5450
INFO:full_node:[alice] Mined block #5451
INFO:full_node:[alice] Mined block #5452
INFO:full_node:[alice] Mined block #5453
INFO:full_node:[alice] Mined block #5454
INFO:full_node:[alice] Mined block #5455
INFO:full_node:[alice] Mined block #5456
INFO:full_node:[alice] Mined block #5457
INFO:full_node:[alice] Mined block #5458
INFO:full_node:[alice] Mined block #5459
INFO:full_node:[alice] Mined block #5460
INFO:full_node:[alice] Mined block #5461
INFO:full_node:[alice] Mined block #5462
INFO:full_node:[alice] Mined block #5463
INFO:full_node:[alice] Mined block #5464
INFO:full_node:[alice] Mined block #5465
INFO:full_node:[alice] Mined block #5466
INFO:full_node:[alice] Mined block #5467
INFO:full_node:[alice] Mined block #5468
INFO:full_node:[alice] Mined block #5469
INFO:full_node:[alice] Mined block #5470
INFO:full_node:[alice] Mined block #5471
INFO:full_node:[alice] Mined block #5472
INFO:full_node:[alice] Mined block #5473
INFO:full_node:[alice] Mined block #5474
INFO:full_node:[alice] Mined block #5475
INFO:full_node:[alice] Mined block #5476
INFO:full_node:[alice] Mined block #5477
INFO:full_node:[alice] Mined block #5478
INFO:full_node:[alice] Mined block #5479
INFO:full_node:[alice] Mined block #5480
INFO:full_node:[alice] Mined block #5481
INFO:full_node:[alice] Mined block #5482
INFO:full_node:[alice] Mined block #5483
INFO:full_node:[alice] Mined block #5484
INFO:full_node:[alice] Mined block #5485
INFO:full_node:[alice] Mined block #5486
INFO:full_node:[alice] Mined block #5487
INFO:full_node:[alice] Mined block #5488
INFO:full_node:[alice] Mined block #5489
INFO:full_node:[alice] Mined block #5490
INFO:full_node:[alice] Mined block #5491
INFO:full_node:[alice] Mined block #5492
INFO:full_node:[alice] Mined block #5493
INFO:full_node:[alice] Mined block #5494
INFO:full_node:[alice] Mined block #5495
INFO:full_node:[alice] Mined block #5496
INFO:full_node:[alice] Mined block #5497
INFO:full_node:[alice] Mined block #5498
INFO:full_node:[alice] Mined block #5499
INFO:full_node:[alice] Mined block #5500
INFO:full_node:[alice] Mined block #5501
INFO:full_node:[alice] Mined block #5502
INFO:full_node:[alice] Mined block #5503
INFO:full_node:[alice] Mined block #5504
INFO:full_node:[alice] Mined block #5505
INFO:full_node:[alice] Mined block #5506
INFO:full_node:[alice] Mined block #5507
INFO:full_node:[alice] Mined block #5508
INFO:full_node:[alice] Mined block #5509
INFO:full_node:[alice] Mined block #5510
INFO:full_node:[alice] Mined block #5511
INFO:full_node:[alice] Mined block #5512
INFO:full_node:[alice] Mined block #5513
INFO:full_node:[alice] Mined block #5514
INFO:full_node:[alice] Mined block #5515
INFO:full_node:[alice] Mined block #5516
INFO:full_node:[alice] Mined block #5517
INFO:full_node:[alice] Mined block #5518
INFO:full_node:[alice] Mined block #5519
INFO:full_node:[alice] Mined block #5520
INFO:full_node:[alice] Mined block #5521
INFO:full_node:[alice] Mined block #5522
INFO:full_node:[alice] Mined block #5523
INFO:full_node:[alice] Mined block #5524
INFO:full_node:[alice] Mined block #5525
INFO:full_node:[alice] Mined block #5526
INFO:full_node:[alice] Mined block #5527
INFO:full_node:[alice] Mined block #5528
INFO:full_node:[alice] Mined block #5529
INFO:full_node:[alice] Mined block #5530
INFO:full_node:[alice] Mined block #5531
INFO:full_node:[alice] Mined block #5532
INFO:full_node:[alice] Mined block #5533
INFO:full_node:[alice] Mined block #5534
INFO:full_node:[alice] Mined block #5535
INFO:full_node:[alice] Mined block #5536
INFO:full_node:[alice] Mined block #5537
INFO:full_node:[alice] Mined block #5538
INFO:full_node:[alice] Mined block #5539
INFO:full_node:[alice] Mined block #5540
INFO:full_node:[alice] Mined block #5541
INFO:full_node:[alice] Mined block #5542
INFO:full_node:[alice] Mined block #5543
INFO:full_node:[alice] Mined block #5544
INFO:full_node:[alice] Mined block #5545
INFO:full_node:[alice] Mined block #5546
INFO:full_node:[alice] Mined block #5547
INFO:full_node:[alice] Mined block #5548
INFO:full_node:[alice] Mined block #5549
INFO:full_node:[alice] Mined block #5550
INFO:full_node:[alice] Mined block #5551
INFO:full_node:[alice] Mined block #5552
INFO:full_node:[alice] Mined block #5553
INFO:full_node:[alice] Mined block #5554
INFO:full_node:[alice] Mined block #5555
INFO:full_node:[alice] Mined block #5556
INFO:full_node:[alice] Mined block #5557
INFO:full_node:[alice] Mined block #5558
INFO:full_node:[alice] Mined block #5559
INFO:full_node:[alice] Mined block #5560
INFO:full_node:[alice] Mined block #5561
INFO:full_node:[alice] Mined block #5562
INFO:full_node:[alice] Mined block #5563
INFO:full_node:[alice] Mined block #5564
INFO:full_node:[alice] Mined block #5565
INFO:full_node:[alice] Mined block #5566
INFO:full_node:[alice] Mined block #5567
INFO:full_node:[alice] Mined block #5568
INFO:full_node:[alice] Mined block #5569
INFO:full_node:[alice] Mined block #5570
INFO:full_node:[alice] Mined block #5571
INFO:full_node:[alice] Mined block #5572
INFO:full_node:[alice] Mined block #5573
INFO:full_node:[alice] Mined block #5574
INFO:full_node:[alice] Mined block #5575
INFO:full_node:[alice] Mined block #5576
INFO:full_node:[alice] Mined block #5577
INFO:full_node:[alice] Mined block #5578
INFO:full_node:[alice] Mined block #5579
INFO:full_node:[alice] Mined block #5580
INFO:full_node:[alice] Mined block #5581
INFO:full_node:[alice] Mined block #5582
INFO:full_node:[alice] Mined block #5583
INFO:full_node:[alice] Mined block #5584
INFO:full_node:[alice] Mined block #5585
INFO:full_node:[alice] Mined block #5586
INFO:full_node:[alice] Mined block #5587
INFO:full_node:[alice] Mined block #5588
INFO:full_node:[alice] Mined block #5589
INFO:full_node:[alice] Mined block #5590
INFO:full_node:[alice] Mined block #5591
INFO:full_node:[alice] Mined block #5592
INFO:full_node:[alice] Mined block #5593
INFO:full_node:[alice] Mined block #5594
INFO:full_node:[alice] Mined block #5595
INFO:full_node:[alice] Mined block #5596
INFO:full_node:[alice] Mined block #5597
INFO:full_node:[alice] Mined block #5598
INFO:full_node:[alice] Mined block #5599
INFO:full_node:[alice] Mined block #5600
INFO:full_node:[alice] Mined block #5601
INFO:full_node:[alice] Mined block #5602
INFO:full_node:[alice] Mined block #5603
INFO:full_node:[alice] Mined block #5604
INFO:full_node:[alice] Mined block #5605
INFO:full_node:[alice] Mined block #5606
INFO:full_node:[alice] Mined block #5607
INFO:full_node:[alice] Mined block #5608
INFO:full_node:[alice] Mined block #5609
INFO:full_node:[alice] Mined block #5610
INFO:full_node:[alice] Mined block #5611
INFO:full_node:[alice] Mined block #5612
INFO:full_node:[alice] Mined block #5613
INFO:full_node:[alice] Mined block #5614
INFO:full_node:[alice] Mined block #5615
INFO:full_node:[alice] Mined block #5616
INFO:full_node:[alice] Mined block #5617
INFO:full_node:[alice] Mined block #5618
INFO:full_node:[alice] Mined block #5619
INFO:full_node:[alice] Mined block #5620
INFO:full_node:[alice] Mined block #5621
INFO:full_node:[alice] Mined block #5622
INFO:full_node:[alice] Mined block #5623
INFO:full_node:[alice] Mined block #5624
INFO:full_node:[alice] Mined block #5625
INFO:full_node:[alice] Mined block #5626
INFO:full_node:[alice] Mined block #5627
INFO:full_node:[alice] Mined block #5628
INFO:full_node:[alice] Mined block #5629
INFO:full_node:[alice] Mined block #5630
INFO:full_node:[alice] Mined block #5631
INFO:full_node:[alice] Mined block #5632
INFO:full_node:[alice] Mined block #5633
INFO:full_node:[alice] Mined block #5634
INFO:full_node:[alice] Mined block #5635
INFO:full_node:[alice] Mined block #5636
INFO:full_node:[alice] Mined block #5637
INFO:full_node:[alice] Mined block #5638
INFO:full_node:[alice] Mined block #5639
INFO:full_node:[alice] Mined block #5640
INFO:full_node:[alice] Mined block #5641
INFO:full_node:[alice] Mined block #5642
INFO:full_node:[alice] Mined block #5643
INFO:full_node:[alice] Mined block #5644
INFO:full_node:[alice] Mined block #5645
INFO:full_node:[alice] Mined block #5646
INFO:full_node:[alice] Mined block #5647
INFO:full_node:[alice] Mined block #5648
INFO:full_node:[alice] Mined block #5649
INFO:full_node:[alice] Mined block #5650
INFO:full_node:[alice] Mined block #5651
INFO:full_node:[alice] Mined block #5652
INFO:full_node:[alice] Mined block #5653
INFO:full_node:[alice] Mined block #5654
INFO:full_node:[alice] Mined block #5655
INFO:full_node:[alice] Mined block #5656
INFO:full_node:[alice] Mined block #5657
INFO:full_node:[alice] Mined block #5658
INFO:full_node:[alice] Mined block #5659
INFO:full_node:[alice] Mined block #5660
INFO:full_node:[alice] Mined block #5661
INFO:full_node:[alice] Mined block #5662
INFO:full_node:[alice] Mined block #5663
INFO:full_node:[alice] Mined block #5664
INFO:full_node:[alice] Mined block #5665
INFO:full_node:[alice] Mined block #5666
INFO:full_node:[alice] Mined block #5667
INFO:full_node:[alice] Mined block #5668
INFO:full_node:[alice] Mined block #5669
INFO:full_node:[alice] Mined block #5670
INFO:full_node:[alice] Mined block #5671
INFO:full_node:[alice] Mined block #5672
INFO:full_node:[alice] Mined block #5673
INFO:full_node:[alice] Mined block #5674
INFO:full_node:[alice] Mined block #5675
INFO:full_node:[alice] Mined block #5676
INFO:full_node:[alice] Mined block #5677
INFO:full_node:[alice] Mined block #5678
INFO:full_node:[alice] Mined block #5679
INFO:full_node:[alice] Mined block #5680
INFO:full_node:[alice] Mined block #5681
INFO:full_node:[alice] Mined block #5682
INFO:full_node:[alice] Mined block #5683
INFO:full_node:[alice] Mined block #5684
INFO:full_node:[alice] Mined block #5685
INFO:full_node:[alice] Mined block #5686
INFO:full_node:[alice] Mined block #5687
INFO:full_node:[alice] Mined block #5688
INFO:full_node:[alice] Mined block #5689
INFO:full_node:[alice] Mined block #5690
INFO:full_node:[alice] Mined block #5691
INFO:full_node:[alice] Mined block #5692
INFO:full_node:[alice] Mined block #5693
INFO:full_node:[alice] Mined block #5694
INFO:full_node:[alice] Mined block #5695
INFO:full_node:[alice] Mined block #5696
INFO:full_node:[alice] Mined block #5697
INFO:full_node:[alice] Mined block #5698
INFO:full_node:[alice] Mined block #5699
INFO:full_node:[alice] Mined block #5700
INFO:full_node:[alice] Mined block #5701
INFO:full_node:[alice] Mined block #5702
INFO:full_node:[alice] Mined block #5703
INFO:full_node:[alice] Mined block #5704
INFO:full_node:[alice] Mined block #5705
INFO:full_node:[alice] Mined block #5706
INFO:full_node:[alice] Mined block #5707
INFO:full_node:[alice] Mined block #5708
INFO:full_node:[alice] Mined block #5709
INFO:full_node:[alice] Mined block #5710
INFO:full_node:[alice] Mined block #5711
INFO:full_node:[alice] Mined block #5712
INFO:full_node:[alice] Mined block #5713
INFO:full_node:[alice] Mined block #5714
INFO:full_node:[alice] Mined block #5715
INFO:full_node:[alice] Mined block #5716
INFO:full_node:[alice] Mined block #5717
INFO:full_node:[alice] Mined block #5718
INFO:full_node:[alice] Mined block #5719
INFO:full_node:[alice] Mined block #5720
INFO:full_node:[alice] Mined block #5721
INFO:full_node:[alice] Mined block #5722
INFO:full_node:[alice] Mined block #5723
INFO:full_node:[alice] Mined block #5724
INFO:full_node:[alice] Mined block #5725
INFO:full_node:[alice] Mined block #5726
INFO:full_node:[alice] Mined block #5727
INFO:full_node:[alice] Mined block #5728
INFO:full_node:[alice] Mined block #5729
INFO:full_node:[alice] Mined block #5730
INFO:full_node:[alice] Mined block #5731
INFO:full_node:[alice] Mined block #5732
INFO:full_node:[alice] Mined block #5733
INFO:full_node:[alice] Mined block #5734
INFO:full_node:[alice] Mined block #5735
INFO:full_node:[alice] Mined block #5736
INFO:full_node:[alice] Mined block #5737
INFO:full_node:[alice] Mined block #5738
INFO:full_node:[alice] Mined block #5739
INFO:full_node:[alice] Mined block #5740
INFO:full_node:[alice] Mined block #5741
INFO:full_node:[alice] Mined block #5742
INFO:full_node:[alice] Mined block #5743
INFO:full_node:[alice] Mined block #5744
INFO:full_node:[alice] Mined block #5745
INFO:full_node:[alice] Mined block #5746
INFO:full_node:[alice] Mined block #5747
INFO:full_node:[alice] Mined block #5748
INFO:full_node:[alice] Mined block #5749
INFO:full_node:[alice] Mined block #5750
INFO:full_node:[alice] Mined block #5751
INFO:full_node:[alice] Mined block #5752
INFO:full_node:[alice] Mined block #5753
INFO:full_node:[alice] Mined block #5754
INFO:full_node:[alice] Mined block #5755
INFO:full_node:[alice] Mined block #5756
INFO:full_node:[alice] Mined block #5757
INFO:full_node:[alice] Mined block #5758
INFO:full_node:[alice] Mined block #5759
INFO:full_node:[alice] Mined block #5760
INFO:full_node:[alice] Mined block #5761
INFO:full_node:[alice] Mined block #5762
INFO:full_node:[alice] Mined block #5763
INFO:full_node:[alice] Mined block #5764
INFO:full_node:[alice] Mined block #5765
INFO:full_node:[alice] Mined block #5766
INFO:full_node:[alice] Mined block #5767
INFO:full_node:[alice] Mined block #5768
INFO:full_node:[alice] Mined block #5769
INFO:full_node:[alice] Mined block #5770
INFO:full_node:[alice] Mined block #5771
INFO:full_node:[alice] Mined block #5772
INFO:full_node:[alice] Mined block #5773
INFO:full_node:[alice] Mined block #5774
INFO:full_node:[alice] Mined block #5775
INFO:full_node:[alice] Mined block #5776
INFO:full_node:[alice] Mined block #5777
INFO:full_node:[alice] Mined block #5778
INFO:full_node:[alice] Mined block #5779
INFO:full_node:[alice] Mined block #5780
INFO:full_node:[alice] Mined block #5781
INFO:full_node:[alice] Mined block #5782
INFO:full_node:[alice] Mined block #5783
INFO:full_node:[alice] Mined block #5784
INFO:full_node:[alice] Mined block #5785
INFO:full_node:[alice] Mined block #5786
INFO:full_node:[alice] Mined block #5787
INFO:full_node:[alice] Mined block #5788
INFO:full_node:[alice] Mined block #5789
INFO:full_node:[alice] Mined block #5790
INFO:full_node:[alice] Mined block #5791
INFO:full_node:[alice] Mined block #5792
INFO:full_node:[alice] Mined block #5793
INFO:full_node:[alice] Mined block #5794
INFO:full_node:[alice] Mined block #5795
INFO:full_node:[alice] Mined block #5796
INFO:full_node:[alice] Mined block #5797
INFO:full_node:[alice] Mined block #5798
INFO:full_node:[alice] Mined block #5799
INFO:full_node:[alice] Mined block #5800
INFO:full_node:[alice] Mined block #5801
INFO:full_node:[alice] Mined block #5802
INFO:full_node:[alice] Mined block #5803
INFO:full_node:[alice] Mined block #5804
INFO:full_node:[alice] Mined block #5805
INFO:full_node:[alice] Mined block #5806
INFO:full_node:[alice] Mined block #5807
INFO:full_node:[alice] Mined block #5808
INFO:full_node:[alice] Mined block #5809
INFO:full_node:[alice] Mined block #5810
INFO:full_node:[alice] Mined block #5811
INFO:full_node:[alice] Mined block #5812
INFO:full_node:[alice] Mined block #5813
INFO:full_node:[alice] Mined block #5814
INFO:full_node:[alice] Mined block #5815
INFO:full_node:[alice] Mined block #5816
INFO:full_node:[alice] Mined block #5817
INFO:full_node:[alice] Mined block #5818
INFO:full_node:[alice] Mined block #5819
INFO:full_node:[alice] Mined block #5820
INFO:full_node:[alice] Mined block #5821
INFO:full_node:[alice] Mined block #5822
INFO:full_node:[alice] Mined block #5823
INFO:full_node:[alice] Mined block #5824
INFO:full_node:[alice] Mined block #5825
INFO:full_node:[alice] Mined block #5826
INFO:full_node:[alice] Mined block #5827
INFO:full_node:[alice] Mined block #5828
INFO:full_node:[alice] Mined block #5829
INFO:full_node:[alice] Mined block #5830
INFO:full_node:[alice] Mined block #5831
INFO:full_node:[alice] Mined block #5832
INFO:full_node:[alice] Mined block #5833
INFO:full_node:[alice] Mined block #5834
INFO:full_node:[alice] Mined block #5835
INFO:full_node:[alice] Mined block #5836
INFO:full_node:[alice] Mined block #5837
INFO:full_node:[alice] Mined block #5838
INFO:full_node:[alice] Mined block #5839
INFO:full_node:[alice] Mined block #5840
INFO:full_node:[alice] Mined block #5841
INFO:full_node:[alice] Mined block #5842
INFO:full_node:[alice] Mined block #5843
INFO:full_node:[alice] Mined block #5844
INFO:full_node:[alice] Mined block #5845
INFO:full_node:[alice] Mined block #5846
INFO:full_node:[alice] Mined block #5847
INFO:full_node:[alice] Mined block #5848
INFO:full_node:[alice] Mined block #5849
INFO:full_node:[alice] Mined block #5850
INFO:full_node:[alice] Mined block #5851
INFO:full_node:[alice] Mined block #5852
INFO:full_node:[alice] Mined block #5853
INFO:full_node:[alice] Mined block #5854
INFO:full_node:[alice] Mined block #5855
INFO:full_node:[alice] Mined block #5856
INFO:full_node:[alice] Mined block #5857
INFO:full_node:[alice] Mined block #5858
INFO:full_node:[alice] Mined block #5859
INFO:full_node:[alice] Mined block #5860
INFO:full_node:[alice] Mined block #5861
INFO:full_node:[alice] Mined block #5862
INFO:full_node:[alice] Mined block #5863
INFO:full_node:[alice] Mined block #5864
INFO:full_node:[alice] Mined block #5865
INFO:full_node:[alice] Mined block #5866
INFO:full_node:[alice] Mined block #5867
INFO:full_node:[alice] Mined block #5868
INFO:full_node:[alice] Mined block #5869
INFO:full_node:[alice] Mined block #5870
INFO:full_node:[alice] Mined block #5871
INFO:full_node:[alice] Mined block #5872
INFO:full_node:[alice] Mined block #5873
INFO:full_node:[alice] Mined block #5874
INFO:full_node:[alice] Mined block #5875
INFO:full_node:[alice] Mined block #5876
INFO:full_node:[alice] Mined block #5877
INFO:full_node:[alice] Mined block #5878
INFO:full_node:[alice] Mined block #5879
INFO:full_node:[alice] Mined block #5880
INFO:full_node:[alice] Mined block #5881
INFO:full_node:[alice] Mined block #5882
INFO:full_node:[alice] Mined block #5883
INFO:full_node:[alice] Mined block #5884
INFO:full_node:[alice] Mined block #5885
INFO:full_node:[alice] Mined block #5886
INFO:full_node:[alice] Mined block #5887
INFO:full_node:[alice] Mined block #5888
INFO:full_node:[alice] Mined block #5889
INFO:full_node:[alice] Mined block #5890
INFO:full_node:[alice] Mined block #5891
INFO:full_node:[alice] Mined block #5892
INFO:full_node:[alice] Mined block #5893
INFO:full_node:[alice] Mined block #5894
INFO:full_node:[alice] Mined block #5895
INFO:full_node:[alice] Mined block #5896
INFO:full_node:[alice] Mined block #5897
INFO:full_node:[alice] Mined block #5898
INFO:full_node:[alice] Mined block #5899
INFO:full_node:[alice] Mined block #5900
INFO:full_node:[alice] Mined block #5901
INFO:full_node:[alice] Mined block #5902
INFO:full_node:[alice] Mined block #5903
INFO:full_node:[alice] Mined block #5904
INFO:full_node:[alice] Mined block #5905
INFO:full_node:[alice] Mined block #5906
INFO:full_node:[alice] Mined block #5907
INFO:full_node:[alice] Mined block #5908
INFO:full_node:[alice] Mined block #5909
INFO:full_node:[alice] Mined block #5910
INFO:full_node:[alice] Mined block #5911
INFO:full_node:[alice] Mined block #5912
INFO:full_node:[alice] Mined block #5913
INFO:full_node:[alice] Mined block #5914
INFO:full_node:[alice] Mined block #5915
INFO:full_node:[alice] Mined block #5916
INFO:full_node:[alice] Mined block #5917
INFO:full_node:[alice] Mined block #5918
INFO:full_node:[alice] Mined block #5919
INFO:full_node:[alice] Mined block #5920
INFO:full_node:[alice] Mined block #5921
INFO:full_node:[alice] Mined block #5922
INFO:full_node:[alice] Mined block #5923
INFO:full_node:[alice] Mined block #5924
INFO:full_node:[alice] Mined block #5925
INFO:full_node:[alice] Mined block #5926
INFO:full_node:[alice] Mined block #5927
INFO:full_node:[alice] Mined block #5928
INFO:full_node:[alice] Mined block #5929
INFO:full_node:[alice] Mined block #5930
INFO:full_node:[alice] Mined block #5931
INFO:full_node:[alice] Mined block #5932
INFO:full_node:[alice] Mined block #5933
INFO:full_node:[alice] Mined block #5934
INFO:full_node:[alice] Mined block #5935
INFO:full_node:[alice] Mined block #5936
INFO:full_node:[alice] Mined block #5937
INFO:full_node:[alice] Mined block #5938
INFO:full_node:[alice] Mined block #5939
INFO:full_node:[alice] Mined block #5940
INFO:full_node:[alice] Mined block #5941
INFO:full_node:[alice] Mined block #5942
INFO:full_node:[alice] Mined block #5943
INFO:full_node:[alice] Mined block #5944
INFO:full_node:[alice] Mined block #5945
INFO:full_node:[alice] Mined block #5946
INFO:full_node:[alice] Mined block #5947
INFO:full_node:[alice] Mined block #5948
INFO:full_node:[alice] Mined block #5949
INFO:full_node:[alice] Mined block #5950
INFO:full_node:[alice] Mined block #5951
INFO:full_node:[alice] Mined block #5952
INFO:full_node:[alice] Mined block #5953
INFO:full_node:[alice] Mined block #5954
INFO:full_node:[alice] Mined block #5955
INFO:full_node:[alice] Mined block #5956
INFO:full_node:[alice] Mined block #5957
INFO:full_node:[alice] Mined block #5958
INFO:full_node:[alice] Mined block #5959
INFO:full_node:[alice] Mined block #5960
INFO:full_node:[alice] Mined block #5961
INFO:full_node:[alice] Mined block #5962
INFO:full_node:[alice] Mined block #5963
INFO:full_node:[alice] Mined block #5964
INFO:full_node:[alice] Mined block #5965
INFO:full_node:[alice] Mined block #5966
INFO:full_node:[alice] Mined block #5967
INFO:full_node:[alice] Mined block #5968
INFO:full_node:[alice] Mined block #5969
INFO:full_node:[alice] Mined block #5970
INFO:full_node:[alice] Mined block #5971
INFO:full_node:[alice] Mined block #5972
INFO:full_node:[alice] Mined block #5973
INFO:full_node:[alice] Mined block #5974
INFO:full_node:[alice] Mined block #5975
INFO:full_node:[alice] Mined block #5976
INFO:full_node:[alice] Mined block #5977
INFO:full_node:[alice] Mined block #5978
INFO:full_node:[alice] Mined block #5979
INFO:full_node:[alice] Mined block #5980
INFO:full_node:[alice] Mined block #5981
INFO:full_node:[alice] Mined block #5982
INFO:full_node:[alice] Mined block #5983
INFO:full_node:[alice] Mined block #5984
INFO:full_node:[alice] Mined block #5985
INFO:full_node:[alice] Mined block #5986
INFO:full_node:[alice] Mined block #5987
INFO:full_node:[alice] Mined block #5988
INFO:full_node:[alice] Mined block #5989
INFO:full_node:[alice] Mined block #5990
INFO:full_node:[alice] Mined block #5991
INFO:full_node:[alice] Mined block #5992
INFO:full_node:[alice] Mined block #5993
INFO:full_node:[alice] Mined block #5994
INFO:full_node:[alice] Mined block #5995
INFO:full_node:[alice] Mined block #5996
INFO:full_node:[alice] Mined block #5997
INFO:full_node:[alice] Mined block #5998
INFO:full_node:[alice] Mined block #5999
INFO:full_node:[alice] Mined block #6000
INFO:full_node:[alice] Mined block #6001
INFO:full_node:[alice] Mined block #6002
INFO:full_node:[alice] Mined block #6003
INFO:full_node:[alice] Mined block #6004
INFO:full_node:[alice] Mined block #6005
INFO:full_node:[alice] Mined block #6006
INFO:full_node:[alice] Mined block #6007
INFO:full_node:[alice] Mined block #6008
INFO:full_node:[alice] Mined block #6009
INFO:full_node:[alice] Mined block #6010
INFO:full_node:[alice] Mined block #6011
INFO:full_node:[alice] Mined block #6012
INFO:full_node:[alice] Mined block #6013
INFO:full_node:[alice] Mined block #6014
INFO:full_node:[alice] Mined block #6015
INFO:full_node:[alice] Mined block #6016
INFO:full_node:[alice] Mined block #6017
INFO:full_node:[alice] Mined block #6018
INFO:full_node:[alice] Mined block #6019
INFO:full_node:[alice] Mined block #6020
INFO:full_node:[alice] Mined block #6021
INFO:full_node:[alice] Mined block #6022
INFO:full_node:[alice] Mined block #6023
INFO:full_node:[alice] Mined block #6024
INFO:full_node:[alice] Mined block #6025
INFO:full_node:[alice] Mined block #6026
INFO:full_node:[alice] Mined block #6027
INFO:full_node:[alice] Mined block #6028
INFO:full_node:[alice] Mined block #6029
INFO:full_node:[alice] Mined block #6030
INFO:full_node:[alice] Mined block #6031
INFO:full_node:[alice] Mined block #6032
INFO:full_node:[alice] Mined block #6033
INFO:full_node:[alice] Mined block #6034
INFO:full_node:[alice] Mined block #6035
INFO:full_node:[alice] Mined block #6036
INFO:full_node:[alice] Mined block #6037
INFO:full_node:[alice] Mined block #6038
INFO:full_node:[alice] Mined block #6039
INFO:full_node:[alice] Mined block #6040
INFO:full_node:[alice] Mined block #6041
INFO:full_node:[alice] Mined block #6042
INFO:full_node:[alice] Mined block #6043
INFO:full_node:[alice] Mined block #6044
INFO:full_node:[alice] Mined block #6045
INFO:full_node:[alice] Mined block #6046
INFO:full_node:[alice] Mined block #6047
INFO:full_node:[alice] Mined block #6048
INFO:full_node:[alice] Mined block #6049
INFO:full_node:[alice] Mined block #6050
INFO:full_node:[alice] Mined block #6051
INFO:full_node:[alice] Mined block #6052
INFO:full_node:[alice] Mined block #6053
INFO:full_node:[alice] Mined block #6054
INFO:full_node:[alice] Mined block #6055
INFO:full_node:[alice] Mined block #6056
INFO:full_node:[alice] Mined block #6057
INFO:full_node:[alice] Mined block #6058
INFO:full_node:[alice] Mined block #6059
INFO:full_node:[alice] Mined block #6060
INFO:full_node:[alice] Mined block #6061
INFO:full_node:[alice] Mined block #6062
INFO:full_node:[alice] Mined block #6063
INFO:full_node:[alice] Mined block #6064
INFO:full_node:[alice] Mined block #6065
INFO:full_node:[alice] Mined block #6066
INFO:full_node:[alice] Mined block #6067
INFO:full_node:[alice] Mined block #6068
INFO:full_node:[alice] Mined block #6069
INFO:full_node:[alice] Mined block #6070
INFO:full_node:[alice] Mined block #6071
INFO:full_node:[alice] Mined block #6072
INFO:full_node:[alice] Mined block #6073
INFO:full_node:[alice] Mined block #6074
INFO:full_node:[alice] Mined block #6075
INFO:full_node:[alice] Mined block #6076
INFO:full_node:[alice] Mined block #6077
INFO:full_node:[alice] Mined block #6078
INFO:full_node:[alice] Mined block #6079
INFO:full_node:[alice] Mined block #6080
INFO:full_node:[alice] Mined block #6081
INFO:full_node:[alice] Mined block #6082
INFO:full_node:[alice] Mined block #6083
INFO:full_node:[alice] Mined block #6084
INFO:full_node:[alice] Mined block #6085
INFO:full_node:[alice] Mined block #6086
INFO:full_node:[alice] Mined block #6087
INFO:full_node:[alice] Mined block #6088
INFO:full_node:[alice] Mined block #6089
INFO:full_node:[alice] Mined block #6090
INFO:full_node:[alice] Mined block #6091
INFO:full_node:[alice] Mined block #6092
INFO:full_node:[alice] Mined block #6093
INFO:full_node:[alice] Mined block #6094
INFO:full_node:[alice] Mined block #6095
INFO:full_node:[alice] Mined block #6096
INFO:full_node:[alice] Mined block #6097
INFO:full_node:[alice] Mined block #6098
INFO:full_node:[alice] Mined block #6099
INFO:full_node:[alice] Mined block #6100
INFO:full_node:[alice] Mined block #6101
INFO:full_node:[alice] Mined block #6102
INFO:full_node:[alice] Mined block #6103
INFO:full_node:[alice] Mined block #6104
INFO:full_node:[alice] Mined block #6105
INFO:full_node:[alice] Mined block #6106
INFO:full_node:[alice] Mined block #6107
INFO:full_node:[alice] Mined block #6108
INFO:full_node:[alice] Mined block #6109
INFO:full_node:[alice] Mined block #6110
INFO:full_node:[alice] Mined block #6111
INFO:full_node:[alice] Mined block #6112
INFO:full_node:[alice] Mined block #6113
INFO:full_node:[alice] Mined block #6114
INFO:full_node:[alice] Mined block #6115
INFO:full_node:[alice] Mined block #6116
INFO:full_node:[alice] Mined block #6117
INFO:full_node:[alice] Mined block #6118
INFO:full_node:[alice] Mined block #6119
INFO:full_node:[alice] Mined block #6120
INFO:full_node:[alice] Mined block #6121
INFO:full_node:[alice] Mined block #6122
INFO:full_node:[alice] Mined block #6123
INFO:full_node:[alice] Mined block #6124
INFO:full_node:[alice] Mined block #6125
INFO:full_node:[alice] Mined block #6126
INFO:full_node:[alice] Mined block #6127
INFO:full_node:[alice] Mined block #6128
INFO:full_node:[alice] Mined block #6129
INFO:full_node:[alice] Mined block #6130
INFO:full_node:[alice] Mined block #6131
INFO:full_node:[alice] Mined block #6132
INFO:full_node:[alice] Mined block #6133
INFO:full_node:[alice] Mined block #6134
INFO:full_node:[alice] Mined block #6135
INFO:full_node:[alice] Mined block #6136
INFO:full_node:[alice] Mined block #6137
INFO:full_node:[alice] Mined block #6138
INFO:full_node:[alice] Mined block #6139
INFO:full_node:[alice] Mined block #6140
INFO:full_node:[alice] Mined block #6141
INFO:full_node:[alice] Mined block #6142
INFO:full_node:[alice] Mined block #6143
INFO:full_node:[alice] Mined block #6144
INFO:full_node:[alice] Mined block #6145
INFO:full_node:[alice] Mined block #6146
INFO:full_node:[alice] Mined block #6147
INFO:full_node:[alice] Mined block #6148
INFO:full_node:[alice] Mined block #6149
INFO:full_node:[alice] Mined block #6150
INFO:full_node:[alice] Mined block #6151
INFO:full_node:[alice] Mined block #6152
INFO:full_node:[alice] Mined block #6153
INFO:full_node:[alice] Mined block #6154
INFO:full_node:[alice] Mined block #6155
INFO:full_node:[alice] Mined block #6156
INFO:full_node:[alice] Mined block #6157
INFO:full_node:[alice] Mined block #6158
INFO:full_node:[alice] Mined block #6159
INFO:full_node:[alice] Mined block #6160
INFO:full_node:[alice] Mined block #6161
INFO:full_node:[alice] Mined block #6162
INFO:full_node:[alice] Mined block #6163
INFO:full_node:[alice] Mined block #6164
INFO:full_node:[alice] Mined block #6165
INFO:full_node:[alice] Mined block #6166
INFO:full_node:[alice] Mined block #6167
INFO:full_node:[alice] Mined block #6168
INFO:full_node:[alice] Mined block #6169
INFO:full_node:[alice] Mined block #6170
INFO:full_node:[alice] Mined block #6171
INFO:full_node:[alice] Mined block #6172
INFO:full_node:[alice] Mined block #6173
INFO:full_node:[alice] Mined block #6174
INFO:full_node:[alice] Mined block #6175
INFO:full_node:[alice] Mined block #6176
INFO:full_node:[alice] Mined block #6177
INFO:full_node:[alice] Mined block #6178
INFO:full_node:[alice] Mined block #6179
INFO:full_node:[alice] Mined block #6180
INFO:full_node:[alice] Mined block #6181
INFO:full_node:[alice] Mined block #6182
INFO:full_node:[alice] Mined block #6183
INFO:full_node:[alice] Mined block #6184
INFO:full_node:[alice] Mined block #6185
INFO:full_node:[alice] Mined block #6186
INFO:full_node:[alice] Mined block #6187
INFO:full_node:[alice] Mined block #6188
INFO:full_node:[alice] Mined block #6189
INFO:full_node:[alice] Mined block #6190
INFO:full_node:[alice] Mined block #6191
INFO:full_node:[alice] Mined block #6192
INFO:full_node:[alice] Mined block #6193
INFO:full_node:[alice] Mined block #6194
INFO:full_node:[alice] Mined block #6195
INFO:full_node:[alice] Mined block #6196
INFO:full_node:[alice] Mined block #6197
INFO:full_node:[alice] Mined block #6198
INFO:full_node:[alice] Mined block #6199
INFO:full_node:[alice] Mined block #6200
INFO:full_node:[alice] Mined block #6201
INFO:full_node:[alice] Mined block #6202
INFO:full_node:[alice] Mined block #6203
INFO:full_node:[alice] Mined block #6204
INFO:full_node:[alice] Mined block #6205
INFO:full_node:[alice] Mined block #6206
INFO:full_node:[alice] Mined block #6207
INFO:full_node:[alice] Mined block #6208
INFO:full_node:[alice] Mined block #6209
INFO:full_node:[alice] Mined block #6210
INFO:full_node:[alice] Mined block #6211
INFO:full_node:[alice] Mined block #6212
INFO:full_node:[alice] Mined block #6213
INFO:full_node:[alice] Mined block #6214
INFO:full_node:[alice] Mined block #6215
INFO:full_node:[alice] Mined block #6216
INFO:full_node:[alice] Mined block #6217
INFO:full_node:[alice] Mined block #6218
INFO:full_node:[alice] Mined block #6219
INFO:full_node:[alice] Mined block #6220
INFO:full_node:[alice] Mined block #6221
INFO:full_node:[alice] Mined block #6222
INFO:full_node:[alice] Mined block #6223
INFO:full_node:[alice] Mined block #6224
INFO:full_node:[alice] Mined block #6225
INFO:full_node:[alice] Mined block #6226
INFO:full_node:[alice] Mined block #6227
INFO:full_node:[alice] Mined block #6228
INFO:full_node:[alice] Mined block #6229
INFO:full_node:[alice] Mined block #6230
INFO:full_node:[alice] Mined block #6231
INFO:full_node:[alice] Mined block #6232
INFO:full_node:[alice] Mined block #6233
INFO:full_node:[alice] Mined block #6234
INFO:full_node:[alice] Mined block #6235
INFO:full_node:[alice] Mined block #6236
INFO:full_node:[alice] Mined block #6237
INFO:full_node:[alice] Mined block #6238
INFO:full_node:[alice] Mined block #6239
INFO:full_node:[alice] Mined block #6240
INFO:full_node:[alice] Mined block #6241
INFO:full_node:[alice] Mined block #6242
INFO:full_node:[alice] Mined block #6243
INFO:full_node:[alice] Mined block #6244
INFO:full_node:[alice] Mined block #6245
INFO:full_node:[alice] Mined block #6246
INFO:full_node:[alice] Mined block #6247
INFO:full_node:[alice] Mined block #6248
INFO:full_node:[alice] Mined block #6249
INFO:full_node:[alice] Mined block #6250
INFO:full_node:[alice] Mined block #6251
INFO:full_node:[alice] Mined block #6252
INFO:full_node:[alice] Mined block #6253
INFO:full_node:[alice] Mined block #6254
INFO:full_node:[alice] Mined block #6255
INFO:full_node:[alice] Mined block #6256
INFO:full_node:[alice] Mined block #6257
INFO:full_node:[alice] Mined block #6258
INFO:full_node:[alice] Mined block #6259
INFO:full_node:[alice] Mined block #6260
INFO:full_node:[alice] Mined block #6261
INFO:full_node:[alice] Mined block #6262
INFO:full_node:[alice] Mined block #6263
INFO:full_node:[alice] Mined block #6264
INFO:full_node:[alice] Mined block #6265
INFO:full_node:[alice] Mined block #6266
INFO:full_node:[alice] Mined block #6267
INFO:full_node:[alice] Mined block #6268
INFO:full_node:[alice] Mined block #6269
INFO:full_node:[alice] Mined block #6270
INFO:full_node:[alice] Mined block #6271
INFO:full_node:[alice] Mined block #6272
INFO:full_node:[alice] Mined block #6273
INFO:full_node:[alice] Mined block #6274
INFO:full_node:[alice] Mined block #6275
INFO:full_node:[alice] Mined block #6276
INFO:full_node:[alice] Mined block #6277
INFO:full_node:[alice] Mined block #6278
INFO:full_node:[alice] Mined block #6279
INFO:full_node:[alice] Mined block #6280
INFO:full_node:[alice] Mined block #6281
INFO:full_node:[alice] Mined block #6282
INFO:full_node:[alice] Mined block #6283
INFO:full_node:[alice] Mined block #6284
INFO:full_node:[alice] Mined block #6285
INFO:full_node:[alice] Mined block #6286
INFO:full_node:[alice] Mined block #6287
INFO:full_node:[alice] Mined block #6288
INFO:full_node:[alice] Mined block #6289
INFO:full_node:[alice] Mined block #6290
INFO:full_node:[alice] Mined block #6291
INFO:full_node:[alice] Mined block #6292
INFO:full_node:[alice] Mined block #6293
INFO:full_node:[alice] Mined block #6294
INFO:full_node:[alice] Mined block #6295
INFO:full_node:[alice] Mined block #6296
INFO:full_node:[alice] Mined block #6297
INFO:full_node:[alice] Mined block #6298
INFO:full_node:[alice] Mined block #6299
INFO:full_node:[alice] Mined block #6300
INFO:full_node:[alice] Mined block #6301
INFO:full_node:[alice] Mined block #6302
INFO:full_node:[alice] Mined block #6303
INFO:full_node:[alice] Mined block #6304
INFO:full_node:[alice] Mined block #6305
INFO:full_node:[alice] Mined block #6306
INFO:full_node:[alice] Mined block #6307
INFO:full_node:[alice] Mined block #6308
INFO:full_node:[alice] Mined block #6309
INFO:full_node:[alice] Mined block #6310
INFO:full_node:[alice] Mined block #6311
INFO:full_node:[alice] Mined block #6312
INFO:full_node:[alice] Mined block #6313
INFO:full_node:[alice] Mined block #6314
INFO:full_node:[alice] Mined block #6315
INFO:full_node:[alice] Mined block #6316
INFO:full_node:[alice] Mined block #6317
INFO:full_node:[alice] Mined block #6318
INFO:full_node:[alice] Mined block #6319
INFO:full_node:[alice] Mined block #6320
INFO:full_node:[alice] Mined block #6321
INFO:full_node:[alice] Mined block #6322
INFO:full_node:[alice] Mined block #6323
INFO:full_node:[alice] Mined block #6324
INFO:full_node:[alice] Mined block #6325
INFO:full_node:[alice] Mined block #6326
INFO:full_node:[alice] Mined block #6327
INFO:full_node:[alice] Mined block #6328
INFO:full_node:[alice] Mined block #6329
INFO:full_node:[alice] Mined block #6330
INFO:full_node:[alice] Mined block #6331
INFO:full_node:[alice] Mined block #6332
INFO:full_node:[alice] Mined block #6333
INFO:full_node:[alice] Mined block #6334
INFO:full_node:[alice] Mined block #6335
INFO:full_node:[alice] Mined block #6336
INFO:full_node:[alice] Mined block #6337
INFO:full_node:[alice] Mined block #6338
INFO:full_node:[alice] Mined block #6339
INFO:full_node:[alice] Mined block #6340
INFO:full_node:[alice] Mined block #6341
INFO:full_node:[alice] Mined block #6342
INFO:full_node:[alice] Mined block #6343
INFO:full_node:[alice] Mined block #6344
INFO:full_node:[alice] Mined block #6345
INFO:full_node:[alice] Mined block #6346
INFO:full_node:[alice] Mined block #6347
INFO:full_node:[alice] Mined block #6348
INFO:full_node:[alice] Mined block #6349
INFO:full_node:[alice] Mined block #6350
INFO:full_node:[alice] Mined block #6351
INFO:full_node:[alice] Mined block #6352
INFO:full_node:[alice] Mined block #6353
INFO:full_node:[alice] Mined block #6354
INFO:full_node:[alice] Mined block #6355
INFO:full_node:[alice] Mined block #6356
INFO:full_node:[alice] Mined block #6357
INFO:full_node:[alice] Mined block #6358
INFO:full_node:[alice] Mined block #6359
INFO:full_node:[alice] Mined block #6360
INFO:full_node:[alice] Mined block #6361
INFO:full_node:[alice] Mined block #6362
INFO:full_node:[alice] Mined block #6363
INFO:full_node:[alice] Mined block #6364
INFO:full_node:[alice] Mined block #6365
INFO:full_node:[alice] Mined block #6366
INFO:full_node:[alice] Mined block #6367
INFO:full_node:[alice] Mined block #6368
INFO:full_node:[alice] Mined block #6369
INFO:full_node:[alice] Mined block #6370
INFO:full_node:[alice] Mined block #6371
INFO:full_node:[alice] Mined block #6372
INFO:full_node:[alice] Mined block #6373
INFO:full_node:[alice] Mined block #6374
INFO:full_node:[alice] Mined block #6375
INFO:full_node:[alice] Mined block #6376
INFO:full_node:[alice] Mined block #6377
INFO:full_node:[alice] Mined block #6378
INFO:full_node:[alice] Mined block #6379
INFO:full_node:[alice] Mined block #6380
INFO:full_node:[alice] Mined block #6381
INFO:full_node:[alice] Mined block #6382
INFO:full_node:[alice] Mined block #6383
INFO:full_node:[alice] Mined block #6384
INFO:full_node:[alice] Mined block #6385
INFO:full_node:[alice] Mined block #6386
INFO:full_node:[alice] Mined block #6387
INFO:full_node:[alice] Mined block #6388
INFO:full_node:[alice] Mined block #6389
INFO:full_node:[alice] Mined block #6390
INFO:full_node:[alice] Mined block #6391
INFO:full_node:[alice] Mined block #6392
INFO:full_node:[alice] Mined block #6393
INFO:full_node:[alice] Mined block #6394
INFO:full_node:[alice] Mined block #6395
INFO:full_node:[alice] Mined block #6396
INFO:full_node:[alice] Mined block #6397
INFO:full_node:[alice] Mined block #6398
INFO:full_node:[alice] Mined block #6399
INFO:full_node:[alice] Mined block #6400
INFO:full_node:[alice] Mined block #6401
INFO:full_node:[alice] Mined block #6402
INFO:full_node:[alice] Mined block #6403
INFO:full_node:[alice] Mined block #6404
INFO:full_node:[alice] Mined block #6405
INFO:full_node:[alice] Mined block #6406
INFO:full_node:[alice] Mined block #6407
INFO:full_node:[alice] Mined block #6408
INFO:full_node:[alice] Mined block #6409
INFO:full_node:[alice] Mined block #6410
INFO:full_node:[alice] Mined block #6411
INFO:full_node:[alice] Mined block #6412
INFO:full_node:[alice] Mined block #6413
INFO:full_node:[alice] Mined block #6414
INFO:full_node:[alice] Mined block #6415
INFO:full_node:[alice] Mined block #6416
INFO:full_node:[alice] Mined block #6417
INFO:full_node:[alice] Mined block #6418
INFO:full_node:[alice] Mined block #6419
INFO:full_node:[alice] Mined block #6420
INFO:full_node:[alice] Mined block #6421
INFO:full_node:[alice] Mined block #6422
INFO:full_node:[alice] Mined block #6423
INFO:full_node:[alice] Mined block #6424
INFO:full_node:[alice] Mined block #6425
INFO:full_node:[alice] Mined block #6426
INFO:full_node:[alice] Mined block #6427
INFO:full_node:[alice] Mined block #6428
INFO:full_node:[alice] Mined block #6429
INFO:full_node:[alice] Mined block #6430
INFO:full_node:[alice] Mined block #6431
INFO:full_node:[alice] Mined block #6432
INFO:full_node:[alice] Mined block #6433
INFO:full_node:[alice] Mined block #6434
INFO:full_node:[alice] Mined block #6435
INFO:full_node:[alice] Mined block #6436
INFO:full_node:[alice] Mined block #6437
INFO:full_node:[alice] Mined block #6438
INFO:full_node:[alice] Mined block #6439
INFO:full_node:[alice] Mined block #6440
INFO:full_node:[alice] Mined block #6441
INFO:full_node:[alice] Mined block #6442
INFO:full_node:[alice] Mined block #6443
INFO:full_node:[alice] Mined block #6444
INFO:full_node:[alice] Mined block #6445
INFO:full_node:[alice] Mined block #6446
INFO:full_node:[alice] Mined block #6447
INFO:full_node:[alice] Mined block #6448
INFO:full_node:[alice] Mined block #6449
INFO:full_node:[alice] Mined block #6450
INFO:full_node:[alice] Mined block #6451
INFO:full_node:[alice] Mined block #6452
INFO:full_node:[alice] Mined block #6453
INFO:full_node:[alice] Mined block #6454
INFO:full_node:[alice] Mined block #6455
INFO:full_node:[alice] Mined block #6456
INFO:full_node:[alice] Mined block #6457
INFO:full_node:[alice] Mined block #6458
INFO:full_node:[alice] Mined block #6459
INFO:full_node:[alice] Mined block #6460
INFO:full_node:[alice] Mined block #6461
INFO:full_node:[alice] Mined block #6462
INFO:full_node:[alice] Mined block #6463
INFO:full_node:[alice] Mined block #6464
INFO:full_node:[alice] Mined block #6465
INFO:full_node:[alice] Mined block #6466
INFO:full_node:[alice] Mined block #6467
INFO:full_node:[alice] Mined block #6468
INFO:full_node:[alice] Mined block #6469
INFO:full_node:[alice] Mined block #6470
INFO:full_node:[alice] Mined block #6471
INFO:full_node:[alice] Mined block #6472
INFO:full_node:[alice] Mined block #6473
INFO:full_node:[alice] Mined block #6474
INFO:full_node:[alice] Mined block #6475
INFO:full_node:[alice] Mined block #6476
INFO:full_node:[alice] Mined block #6477
INFO:full_node:[alice] Mined block #6478
INFO:full_node:[alice] Mined block #6479
INFO:full_node:[alice] Mined block #6480
INFO:full_node:[alice] Mined block #6481
INFO:full_node:[alice] Mined block #6482
INFO:full_node:[alice] Mined block #6483
INFO:full_node:[alice] Mined block #6484
INFO:full_node:[alice] Mined block #6485
INFO:full_node:[alice] Mined block #6486
INFO:full_node:[alice] Mined block #6487
INFO:full_node:[alice] Mined block #6488
INFO:full_node:[alice] Mined block #6489
INFO:full_node:[alice] Mined block #6490
INFO:full_node:[alice] Mined block #6491
INFO:full_node:[alice] Mined block #6492
INFO:full_node:[alice] Mined block #6493
INFO:full_node:[alice] Mined block #6494
INFO:full_node:[alice] Mined block #6495
INFO:full_node:[alice] Mined block #6496
INFO:full_node:[alice] Mined block #6497
INFO:full_node:[alice] Mined block #6498
INFO:full_node:[alice] Mined block #6499
INFO:full_node:[alice] Mined block #6500
INFO:full_node:[alice] Mined block #6501
INFO:full_node:[alice] Mined block #6502
INFO:full_node:[alice] Mined block #6503
INFO:full_node:[alice] Mined block #6504
INFO:full_node:[alice] Mined block #6505
INFO:full_node:[alice] Mined block #6506
INFO:full_node:[alice] Mined block #6507
INFO:full_node:[alice] Mined block #6508
INFO:full_node:[alice] Mined block #6509
INFO:full_node:[alice] Mined block #6510
INFO:full_node:[alice] Mined block #6511
INFO:full_node:[alice] Mined block #6512
INFO:full_node:[alice] Mined block #6513
INFO:full_node:[alice] Mined block #6514
INFO:full_node:[alice] Mined block #6515
INFO:full_node:[alice] Mined block #6516
INFO:full_node:[alice] Mined block #6517
INFO:full_node:[alice] Mined block #6518
INFO:full_node:[alice] Mined block #6519
INFO:full_node:[alice] Mined block #6520
INFO:full_node:[alice] Mined block #6521
INFO:full_node:[alice] Mined block #6522
INFO:full_node:[alice] Mined block #6523
INFO:full_node:[alice] Mined block #6524
INFO:full_node:[alice] Mined block #6525
INFO:full_node:[alice] Mined block #6526
INFO:full_node:[alice] Mined block #6527
INFO:full_node:[alice] Mined block #6528
INFO:full_node:[alice] Mined block #6529
INFO:full_node:[alice] Mined block #6530
INFO:full_node:[alice] Mined block #6531
INFO:full_node:[alice] Mined block #6532
INFO:full_node:[alice] Mined block #6533
INFO:full_node:[alice] Mined block #6534
INFO:full_node:[alice] Mined block #6535
INFO:full_node:[alice] Mined block #6536
INFO:full_node:[alice] Mined block #6537
INFO:full_node:[alice] Mined block #6538
INFO:full_node:[alice] Mined block #6539
INFO:full_node:[alice] Mined block #6540
INFO:full_node:[alice] Mined block #6541
INFO:full_node:[alice] Mined block #6542
INFO:full_node:[alice] Mined block #6543
INFO:full_node:[alice] Mined block #6544
INFO:full_node:[alice] Mined block #6545
INFO:full_node:[alice] Mined block #6546
INFO:full_node:[alice] Mined block #6547
INFO:full_node:[alice] Mined block #6548
INFO:full_node:[alice] Mined block #6549
INFO:full_node:[alice] Mined block #6550
INFO:full_node:[alice] Mined block #6551
INFO:full_node:[alice] Mined block #6552
INFO:full_node:[alice] Mined block #6553
INFO:full_node:[alice] Mined block #6554
INFO:full_node:[alice] Mined block #6555
INFO:full_node:[alice] Mined block #6556
INFO:full_node:[alice] Mined block #6557
INFO:full_node:[alice] Mined block #6558
INFO:full_node:[alice] Mined block #6559
INFO:full_node:[alice] Mined block #6560
INFO:full_node:[alice] Mined block #6561
INFO:full_node:[alice] Mined block #6562
INFO:full_node:[alice] Mined block #6563
INFO:full_node:[alice] Mined block #6564
INFO:full_node:[alice] Mined block #6565
INFO:full_node:[alice] Mined block #6566
INFO:full_node:[alice] Mined block #6567
INFO:full_node:[alice] Mined block #6568
INFO:full_node:[alice] Mined block #6569
INFO:full_node:[alice] Mined block #6570
INFO:full_node:[alice] Mined block #6571
INFO:full_node:[alice] Mined block #6572
INFO:full_node:[alice] Mined block #6573
INFO:full_node:[alice] Mined block #6574
INFO:full_node:[alice] Mined block #6575
INFO:full_node:[alice] Mined block #6576
INFO:full_node:[alice] Mined block #6577
INFO:full_node:[alice] Mined block #6578
INFO:full_node:[alice] Mined block #6579
INFO:full_node:[alice] Mined block #6580
INFO:full_node:[alice] Mined block #6581
INFO:full_node:[alice] Mined block #6582
INFO:full_node:[alice] Mined block #6583
INFO:full_node:[alice] Mined block #6584
INFO:full_node:[alice] Mined block #6585
INFO:full_node:[alice] Mined block #6586
INFO:full_node:[alice] Mined block #6587
INFO:full_node:[alice] Mined block #6588
INFO:full_node:[alice] Mined block #6589
INFO:full_node:[alice] Mined block #6590
INFO:full_node:[alice] Mined block #6591
INFO:full_node:[alice] Mined block #6592
INFO:full_node:[alice] Mined block #6593
INFO:full_node:[alice] Mined block #6594
INFO:full_node:[alice] Mined block #6595
INFO:full_node:[alice] Mined block #6596
INFO:full_node:[alice] Mined block #6597
INFO:full_node:[alice] Mined block #6598
INFO:full_node:[alice] Mined block #6599
INFO:full_node:[alice] Mined block #6600
INFO:full_node:[alice] Mined block #6601
INFO:full_node:[alice] Mined block #6602
INFO:full_node:[alice] Mined block #6603
INFO:full_node:[alice] Mined block #6604
INFO:full_node:[alice] Mined block #6605
INFO:full_node:[alice] Mined block #6606
INFO:full_node:[alice] Mined block #6607
INFO:full_node:[alice] Mined block #6608
INFO:full_node:[alice] Mined block #6609
INFO:full_node:[alice] Mined block #6610
INFO:full_node:[alice] Mined block #6611
INFO:full_node:[alice] Mined block #6612
INFO:full_node:[alice] Mined block #6613
INFO:full_node:[alice] Mined block #6614
INFO:full_node:[alice] Mined block #6615
INFO:full_node:[alice] Mined block #6616
INFO:full_node:[alice] Mined block #6617
INFO:full_node:[alice] Mined block #6618
INFO:full_node:[alice] Mined block #6619
INFO:full_node:[alice] Mined block #6620
INFO:full_node:[alice] Mined block #6621
INFO:full_node:[alice] Mined block #6622
INFO:full_node:[alice] Mined block #6623
INFO:full_node:[alice] Mined block #6624
INFO:full_node:[alice] Mined block #6625
INFO:full_node:[alice] Mined block #6626
INFO:full_node:[alice] Mined block #6627
INFO:full_node:[alice] Mined block #6628
INFO:full_node:[alice] Mined block #6629
INFO:full_node:[alice] Mined block #6630
INFO:full_node:[alice] Mined block #6631
INFO:full_node:[alice] Mined block #6632
INFO:full_node:[alice] Mined block #6633
INFO:full_node:[alice] Mined block #6634
INFO:full_node:[alice] Mined block #6635
INFO:full_node:[alice] Mined block #6636
INFO:full_node:[alice] Mined block #6637
INFO:full_node:[alice] Mined block #6638
INFO:full_node:[alice] Mined block #6639
INFO:full_node:[alice] Mined block #6640
INFO:full_node:[alice] Mined block #6641
INFO:full_node:[alice] Mined block #6642
INFO:full_node:[alice] Mined block #6643
INFO:full_node:[alice] Mined block #6644
INFO:full_node:[alice] Mined block #6645
INFO:full_node:[alice] Mined block #6646
INFO:full_node:[alice] Mined block #6647
INFO:full_node:[alice] Mined block #6648
INFO:full_node:[alice] Mined block #6649
INFO:full_node:[alice] Mined block #6650
INFO:full_node:[alice] Mined block #6651
INFO:full_node:[alice] Mined block #6652
INFO:full_node:[alice] Mined block #6653
INFO:full_node:[alice] Mined block #6654
INFO:full_node:[alice] Mined block #6655
INFO:full_node:[alice] Mined block #6656
INFO:full_node:[alice] Mined block #6657
INFO:full_node:[alice] Mined block #6658
INFO:full_node:[alice] Mined block #6659
INFO:full_node:[alice] Mined block #6660
INFO:full_node:[alice] Mined block #6661
INFO:full_node:[alice] Mined block #6662
INFO:full_node:[alice] Mined block #6663
INFO:full_node:[alice] Mined block #6664
INFO:full_node:[alice] Mined block #6665
INFO:full_node:[alice] Mined block #6666
INFO:full_node:[alice] Mined block #6667
INFO:full_node:[alice] Mined block #6668
INFO:full_node:[alice] Mined block #6669
INFO:full_node:[alice] Mined block #6670
INFO:full_node:[alice] Mined block #6671
INFO:full_node:[alice] Mined block #6672
INFO:full_node:[alice] Mined block #6673
INFO:full_node:[alice] Mined block #6674
INFO:full_node:[alice] Mined block #6675
INFO:full_node:[alice] Mined block #6676
INFO:full_node:[alice] Mined block #6677
INFO:full_node:[alice] Mined block #6678
INFO:full_node:[alice] Mined block #6679
INFO:full_node:[alice] Mined block #6680
INFO:full_node:[alice] Mined block #6681
INFO:full_node:[alice] Mined block #6682
INFO:full_node:[alice] Mined block #6683
INFO:full_node:[alice] Mined block #6684
INFO:full_node:[alice] Mined block #6685
INFO:full_node:[alice] Mined block #6686
INFO:full_node:[alice] Mined block #6687
INFO:full_node:[alice] Mined block #6688
INFO:full_node:[alice] Mined block #6689
INFO:full_node:[alice] Mined block #6690
INFO:full_node:[alice] Mined block #6691
INFO:full_node:[alice] Mined block #6692
INFO:full_node:[alice] Mined block #6693
INFO:full_node:[alice] Mined block #6694
INFO:full_node:[alice] Mined block #6695
INFO:full_node:[alice] Mined block #6696
INFO:full_node:[alice] Mined block #6697
INFO:full_node:[alice] Mined block #6698
INFO:full_node:[alice] Mined block #6699
INFO:full_node:[alice] Mined block #6700
INFO:full_node:[alice] Mined block #6701
INFO:full_node:[alice] Mined block #6702
INFO:full_node:[alice] Mined block #6703
INFO:full_node:[alice] Mined block #6704
INFO:full_node:[alice] Mined block #6705
INFO:full_node:[alice] Mined block #6706
INFO:full_node:[alice] Mined block #6707
INFO:full_node:[alice] Mined block #6708
INFO:full_node:[alice] Mined block #6709
INFO:full_node:[alice] Mined block #6710
INFO:full_node:[alice] Mined block #6711
INFO:full_node:[alice] Mined block #6712
INFO:full_node:[alice] Mined block #6713
INFO:full_node:[alice] Mined block #6714
INFO:full_node:[alice] Mined block #6715
INFO:full_node:[alice] Mined block #6716
INFO:full_node:[alice] Mined block #6717
INFO:full_node:[alice] Mined block #6718
INFO:full_node:[alice] Mined block #6719
INFO:full_node:[alice] Mined block #6720
INFO:full_node:[alice] Mined block #6721
INFO:full_node:[alice] Mined block #6722
INFO:full_node:[alice] Mined block #6723
INFO:full_node:[alice] Mined block #6724
INFO:full_node:[alice] Mined block #6725
INFO:full_node:[alice] Mined block #6726
INFO:full_node:[alice] Mined block #6727
INFO:full_node:[alice] Mined block #6728
INFO:full_node:[alice] Mined block #6729
INFO:full_node:[alice] Mined block #6730
INFO:full_node:[alice] Mined block #6731
INFO:full_node:[alice] Mined block #6732
INFO:full_node:[alice] Mined block #6733
INFO:full_node:[alice] Mined block #6734
INFO:full_node:[alice] Mined block #6735
INFO:full_node:[alice] Mined block #6736
INFO:full_node:[alice] Mined block #6737
INFO:full_node:[alice] Mined block #6738
INFO:full_node:[alice] Mined block #6739
INFO:full_node:[alice] Mined block #6740
INFO:full_node:[alice] Mined block #6741
INFO:full_node:[alice] Mined block #6742
INFO:full_node:[alice] Mined block #6743
INFO:full_node:[alice] Mined block #6744
INFO:full_node:[alice] Mined block #6745
INFO:full_node:[alice] Mined block #6746
INFO:full_node:[alice] Mined block #6747
INFO:full_node:[alice] Mined block #6748
INFO:full_node:[alice] Mined block #6749
INFO:full_node:[alice] Mined block #6750
INFO:full_node:[alice] Mined block #6751
INFO:full_node:[alice] Mined block #6752
INFO:full_node:[alice] Mined block #6753
INFO:full_node:[alice] Mined block #6754
INFO:full_node:[alice] Mined block #6755
INFO:full_node:[alice] Mined block #6756
INFO:full_node:[alice] Mined block #6757
INFO:full_node:[alice] Mined block #6758
INFO:full_node:[alice] Mined block #6759
INFO:full_node:[alice] Mined block #6760
INFO:full_node:[alice] Mined block #6761
INFO:full_node:[alice] Mined block #6762
INFO:full_node:[alice] Mined block #6763
INFO:full_node:[alice] Mined block #6764
INFO:full_node:[alice] Mined block #6765
INFO:full_node:[alice] Mined block #6766
INFO:full_node:[alice] Mined block #6767
INFO:full_node:[alice] Mined block #6768
INFO:full_node:[alice] Mined block #6769
INFO:full_node:[alice] Mined block #6770
INFO:full_node:[alice] Mined block #6771
INFO:full_node:[alice] Mined block #6772
INFO:full_node:[alice] Mined block #6773
INFO:full_node:[alice] Mined block #6774
INFO:full_node:[alice] Mined block #6775
INFO:full_node:[alice] Mined block #6776
INFO:full_node:[alice] Mined block #6777
INFO:full_node:[alice] Mined block #6778
INFO:full_node:[alice] Mined block #6779
INFO:full_node:[alice] Mined block #6780
INFO:full_node:[alice] Mined block #6781
INFO:full_node:[alice] Mined block #6782
INFO:full_node:[alice] Mined block #6783
INFO:full_node:[alice] Mined block #6784
INFO:full_node:[alice] Mined block #6785
INFO:full_node:[alice] Mined block #6786
INFO:full_node:[alice] Mined block #6787
INFO:full_node:[alice] Mined block #6788
INFO:full_node:[alice] Mined block #6789
INFO:full_node:[alice] Mined block #6790
INFO:full_node:[alice] Mined block #6791
INFO:full_node:[alice] Mined block #6792
INFO:full_node:[alice] Mined block #6793
INFO:full_node:[alice] Mined block #6794
INFO:full_node:[alice] Mined block #6795
INFO:full_node:[alice] Mined block #6796
INFO:full_node:[alice] Mined block #6797
INFO:full_node:[alice] Mined block #6798
INFO:full_node:[alice] Mined block #6799
INFO:full_node:[alice] Mined block #6800
INFO:full_node:[alice] Mined block #6801
INFO:full_node:[alice] Mined block #6802
INFO:full_node:[alice] Mined block #6803
INFO:full_node:[alice] Mined block #6804
INFO:full_node:[alice] Mined block #6805
INFO:full_node:[alice] Mined block #6806
INFO:full_node:[alice] Mined block #6807
INFO:full_node:[alice] Mined block #6808
INFO:full_node:[alice] Mined block #6809
INFO:full_node:[alice] Mined block #6810
INFO:full_node:[alice] Mined block #6811
INFO:full_node:[alice] Mined block #6812
INFO:full_node:[alice] Mined block #6813
INFO:full_node:[alice] Mined block #6814
INFO:full_node:[alice] Mined block #6815
INFO:full_node:[alice] Mined block #6816
INFO:full_node:[alice] Mined block #6817
INFO:full_node:[alice] Mined block #6818
INFO:full_node:[alice] Mined block #6819
INFO:full_node:[alice] Mined block #6820
INFO:full_node:[alice] Mined block #6821
INFO:full_node:[alice] Mined block #6822
INFO:full_node:[alice] Mined block #6823
INFO:full_node:[alice] Mined block #6824
INFO:full_node:[alice] Mined block #6825
INFO:full_node:[alice] Mined block #6826
INFO:full_node:[alice] Mined block #6827
INFO:full_node:[alice] Mined block #6828
INFO:full_node:[alice] Mined block #6829
INFO:full_node:[alice] Mined block #6830
INFO:full_node:[alice] Mined block #6831
INFO:full_node:[alice] Mined block #6832
INFO:full_node:[alice] Mined block #6833
INFO:full_node:[alice] Mined block #6834
INFO:full_node:[alice] Mined block #6835
INFO:full_node:[alice] Mined block #6836
INFO:full_node:[alice] Mined block #6837
INFO:full_node:[alice] Mined block #6838
INFO:full_node:[alice] Mined block #6839
INFO:full_node:[alice] Mined block #6840
INFO:full_node:[alice] Mined block #6841
INFO:full_node:[alice] Mined block #6842
INFO:full_node:[alice] Mined block #6843
INFO:full_node:[alice] Mined block #6844
INFO:full_node:[alice] Mined block #6845
INFO:full_node:[alice] Mined block #6846
INFO:full_node:[alice] Mined block #6847
INFO:full_node:[alice] Mined block #6848
INFO:full_node:[alice] Mined block #6849
INFO:full_node:[alice] Mined block #6850
INFO:full_node:[alice] Mined block #6851
INFO:full_node:[alice] Mined block #6852
INFO:full_node:[alice] Mined block #6853
INFO:full_node:[alice] Mined block #6854
INFO:full_node:[alice] Mined block #6855
INFO:full_node:[alice] Mined block #6856
INFO:full_node:[alice] Mined block #6857
INFO:full_node:[alice] Mined block #6858
INFO:full_node:[alice] Mined block #6859
INFO:full_node:[alice] Mined block #6860
INFO:full_node:[alice] Mined block #6861
INFO:full_node:[alice] Mined block #6862
INFO:full_node:[alice] Mined block #6863
INFO:full_node:[alice] Mined block #6864
INFO:full_node:[alice] Mined block #6865
INFO:full_node:[alice] Mined block #6866
INFO:full_node:[alice] Mined block #6867
INFO:full_node:[alice] Mined block #6868
INFO:full_node:[alice] Mined block #6869
INFO:full_node:[alice] Mined block #6870
INFO:full_node:[alice] Mined block #6871
INFO:full_node:[alice] Mined block #6872
INFO:full_node:[alice] Mined block #6873
INFO:full_node:[alice] Mined block #6874
INFO:full_node:[alice] Mined block #6875
INFO:full_node:[alice] Mined block #6876
INFO:full_node:[alice] Mined block #6877
INFO:full_node:[alice] Mined block #6878
INFO:full_node:[alice] Mined block #6879
INFO:full_node:[alice] Mined block #6880
INFO:full_node:[alice] Mined block #6881
INFO:full_node:[alice] Mined block #6882
INFO:full_node:[alice] Mined block #6883
INFO:full_node:[alice] Mined block #6884
INFO:full_node:[alice] Mined block #6885
INFO:full_node:[alice] Mined block #6886
INFO:full_node:[alice] Mined block #6887
INFO:full_node:[alice] Mined block #6888
INFO:full_node:[alice] Mined block #6889
INFO:full_node:[alice] Mined block #6890
INFO:full_node:[alice] Mined block #6891
INFO:full_node:[alice] Mined block #6892
INFO:full_node:[alice] Mined block #6893
INFO:full_node:[alice] Mined block #6894
INFO:full_node:[alice] Mined block #6895
INFO:full_node:[alice] Mined block #6896
INFO:full_node:[alice] Mined block #6897
INFO:full_node:[alice] Mined block #6898
INFO:full_node:[alice] Mined block #6899
INFO:full_node:[alice] Mined block #6900
INFO:full_node:[alice] Mined block #6901
INFO:full_node:[alice] Mined block #6902
INFO:full_node:[alice] Mined block #6903
INFO:full_node:[alice] Mined block #6904
INFO:full_node:[alice] Mined block #6905
INFO:full_node:[alice] Mined block #6906
INFO:full_node:[alice] Mined block #6907
INFO:full_node:[alice] Mined block #6908
INFO:full_node:[alice] Mined block #6909
INFO:full_node:[alice] Mined block #6910
INFO:full_node:[alice] Mined block #6911
INFO:full_node:[alice] Mined block #6912
INFO:full_node:[alice] Mined block #6913
INFO:full_node:[alice] Mined block #6914
INFO:full_node:[alice] Mined block #6915
INFO:full_node:[alice] Mined block #6916
INFO:full_node:[alice] Mined block #6917
INFO:full_node:[alice] Mined block #6918
INFO:full_node:[alice] Mined block #6919
INFO:full_node:[alice] Mined block #6920
INFO:full_node:[alice] Mined block #6921
INFO:full_node:[alice] Mined block #6922
INFO:full_node:[alice] Mined block #6923
INFO:full_node:[alice] Mined block #6924
INFO:full_node:[alice] Mined block #6925
INFO:full_node:[alice] Mined block #6926
INFO:full_node:[alice] Mined block #6927
INFO:full_node:[alice] Mined block #6928
INFO:full_node:[alice] Mined block #6929
INFO:full_node:[alice] Mined block #6930
INFO:full_node:[alice] Mined block #6931
INFO:full_node:[alice] Mined block #6932
INFO:full_node:[alice] Mined block #6933
INFO:full_node:[alice] Mined block #6934
INFO:full_node:[alice] Mined block #6935
INFO:full_node:[alice] Mined block #6936
INFO:full_node:[alice] Mined block #6937
INFO:full_node:[alice] Mined block #6938
INFO:full_node:[alice] Mined block #6939
INFO:full_node:[alice] Mined block #6940
INFO:full_node:[alice] Mined block #6941
INFO:full_node:[alice] Mined block #6942
INFO:full_node:[alice] Mined block #6943
INFO:full_node:[alice] Mined block #6944
INFO:full_node:[alice] Mined block #6945
INFO:full_node:[alice] Mined block #6946
INFO:full_node:[alice] Mined block #6947
INFO:full_node:[alice] Mined block #6948
INFO:full_node:[alice] Mined block #6949
INFO:full_node:[alice] Mined block #6950
INFO:full_node:[alice] Mined block #6951
INFO:full_node:[alice] Mined block #6952
INFO:full_node:[alice] Mined block #6953
INFO:full_node:[alice] Mined block #6954
INFO:full_node:[alice] Mined block #6955
INFO:full_node:[alice] Mined block #6956
INFO:full_node:[alice] Mined block #6957
INFO:full_node:[alice] Mined block #6958
INFO:full_node:[alice] Mined block #6959
INFO:full_node:[alice] Mined block #6960
INFO:full_node:[alice] Mined block #6961
INFO:full_node:[alice] Mined block #6962
INFO:full_node:[alice] Mined block #6963
INFO:full_node:[alice] Mined block #6964
INFO:full_node:[alice] Mined block #6965
INFO:full_node:[alice] Mined block #6966
INFO:full_node:[alice] Mined block #6967
INFO:full_node:[alice] Mined block #6968
INFO:full_node:[alice] Mined block #6969
INFO:full_node:[alice] Mined block #6970
INFO:full_node:[alice] Mined block #6971
INFO:full_node:[alice] Mined block #6972
INFO:full_node:[alice] Mined block #6973
INFO:full_node:[alice] Mined block #6974
INFO:full_node:[alice] Mined block #6975
INFO:full_node:[alice] Mined block #6976
INFO:full_node:[alice] Mined block #6977
INFO:full_node:[alice] Mined block #6978
INFO:full_node:[alice] Mined block #6979
INFO:full_node:[alice] Mined block #6980
INFO:full_node:[alice] Mined block #6981
INFO:full_node:[alice] Mined block #6982
INFO:full_node:[alice] Mined block #6983
INFO:full_node:[alice] Mined block #6984
INFO:full_node:[alice] Mined block #6985
INFO:full_node:[alice] Mined block #6986
INFO:full_node:[alice] Mined block #6987
INFO:full_node:[alice] Mined block #6988
INFO:full_node:[alice] Mined block #6989
INFO:full_node:[alice] Mined block #6990
INFO:full_node:[alice] Mined block #6991
INFO:full_node:[alice] Mined block #6992
INFO:full_node:[alice] Mined block #6993
INFO:full_node:[alice] Mined block #6994
INFO:full_node:[alice] Mined block #6995
INFO:full_node:[alice] Mined block #6996
INFO:full_node:[alice] Mined block #6997
INFO:full_node:[alice] Mined block #6998
INFO:full_node:[alice] Mined block #6999
INFO:full_node:[alice] Mined block #7000
INFO:full_node:[alice] Mined block #7001
INFO:full_node:[alice] Mined block #7002
INFO:full_node:[alice] Mined block #7003
INFO:full_node:[alice] Mined block #7004
INFO:full_node:[alice] Mined block #7005
INFO:full_node:[alice] Mined block #7006
INFO:full_node:[alice] Mined block #7007
INFO:full_node:[alice] Mined block #7008
INFO:full_node:[alice] Mined block #7009
INFO:full_node:[alice] Mined block #7010
INFO:full_node:[alice] Mined block #7011
INFO:full_node:[alice] Mined block #7012
INFO:full_node:[alice] Mined block #7013
INFO:full_node:[alice] Mined block #7014
INFO:full_node:[alice] Mined block #7015
INFO:full_node:[alice] Mined block #7016
INFO:full_node:[alice] Mined block #7017
INFO:full_node:[alice] Mined block #7018
INFO:full_node:[alice] Mined block #7019
INFO:full_node:[alice] Mined block #7020
INFO:full_node:[alice] Mined block #7021
INFO:full_node:[alice] Mined block #7022
INFO:full_node:[alice] Mined block #7023
INFO:full_node:[alice] Mined block #7024
INFO:full_node:[alice] Mined block #7025
INFO:full_node:[alice] Mined block #7026
INFO:full_node:[alice] Mined block #7027
INFO:full_node:[alice] Mined block #7028
INFO:full_node:[alice] Mined block #7029
INFO:full_node:[alice] Mined block #7030
INFO:full_node:[alice] Mined block #7031
INFO:full_node:[alice] Mined block #7032
INFO:full_node:[alice] Mined block #7033
INFO:full_node:[alice] Mined block #7034
INFO:full_node:[alice] Mined block #7035
INFO:full_node:[alice] Mined block #7036
INFO:full_node:[alice] Mined block #7037
INFO:full_node:[alice] Mined block #7038
INFO:full_node:[alice] Mined block #7039
INFO:full_node:[alice] Mined block #7040
INFO:full_node:[alice] Mined block #7041
INFO:full_node:[alice] Mined block #7042
INFO:full_node:[alice] Mined block #7043
INFO:full_node:[alice] Mined block #7044
INFO:full_node:[alice] Mined block #7045
INFO:full_node:[alice] Mined block #7046
INFO:full_node:[alice] Mined block #7047
INFO:full_node:[alice] Mined block #7048
INFO:full_node:[alice] Mined block #7049
INFO:full_node:[alice] Mined block #7050
INFO:full_node:[alice] Mined block #7051
INFO:full_node:[alice] Mined block #7052
INFO:full_node:[alice] Mined block #7053
INFO:full_node:[alice] Mined block #7054
INFO:full_node:[alice] Mined block #7055
INFO:full_node:[alice] Mined block #7056
INFO:full_node:[alice] Mined block #7057
INFO:full_node:[alice] Mined block #7058
INFO:full_node:[alice] Mined block #7059
INFO:full_node:[alice] Mined block #7060
INFO:full_node:[alice] Mined block #7061
INFO:full_node:[alice] Mined block #7062
INFO:full_node:[alice] Mined block #7063
INFO:full_node:[alice] Mined block #7064
INFO:full_node:[alice] Mined block #7065
INFO:full_node:[alice] Mined block #7066
INFO:full_node:[alice] Mined block #7067
INFO:full_node:[alice] Mined block #7068
INFO:full_node:[alice] Mined block #7069
INFO:full_node:[alice] Mined block #7070
INFO:full_node:[alice] Mined block #7071
INFO:full_node:[alice] Mined block #7072
INFO:full_node:[alice] Mined block #7073
INFO:full_node:[alice] Mined block #7074
INFO:full_node:[alice] Mined block #7075
INFO:full_node:[alice] Mined block #7076
INFO:full_node:[alice] Mined block #7077
INFO:full_node:[alice] Mined block #7078
INFO:full_node:[alice] Mined block #7079
INFO:full_node:[alice] Mined block #7080
INFO:full_node:[alice] Mined block #7081
INFO:full_node:[alice] Mined block #7082
INFO:full_node:[alice] Mined block #7083
INFO:full_node:[alice] Mined block #7084
INFO:full_node:[alice] Mined block #7085
INFO:full_node:[alice] Mined block #7086
INFO:full_node:[alice] Mined block #7087
INFO:full_node:[alice] Mined block #7088
INFO:full_node:[alice] Mined block #7089
INFO:full_node:[alice] Mined block #7090
INFO:full_node:[alice] Mined block #7091
INFO:full_node:[alice] Mined block #7092
INFO:full_node:[alice] Mined block #7093
INFO:full_node:[alice] Mined block #7094
INFO:full_node:[alice] Mined block #7095
INFO:full_node:[alice] Mined block #7096
INFO:full_node:[alice] Mined block #7097
INFO:full_node:[alice] Mined block #7098
INFO:full_node:[alice] Mined block #7099
INFO:full_node:[alice] Mined block #7100
INFO:full_node:[alice] Mined block #7101
INFO:full_node:[alice] Mined block #7102
INFO:full_node:[alice] Mined block #7103
INFO:full_node:[alice] Mined block #7104
INFO:full_node:[alice] Mined block #7105
INFO:full_node:[alice] Mined block #7106
INFO:full_node:[alice] Mined block #7107
INFO:full_node:[alice] Mined block #7108
INFO:full_node:[alice] Mined block #7109
INFO:full_node:[alice] Mined block #7110
INFO:full_node:[alice] Mined block #7111
INFO:full_node:[alice] Mined block #7112
INFO:full_node:[alice] Mined block #7113
INFO:full_node:[alice] Mined block #7114
INFO:full_node:[alice] Mined block #7115
INFO:full_node:[alice] Mined block #7116
INFO:full_node:[alice] Mined block #7117
INFO:full_node:[alice] Mined block #7118
INFO:full_node:[alice] Mined block #7119
INFO:full_node:[alice] Mined block #7120
INFO:full_node:[alice] Mined block #7121
INFO:full_node:[alice] Mined block #7122
INFO:full_node:[alice] Mined block #7123
INFO:full_node:[alice] Mined block #7124
INFO:full_node:[alice] Mined block #7125
INFO:full_node:[alice] Mined block #7126
INFO:full_node:[alice] Mined block #7127
INFO:full_node:[alice] Mined block #7128
INFO:full_node:[alice] Mined block #7129
INFO:full_node:[alice] Mined block #7130
INFO:full_node:[alice] Mined block #7131
INFO:full_node:[alice] Mined block #7132
INFO:full_node:[alice] Mined block #7133
INFO:full_node:[alice] Mined block #7134
INFO:full_node:[alice] Mined block #7135
INFO:full_node:[alice] Mined block #7136
INFO:full_node:[alice] Mined block #7137
INFO:full_node:[alice] Mined block #7138
INFO:full_node:[alice] Mined block #7139
INFO:full_node:[alice] Mined block #7140
INFO:full_node:[alice] Mined block #7141
INFO:full_node:[alice] Mined block #7142
INFO:full_node:[alice] Mined block #7143
INFO:full_node:[alice] Mined block #7144
INFO:full_node:[alice] Mined block #7145
INFO:full_node:[alice] Mined block #7146
INFO:full_node:[alice] Mined block #7147
INFO:full_node:[alice] Mined block #7148
INFO:full_node:[alice] Mined block #7149
INFO:full_node:[alice] Mined block #7150
INFO:full_node:[alice] Mined block #7151
INFO:full_node:[alice] Mined block #7152
INFO:full_node:[alice] Mined block #7153
INFO:full_node:[alice] Mined block #7154
INFO:full_node:[alice] Mined block #7155
INFO:full_node:[alice] Mined block #7156
INFO:full_node:[alice] Mined block #7157
INFO:full_node:[alice] Mined block #7158
INFO:full_node:[alice] Mined block #7159
INFO:full_node:[alice] Mined block #7160
INFO:full_node:[alice] Mined block #7161
INFO:full_node:[alice] Mined block #7162
INFO:full_node:[alice] Mined block #7163
INFO:full_node:[alice] Mined block #7164
INFO:full_node:[alice] Mined block #7165
INFO:full_node:[alice] Mined block #7166
INFO:full_node:[alice] Mined block #7167
INFO:full_node:[alice] Mined block #7168
INFO:full_node:[alice] Mined block #7169
INFO:full_node:[alice] Mined block #7170
INFO:full_node:[alice] Mined block #7171
INFO:full_node:[alice] Mined block #7172
INFO:full_node:[alice] Mined block #7173
INFO:full_node:[alice] Mined block #7174
INFO:full_node:[alice] Mined block #7175
INFO:full_node:[alice] Mined block #7176
INFO:full_node:[alice] Mined block #7177
INFO:full_node:[alice] Mined block #7178
INFO:full_node:[alice] Mined block #7179
INFO:full_node:[alice] Mined block #7180
INFO:full_node:[alice] Mined block #7181
INFO:full_node:[alice] Mined block #7182
INFO:full_node:[alice] Mined block #7183
INFO:full_node:[alice] Mined block #7184
INFO:full_node:[alice] Mined block #7185
INFO:full_node:[alice] Mined block #7186
INFO:full_node:[alice] Mined block #7187
INFO:full_node:[alice] Mined block #7188
INFO:full_node:[alice] Mined block #7189
INFO:full_node:[alice] Mined block #7190
INFO:full_node:[alice] Mined block #7191
INFO:full_node:[alice] Mined block #7192
INFO:full_node:[alice] Mined block #7193
INFO:full_node:[alice] Mined block #7194
INFO:full_node:[alice] Mined block #7195
INFO:full_node:[alice] Mined block #7196
INFO:full_node:[alice] Mined block #7197
INFO:full_node:[alice] Mined block #7198
INFO:full_node:[alice] Mined block #7199
INFO:full_node:[alice] Mined block #7200
INFO:full_node:[alice] Mined block #7201
INFO:full_node:[alice] Mined block #7202
INFO:full_node:[alice] Mined block #7203
INFO:full_node:[alice] Mined block #7204
INFO:full_node:[alice] Mined block #7205
INFO:full_node:[alice] Mined block #7206
INFO:full_node:[alice] Mined block #7207
INFO:full_node:[alice] Mined block #7208
INFO:full_node:[alice] Mined block #7209
INFO:full_node:[alice] Mined block #7210
INFO:full_node:[alice] Mined block #7211
INFO:full_node:[alice] Mined block #7212
INFO:full_node:[alice] Mined block #7213
INFO:full_node:[alice] Mined block #7214
INFO:full_node:[alice] Mined block #7215
INFO:full_node:[alice] Mined block #7216
INFO:full_node:[alice] Mined block #7217
INFO:full_node:[alice] Mined block #7218
INFO:full_node:[alice] Mined block #7219
INFO:full_node:[alice] Mined block #7220
INFO:full_node:[alice] Mined block #7221
INFO:full_node:[alice] Mined block #7222
INFO:full_node:[alice] Mined block #7223
INFO:full_node:[alice] Mined block #7224
INFO:full_node:[alice] Mined block #7225
INFO:full_node:[alice] Mined block #7226
INFO:full_node:[alice] Mined block #7227
INFO:full_node:[alice] Mined block #7228
INFO:full_node:[alice] Mined block #7229
INFO:full_node:[alice] Mined block #7230
INFO:full_node:[alice] Mined block #7231
INFO:full_node:[alice] Mined block #7232
INFO:full_node:[alice] Mined block #7233
INFO:full_node:[alice] Mined block #7234
INFO:full_node:[alice] Mined block #7235
INFO:full_node:[alice] Mined block #7236
INFO:full_node:[alice] Mined block #7237
INFO:full_node:[alice] Mined block #7238
INFO:full_node:[alice] Mined block #7239
INFO:full_node:[alice] Mined block #7240
INFO:full_node:[alice] Mined block #7241
INFO:full_node:[alice] Mined block #7242
INFO:full_node:[alice] Mined block #7243
INFO:full_node:[alice] Mined block #7244
INFO:full_node:[alice] Mined block #7245
INFO:full_node:[alice] Mined block #7246
INFO:full_node:[alice] Mined block #7247
INFO:full_node:[alice] Mined block #7248
INFO:full_node:[alice] Mined block #7249
INFO:full_node:[alice] Mined block #7250
INFO:full_node:[alice] Mined block #7251
INFO:full_node:[alice] Mined block #7252
INFO:full_node:[alice] Mined block #7253
INFO:full_node:[alice] Mined block #7254
INFO:full_node:[alice] Mined block #7255
INFO:full_node:[alice] Mined block #7256
INFO:full_node:[alice] Mined block #7257
INFO:full_node:[alice] Mined block #7258
INFO:full_node:[alice] Mined block #7259
INFO:full_node:[alice] Mined block #7260
INFO:full_node:[alice] Mined block #7261
INFO:full_node:[alice] Mined block #7262
INFO:full_node:[alice] Mined block #7263
INFO:full_node:[alice] Mined block #7264
INFO:full_node:[alice] Mined block #7265
INFO:full_node:[alice] Mined block #7266
INFO:full_node:[alice] Mined block #7267
INFO:full_node:[alice] Mined block #7268
INFO:full_node:[alice] Mined block #7269
INFO:full_node:[alice] Mined block #7270
INFO:full_node:[alice] Mined block #7271
INFO:full_node:[alice] Mined block #7272
INFO:full_node:[alice] Mined block #7273
INFO:full_node:[alice] Mined block #7274
INFO:full_node:[alice] Mined block #7275
INFO:full_node:[alice] Mined block #7276
INFO:full_node:[alice] Mined block #7277
INFO:full_node:[alice] Mined block #7278
INFO:full_node:[alice] Mined block #7279
INFO:full_node:[alice] Mined block #7280
INFO:full_node:[alice] Mined block #7281
INFO:full_node:[alice] Mined block #7282
INFO:full_node:[alice] Mined block #7283
INFO:full_node:[alice] Mined block #7284
INFO:full_node:[alice] Mined block #7285
INFO:full_node:[alice] Mined block #7286
INFO:full_node:[alice] Mined block #7287
INFO:full_node:[alice] Mined block #7288
INFO:full_node:[alice] Mined block #7289
INFO:full_node:[alice] Mined block #7290
INFO:full_node:[alice] Mined block #7291
INFO:full_node:[alice] Mined block #7292
INFO:full_node:[alice] Mined block #7293
INFO:full_node:[alice] Mined block #7294
INFO:full_node:[alice] Mined block #7295
INFO:full_node:[alice] Mined block #7296
INFO:full_node:[alice] Mined block #7297
INFO:full_node:[alice] Mined block #7298
INFO:full_node:[alice] Mined block #7299
INFO:full_node:[alice] Mined block #7300
INFO:full_node:[alice] Mined block #7301
INFO:full_node:[alice] Mined block #7302
INFO:full_node:[alice] Mined block #7303
INFO:full_node:[alice] Mined block #7304
INFO:full_node:[alice] Mined block #7305
INFO:full_node:[alice] Mined block #7306
INFO:full_node:[alice] Mined block #7307
INFO:full_node:[alice] Mined block #7308
INFO:full_node:[alice] Mined block #7309
INFO:full_node:[alice] Mined block #7310
INFO:full_node:[alice] Mined block #7311
INFO:full_node:[alice] Mined block #7312
INFO:full_node:[alice] Mined block #7313
INFO:full_node:[alice] Mined block #7314
INFO:full_node:[alice] Mined block #7315
INFO:full_node:[alice] Mined block #7316
INFO:full_node:[alice] Mined block #7317
INFO:full_node:[alice] Mined block #7318
INFO:full_node:[alice] Mined block #7319
INFO:full_node:[alice] Mined block #7320
INFO:full_node:[alice] Mined block #7321
INFO:full_node:[alice] Mined block #7322
INFO:full_node:[alice] Mined block #7323
INFO:full_node:[alice] Mined block #7324
INFO:full_node:[alice] Mined block #7325
INFO:full_node:[alice] Mined block #7326
INFO:full_node:[alice] Mined block #7327
INFO:full_node:[alice] Mined block #7328
INFO:full_node:[alice] Mined block #7329
INFO:full_node:[alice] Mined block #7330
INFO:full_node:[alice] Mined block #7331
INFO:full_node:[alice] Mined block #7332
INFO:full_node:[alice] Mined block #7333
INFO:full_node:[alice] Mined block #7334
INFO:full_node:[alice] Mined block #7335
INFO:full_node:[alice] Mined block #7336
INFO:full_node:[alice] Mined block #7337
INFO:full_node:[alice] Mined block #7338
INFO:full_node:[alice] Mined block #7339
INFO:full_node:[alice] Mined block #7340
INFO:full_node:[alice] Mined block #7341
INFO:full_node:[alice] Mined block #7342
INFO:full_node:[alice] Mined block #7343
INFO:full_node:[alice] Mined block #7344
INFO:full_node:[alice] Mined block #7345
INFO:full_node:[alice] Mined block #7346
INFO:full_node:[alice] Mined block #7347
INFO:full_node:[alice] Mined block #7348
INFO:full_node:[alice] Mined block #7349
INFO:full_node:[alice] Mined block #7350
INFO:full_node:[alice] Mined block #7351
INFO:full_node:[alice] Mined block #7352
INFO:full_node:[alice] Mined block #7353
INFO:full_node:[alice] Mined block #7354
INFO:full_node:[alice] Mined block #7355
INFO:full_node:[alice] Mined block #7356
INFO:full_node:[alice] Mined block #7357
INFO:full_node:[alice] Mined block #7358
INFO:full_node:[alice] Mined block #7359
INFO:full_node:[alice] Mined block #7360
INFO:full_node:[alice] Mined block #7361
INFO:full_node:[alice] Mined block #7362
INFO:full_node:[alice] Mined block #7363
INFO:full_node:[alice] Mined block #7364
INFO:full_node:[alice] Mined block #7365
INFO:full_node:[alice] Mined block #7366
INFO:full_node:[alice] Mined block #7367
INFO:full_node:[alice] Mined block #7368
INFO:full_node:[alice] Mined block #7369
INFO:full_node:[alice] Mined block #7370
INFO:full_node:[alice] Mined block #7371
INFO:full_node:[alice] Mined block #7372
INFO:full_node:[alice] Mined block #7373
INFO:full_node:[alice] Mined block #7374
INFO:full_node:[alice] Mined block #7375
INFO:full_node:[alice] Mined block #7376
INFO:full_node:[alice] Mined block #7377
INFO:full_node:[alice] Mined block #7378
INFO:full_node:[alice] Mined block #7379
INFO:full_node:[alice] Mined block #7380
INFO:full_node:[alice] Mined block #7381
INFO:full_node:[alice] Mined block #7382
INFO:full_node:[alice] Mined block #7383
INFO:full_node:[alice] Mined block #7384
INFO:full_node:[alice] Mined block #7385
INFO:full_node:[alice] Mined block #7386
INFO:full_node:[alice] Mined block #7387
INFO:full_node:[alice] Mined block #7388
INFO:full_node:[alice] Mined block #7389
INFO:full_node:[alice] Mined block #7390
INFO:full_node:[alice] Mined block #7391
INFO:full_node:[alice] Mined block #7392
INFO:full_node:[alice] Mined block #7393
INFO:full_node:[alice] Mined block #7394
INFO:full_node:[alice] Mined block #7395
INFO:full_node:[alice] Mined block #7396
INFO:full_node:[alice] Mined block #7397
INFO:full_node:[alice] Mined block #7398
INFO:full_node:[alice] Mined block #7399
INFO:full_node:[alice] Mined block #7400
INFO:full_node:[alice] Mined block #7401
INFO:full_node:[alice] Mined block #7402
INFO:full_node:[alice] Mined block #7403
INFO:full_node:[alice] Mined block #7404
INFO:full_node:[alice] Mined block #7405
INFO:full_node:[alice] Mined block #7406
INFO:full_node:[alice] Mined block #7407
INFO:full_node:[alice] Mined block #7408
INFO:full_node:[alice] Mined block #7409
INFO:full_node:[alice] Mined block #7410
INFO:full_node:[alice] Mined block #7411
INFO:full_node:[alice] Mined block #7412
INFO:full_node:[alice] Mined block #7413
INFO:full_node:[alice] Mined block #7414
INFO:full_node:[alice] Mined block #7415
INFO:full_node:[alice] Mined block #7416
INFO:full_node:[alice] Mined block #7417
INFO:full_node:[alice] Mined block #7418
INFO:full_node:[alice] Mined block #7419
INFO:full_node:[alice] Mined block #7420
INFO:full_node:[alice] Mined block #7421
INFO:full_node:[alice] Mined block #7422
INFO:full_node:[alice] Mined block #7423
INFO:full_node:[alice] Mined block #7424
INFO:full_node:[alice] Mined block #7425
INFO:full_node:[alice] Mined block #7426
INFO:full_node:[alice] Mined block #7427
INFO:full_node:[alice] Mined block #7428
INFO:full_node:[alice] Mined block #7429
INFO:full_node:[alice] Mined block #7430
INFO:full_node:[alice] Mined block #7431
INFO:full_node:[alice] Mined block #7432
INFO:full_node:[alice] Mined block #7433
INFO:full_node:[alice] Mined block #7434
INFO:full_node:[alice] Mined block #7435
INFO:full_node:[alice] Mined block #7436
INFO:full_node:[alice] Mined block #7437
INFO:full_node:[alice] Mined block #7438
INFO:full_node:[alice] Mined block #7439
INFO:full_node:[alice] Mined block #7440
INFO:full_node:[alice] Mined block #7441
INFO:full_node:[alice] Mined block #7442
INFO:full_node:[alice] Mined block #7443
INFO:full_node:[alice] Mined block #7444
INFO:full_node:[alice] Mined block #7445
INFO:full_node:[alice] Mined block #7446
INFO:full_node:[alice] Mined block #7447
INFO:full_node:[alice] Mined block #7448
INFO:full_node:[alice] Mined block #7449
INFO:full_node:[alice] Mined block #7450
INFO:full_node:[alice] Mined block #7451
INFO:full_node:[alice] Mined block #7452
INFO:full_node:[alice] Mined block #7453
INFO:full_node:[alice] Mined block #7454
INFO:full_node:[alice] Mined block #7455
INFO:full_node:[alice] Mined block #7456
INFO:full_node:[alice] Mined block #7457
INFO:full_node:[alice] Mined block #7458
INFO:full_node:[alice] Mined block #7459
INFO:full_node:[alice] Mined block #7460
INFO:full_node:[alice] Mined block #7461
INFO:full_node:[alice] Mined block #7462
INFO:full_node:[alice] Mined block #7463
INFO:full_node:[alice] Mined block #7464
INFO:full_node:[alice] Mined block #7465
INFO:full_node:[alice] Mined block #7466
INFO:full_node:[alice] Mined block #7467
INFO:full_node:[alice] Mined block #7468
INFO:full_node:[alice] Mined block #7469
INFO:full_node:[alice] Mined block #7470
INFO:full_node:[alice] Mined block #7471
INFO:full_node:[alice] Mined block #7472
INFO:full_node:[alice] Mined block #7473
INFO:full_node:[alice] Mined block #7474
INFO:full_node:[alice] Mined block #7475
INFO:full_node:[alice] Mined block #7476
INFO:full_node:[alice] Mined block #7477
INFO:full_node:[alice] Mined block #7478
INFO:full_node:[alice] Mined block #7479
INFO:full_node:[alice] Mined block #7480
INFO:full_node:[alice] Mined block #7481
INFO:full_node:[alice] Mined block #7482
INFO:full_node:[alice] Mined block #7483
INFO:full_node:[alice] Mined block #7484
INFO:full_node:[alice] Mined block #7485
INFO:full_node:[alice] Mined block #7486
INFO:full_node:[alice] Mined block #7487
INFO:full_node:[alice] Mined block #7488
INFO:full_node:[alice] Mined block #7489
INFO:full_node:[alice] Mined block #7490
INFO:full_node:[alice] Mined block #7491
INFO:full_node:[alice] Mined block #7492
INFO:full_node:[alice] Mined block #7493
INFO:full_node:[alice] Mined block #7494
INFO:full_node:[alice] Mined block #7495
INFO:full_node:[alice] Mined block #7496
INFO:full_node:[alice] Mined block #7497
INFO:full_node:[alice] Mined block #7498
INFO:full_node:[alice] Mined block #7499
INFO:full_node:[alice] Mined block #7500
INFO:full_node:[alice] Mined block #7501
INFO:full_node:[alice] Mined block #7502
INFO:full_node:[alice] Mined block #7503
INFO:full_node:[alice] Mined block #7504
INFO:full_node:[alice] Mined block #7505
INFO:full_node:[alice] Mined block #7506
INFO:full_node:[alice] Mined block #7507
INFO:full_node:[alice] Mined block #7508
INFO:full_node:[alice] Mined block #7509
INFO:full_node:[alice] Mined block #7510
INFO:full_node:[alice] Mined block #7511
INFO:full_node:[alice] Mined block #7512
INFO:full_node:[alice] Mined block #7513
INFO:full_node:[alice] Mined block #7514
INFO:full_node:[alice] Mined block #7515
INFO:full_node:[alice] Mined block #7516
INFO:full_node:[alice] Mined block #7517
INFO:full_node:[alice] Mined block #7518
INFO:full_node:[alice] Mined block #7519
INFO:full_node:[alice] Mined block #7520
INFO:full_node:[alice] Mined block #7521
INFO:full_node:[alice] Mined block #7522
INFO:full_node:[alice] Mined block #7523
INFO:full_node:[alice] Mined block #7524
INFO:full_node:[alice] Mined block #7525
INFO:full_node:[alice] Mined block #7526
INFO:full_node:[alice] Mined block #7527
INFO:full_node:[alice] Mined block #7528
INFO:full_node:[alice] Mined block #7529
INFO:full_node:[alice] Mined block #7530
INFO:full_node:[alice] Mined block #7531
INFO:full_node:[alice] Mined block #7532
INFO:full_node:[alice] Mined block #7533
INFO:full_node:[alice] Mined block #7534
INFO:full_node:[alice] Mined block #7535
INFO:full_node:[alice] Mined block #7536
INFO:full_node:[alice] Mined block #7537
INFO:full_node:[alice] Mined block #7538
INFO:full_node:[alice] Mined block #7539
INFO:full_node:[alice] Mined block #7540
INFO:full_node:[alice] Mined block #7541
INFO:full_node:[alice] Mined block #7542
INFO:full_node:[alice] Mined block #7543
INFO:full_node:[alice] Mined block #7544
INFO:full_node:[alice] Mined block #7545
INFO:full_node:[alice] Mined block #7546
INFO:full_node:[alice] Mined block #7547
INFO:full_node:[alice] Mined block #7548
INFO:full_node:[alice] Mined block #7549
INFO:full_node:[alice] Mined block #7550
INFO:full_node:[alice] Mined block #7551
INFO:full_node:[alice] Mined block #7552
INFO:full_node:[alice] Mined block #7553
INFO:full_node:[alice] Mined block #7554
INFO:full_node:[alice] Mined block #7555
INFO:full_node:[alice] Mined block #7556
INFO:full_node:[alice] Mined block #7557
INFO:full_node:[alice] Mined block #7558
INFO:full_node:[alice] Mined block #7559
INFO:full_node:[alice] Mined block #7560
INFO:full_node:[alice] Mined block #7561
INFO:full_node:[alice] Mined block #7562
INFO:full_node:[alice] Mined block #7563
INFO:full_node:[alice] Mined block #7564
INFO:full_node:[alice] Mined block #7565
INFO:full_node:[alice] Mined block #7566
INFO:full_node:[alice] Mined block #7567
INFO:full_node:[alice] Mined block #7568
INFO:full_node:[alice] Mined block #7569
INFO:full_node:[alice] Mined block #7570
INFO:full_node:[alice] Mined block #7571
INFO:full_node:[alice] Mined block #7572
INFO:full_node:[alice] Mined block #7573
INFO:full_node:[alice] Mined block #7574
INFO:full_node:[alice] Mined block #7575
INFO:full_node:[alice] Mined block #7576
INFO:full_node:[alice] Mined block #7577
INFO:full_node:[alice] Mined block #7578
INFO:full_node:[alice] Mined block #7579
INFO:full_node:[alice] Mined block #7580
INFO:full_node:[alice] Mined block #7581
INFO:full_node:[alice] Mined block #7582
INFO:full_node:[alice] Mined block #7583
INFO:full_node:[alice] Mined block #7584
INFO:full_node:[alice] Mined block #7585
INFO:full_node:[alice] Mined block #7586
INFO:full_node:[alice] Mined block #7587
INFO:full_node:[alice] Mined block #7588
INFO:full_node:[alice] Mined block #7589
INFO:full_node:[alice] Mined block #7590
INFO:full_node:[alice] Mined block #7591
INFO:full_node:[alice] Mined block #7592
INFO:full_node:[alice] Mined block #7593
INFO:full_node:[alice] Mined block #7594
INFO:full_node:[alice] Mined block #7595
INFO:full_node:[alice] Mined block #7596
INFO:full_node:[alice] Mined block #7597
INFO:full_node:[alice] Mined block #7598
INFO:full_node:[alice] Mined block #7599
INFO:full_node:[alice] Mined block #7600
INFO:full_node:[alice] Mined block #7601
INFO:full_node:[alice] Mined block #7602
INFO:full_node:[alice] Mined block #7603
INFO:full_node:[alice] Mined block #7604
INFO:full_node:[alice] Mined block #7605
INFO:full_node:[alice] Mined block #7606
INFO:full_node:[alice] Mined block #7607
INFO:full_node:[alice] Mined block #7608
INFO:full_node:[alice] Mined block #7609
INFO:full_node:[alice] Mined block #7610
INFO:full_node:[alice] Mined block #7611
INFO:full_node:[alice] Mined block #7612
INFO:full_node:[alice] Mined block #7613
INFO:full_node:[alice] Mined block #7614
INFO:full_node:[alice] Mined block #7615
INFO:full_node:[alice] Mined block #7616
INFO:full_node:[alice] Mined block #7617
INFO:full_node:[alice] Mined block #7618
INFO:full_node:[alice] Mined block #7619
INFO:full_node:[alice] Mined block #7620
INFO:full_node:[alice] Mined block #7621
INFO:full_node:[alice] Mined block #7622
INFO:full_node:[alice] Mined block #7623
INFO:full_node:[alice] Mined block #7624
INFO:full_node:[alice] Mined block #7625
INFO:full_node:[alice] Mined block #7626
INFO:full_node:[alice] Mined block #7627
INFO:full_node:[alice] Mined block #7628
INFO:full_node:[alice] Mined block #7629
INFO:full_node:[alice] Mined block #7630
INFO:full_node:[alice] Mined block #7631
INFO:full_node:[alice] Mined block #7632
INFO:full_node:[alice] Mined block #7633
INFO:full_node:[alice] Mined block #7634
INFO:full_node:[alice] Mined block #7635
INFO:full_node:[alice] Mined block #7636
INFO:full_node:[alice] Mined block #7637
INFO:full_node:[alice] Mined block #7638
INFO:full_node:[alice] Mined block #7639
INFO:full_node:[alice] Mined block #7640
INFO:full_node:[alice] Mined block #7641
INFO:full_node:[alice] Mined block #7642
INFO:full_node:[alice] Mined block #7643
INFO:full_node:[alice] Mined block #7644
INFO:full_node:[alice] Mined block #7645
INFO:full_node:[alice] Mined block #7646
INFO:full_node:[alice] Mined block #7647
INFO:full_node:[alice] Mined block #7648
INFO:full_node:[alice] Mined block #7649
INFO:full_node:[alice] Mined block #7650
INFO:full_node:[alice] Mined block #7651
INFO:full_node:[alice] Mined block #7652
INFO:full_node:[alice] Mined block #7653
INFO:full_node:[alice] Mined block #7654
INFO:full_node:[alice] Mined block #7655
INFO:full_node:[alice] Mined block #7656
INFO:full_node:[alice] Mined block #7657
INFO:full_node:[alice] Mined block #7658
INFO:full_node:[alice] Mined block #7659
INFO:full_node:[alice] Mined block #7660
INFO:full_node:[alice] Mined block #7661
INFO:full_node:[alice] Mined block #7662
INFO:full_node:[alice] Mined block #7663
INFO:full_node:[alice] Mined block #7664
INFO:full_node:[alice] Mined block #7665
INFO:full_node:[alice] Mined block #7666
INFO:full_node:[alice] Mined block #7667
INFO:full_node:[alice] Mined block #7668
INFO:full_node:[alice] Mined block #7669
INFO:full_node:[alice] Mined block #7670
INFO:full_node:[alice] Mined block #7671
INFO:full_node:[alice] Mined block #7672
INFO:full_node:[alice] Mined block #7673
INFO:full_node:[alice] Mined block #7674
INFO:full_node:[alice] Mined block #7675
INFO:full_node:[alice] Mined block #7676
INFO:full_node:[alice] Mined block #7677
INFO:full_node:[alice] Mined block #7678
INFO:full_node:[alice] Mined block #7679
INFO:full_node:[alice] Mined block #7680
INFO:full_node:[alice] Mined block #7681
INFO:full_node:[alice] Mined block #7682
INFO:full_node:[alice] Mined block #7683
INFO:full_node:[alice] Mined block #7684
INFO:full_node:[alice] Mined block #7685
INFO:full_node:[alice] Mined block #7686
INFO:full_node:[alice] Mined block #7687
INFO:full_node:[alice] Mined block #7688
INFO:full_node:[alice] Mined block #7689
INFO:full_node:[alice] Mined block #7690
INFO:full_node:[alice] Mined block #7691
INFO:full_node:[alice] Mined block #7692
INFO:full_node:[alice] Mined block #7693
INFO:full_node:[alice] Mined block #7694
INFO:full_node:[alice] Mined block #7695
INFO:full_node:[alice] Mined block #7696
INFO:full_node:[alice] Mined block #7697
INFO:full_node:[alice] Mined block #7698
INFO:full_node:[alice] Mined block #7699
INFO:full_node:[alice] Mined block #7700
INFO:full_node:[alice] Mined block #7701
INFO:full_node:[alice] Mined block #7702
INFO:full_node:[alice] Mined block #7703
INFO:full_node:[alice] Mined block #7704
INFO:full_node:[alice] Mined block #7705
INFO:full_node:[alice] Mined block #7706
INFO:full_node:[alice] Mined block #7707
INFO:full_node:[alice] Mined block #7708
INFO:full_node:[alice] Mined block #7709
INFO:full_node:[alice] Mined block #7710
INFO:full_node:[alice] Mined block #7711
INFO:full_node:[alice] Mined block #7712
INFO:full_node:[alice] Mined block #7713
INFO:full_node:[alice] Mined block #7714
INFO:full_node:[alice] Mined block #7715
INFO:full_node:[alice] Mined block #7716
INFO:full_node:[alice] Mined block #7717
INFO:full_node:[alice] Mined block #7718
INFO:full_node:[alice] Mined block #7719
INFO:full_node:[alice] Mined block #7720
INFO:full_node:[alice] Mined block #7721
INFO:full_node:[alice] Mined block #7722
INFO:full_node:[alice] Mined block #7723
INFO:full_node:[alice] Mined block #7724
INFO:full_node:[alice] Mined block #7725
INFO:full_node:[alice] Mined block #7726
INFO:full_node:[alice] Mined block #7727
INFO:full_node:[alice] Mined block #7728
INFO:full_node:[alice] Mined block #7729
INFO:full_node:[alice] Mined block #7730
INFO:full_node:[alice] Mined block #7731
INFO:full_node:[alice] Mined block #7732
INFO:full_node:[alice] Mined block #7733
INFO:full_node:[alice] Mined block #7734
INFO:full_node:[alice] Mined block #7735
INFO:full_node:[alice] Mined block #7736
INFO:full_node:[alice] Mined block #7737
INFO:full_node:[alice] Mined block #7738
INFO:full_node:[alice] Mined block #7739
INFO:full_node:[alice] Mined block #7740
INFO:full_node:[alice] Mined block #7741
INFO:full_node:[alice] Mined block #7742
INFO:full_node:[alice] Mined block #7743
INFO:full_node:[alice] Mined block #7744
INFO:full_node:[alice] Mined block #7745
INFO:full_node:[alice] Mined block #7746
INFO:full_node:[alice] Mined block #7747
INFO:full_node:[alice] Mined block #7748
INFO:full_node:[alice] Mined block #7749
INFO:full_node:[alice] Mined block #7750
INFO:full_node:[alice] Mined block #7751
INFO:full_node:[alice] Mined block #7752
INFO:full_node:[alice] Mined block #7753
INFO:full_node:[alice] Mined block #7754
INFO:full_node:[alice] Mined block #7755
INFO:full_node:[alice] Mined block #7756
INFO:full_node:[alice] Mined block #7757
INFO:full_node:[alice] Mined block #7758
INFO:full_node:[alice] Mined block #7759
INFO:full_node:[alice] Mined block #7760
INFO:full_node:[alice] Mined block #7761
INFO:full_node:[alice] Mined block #7762
INFO:full_node:[alice] Mined block #7763
INFO:full_node:[alice] Mined block #7764
INFO:full_node:[alice] Mined block #7765
INFO:full_node:[alice] Mined block #7766
INFO:full_node:[alice] Mined block #7767
INFO:full_node:[alice] Mined block #7768
INFO:full_node:[alice] Mined block #7769
INFO:full_node:[alice] Mined block #7770
INFO:full_node:[alice] Mined block #7771
INFO:full_node:[alice] Mined block #7772
INFO:full_node:[alice] Mined block #7773
INFO:full_node:[alice] Mined block #7774
INFO:full_node:[alice] Mined block #7775
INFO:full_node:[alice] Mined block #7776
INFO:full_node:[alice] Mined block #7777
INFO:full_node:[alice] Mined block #7778
INFO:full_node:[alice] Mined block #7779
INFO:full_node:[alice] Mined block #7780
INFO:full_node:[alice] Mined block #7781
INFO:full_node:[alice] Mined block #7782
INFO:full_node:[alice] Mined block #7783
INFO:full_node:[alice] Mined block #7784
INFO:full_node:[alice] Mined block #7785
INFO:full_node:[alice] Mined block #7786
INFO:full_node:[alice] Mined block #7787
INFO:full_node:[alice] Mined block #7788
INFO:full_node:[alice] Mined block #7789
INFO:full_node:[alice] Mined block #7790
INFO:full_node:[alice] Mined block #7791
INFO:full_node:[alice] Mined block #7792
INFO:full_node:[alice] Mined block #7793
INFO:full_node:[alice] Mined block #7794
INFO:full_node:[alice] Mined block #7795
INFO:full_node:[alice] Mined block #7796
INFO:full_node:[alice] Mined block #7797
INFO:full_node:[alice] Mined block #7798
INFO:full_node:[alice] Mined block #7799
INFO:full_node:[alice] Mined block #7800
INFO:full_node:[alice] Mined block #7801
INFO:full_node:[alice] Mined block #7802
INFO:full_node:[alice] Mined block #7803
INFO:full_node:[alice] Mined block #7804
INFO:full_node:[alice] Mined block #7805
INFO:full_node:[alice] Mined block #7806
INFO:full_node:[alice] Mined block #7807
INFO:full_node:[alice] Mined block #7808
INFO:full_node:[alice] Mined block #7809
INFO:full_node:[alice] Mined block #7810
INFO:full_node:[alice] Mined block #7811
INFO:full_node:[alice] Mined block #7812
INFO:full_node:[alice] Mined block #7813
INFO:full_node:[alice] Mined block #7814
INFO:full_node:[alice] Mined block #7815
INFO:full_node:[alice] Mined block #7816
INFO:full_node:[alice] Mined block #7817
INFO:full_node:[alice] Mined block #7818
INFO:full_node:[alice] Mined block #7819
INFO:full_node:[alice] Mined block #7820
INFO:full_node:[alice] Mined block #7821
INFO:full_node:[alice] Mined block #7822
INFO:full_node:[alice] Mined block #7823
INFO:full_node:[alice] Mined block #7824
INFO:full_node:[alice] Mined block #7825
INFO:full_node:[alice] Mined block #7826
INFO:full_node:[alice] Mined block #7827
INFO:full_node:[alice] Mined block #7828
INFO:full_node:[alice] Mined block #7829
INFO:full_node:[alice] Mined block #7830
INFO:full_node:[alice] Mined block #7831
INFO:full_node:[alice] Mined block #7832
INFO:full_node:[alice] Mined block #7833
INFO:full_node:[alice] Mined block #7834
INFO:full_node:[alice] Mined block #7835
INFO:full_node:[alice] Mined block #7836
INFO:full_node:[alice] Mined block #7837
INFO:full_node:[alice] Mined block #7838
INFO:full_node:[alice] Mined block #7839
INFO:full_node:[alice] Mined block #7840
INFO:full_node:[alice] Mined block #7841
INFO:full_node:[alice] Mined block #7842
INFO:full_node:[alice] Mined block #7843
INFO:full_node:[alice] Mined block #7844
INFO:full_node:[alice] Mined block #7845
INFO:full_node:[alice] Mined block #7846
INFO:full_node:[alice] Mined block #7847
INFO:full_node:[alice] Mined block #7848
INFO:full_node:[alice] Mined block #7849
INFO:full_node:[alice] Mined block #7850
INFO:full_node:[alice] Mined block #7851
INFO:full_node:[alice] Mined block #7852
INFO:full_node:[alice] Mined block #7853
INFO:full_node:[alice] Mined block #7854
INFO:full_node:[alice] Mined block #7855
INFO:full_node:[alice] Mined block #7856
INFO:full_node:[alice] Mined block #7857
INFO:full_node:[alice] Mined block #7858
INFO:full_node:[alice] Mined block #7859
INFO:full_node:[alice] Mined block #7860
INFO:full_node:[alice] Mined block #7861
INFO:full_node:[alice] Mined block #7862
INFO:full_node:[alice] Mined block #7863
INFO:full_node:[alice] Mined block #7864
INFO:full_node:[alice] Mined block #7865
INFO:full_node:[alice] Mined block #7866
INFO:full_node:[alice] Mined block #7867
INFO:full_node:[alice] Mined block #7868
INFO:full_node:[alice] Mined block #7869
INFO:full_node:[alice] Mined block #7870
INFO:full_node:[alice] Mined block #7871
INFO:full_node:[alice] Mined block #7872
INFO:full_node:[alice] Mined block #7873
INFO:full_node:[alice] Mined block #7874
INFO:full_node:[alice] Mined block #7875
INFO:full_node:[alice] Mined block #7876
INFO:full_node:[alice] Mined block #7877
INFO:full_node:[alice] Mined block #7878
INFO:full_node:[alice] Mined block #7879
INFO:full_node:[alice] Mined block #7880
INFO:full_node:[alice] Mined block #7881
INFO:full_node:[alice] Mined block #7882
INFO:full_node:[alice] Mined block #7883
INFO:full_node:[alice] Mined block #7884
INFO:full_node:[alice] Mined block #7885
INFO:full_node:[alice] Mined block #7886
INFO:full_node:[alice] Mined block #7887
INFO:full_node:[alice] Mined block #7888
INFO:full_node:[alice] Mined block #7889
INFO:full_node:[alice] Mined block #7890
INFO:full_node:[alice] Mined block #7891
INFO:full_node:[alice] Mined block #7892
INFO:full_node:[alice] Mined block #7893
INFO:full_node:[alice] Mined block #7894
INFO:full_node:[alice] Mined block #7895
INFO:full_node:[alice] Mined block #7896
INFO:full_node:[alice] Mined block #7897
INFO:full_node:[alice] Mined block #7898
INFO:full_node:[alice] Mined block #7899
INFO:full_node:[alice] Mined block #7900
INFO:full_node:[alice] Mined block #7901
INFO:full_node:[alice] Mined block #7902
INFO:full_node:[alice] Mined block #7903
INFO:full_node:[alice] Mined block #7904
INFO:full_node:[alice] Mined block #7905
INFO:full_node:[alice] Mined block #7906
INFO:full_node:[alice] Mined block #7907
INFO:full_node:[alice] Mined block #7908
INFO:full_node:[alice] Mined block #7909
INFO:full_node:[alice] Mined block #7910
INFO:full_node:[alice] Mined block #7911
INFO:full_node:[alice] Mined block #7912
INFO:full_node:[alice] Mined block #7913
INFO:full_node:[alice] Mined block #7914
INFO:full_node:[alice] Mined block #7915
INFO:full_node:[alice] Mined block #7916
INFO:full_node:[alice] Mined block #7917
INFO:full_node:[alice] Mined block #7918
INFO:full_node:[alice] Mined block #7919
INFO:full_node:[alice] Mined block #7920
INFO:full_node:[alice] Mined block #7921
INFO:full_node:[alice] Mined block #7922
INFO:full_node:[alice] Mined block #7923
INFO:full_node:[alice] Mined block #7924
INFO:full_node:[alice] Mined block #7925
INFO:full_node:[alice] Mined block #7926
INFO:full_node:[alice] Mined block #7927
INFO:full_node:[alice] Mined block #7928
INFO:full_node:[alice] Mined block #7929
INFO:full_node:[alice] Mined block #7930
INFO:full_node:[alice] Mined block #7931
INFO:full_node:[alice] Mined block #7932
INFO:full_node:[alice] Mined block #7933
INFO:full_node:[alice] Mined block #7934
INFO:full_node:[alice] Mined block #7935
INFO:full_node:[alice] Mined block #7936
INFO:full_node:[alice] Mined block #7937
INFO:full_node:[alice] Mined block #7938
INFO:full_node:[alice] Mined block #7939
INFO:full_node:[alice] Mined block #7940
INFO:full_node:[alice] Mined block #7941
INFO:full_node:[alice] Mined block #7942
INFO:full_node:[alice] Mined block #7943
INFO:full_node:[alice] Mined block #7944
INFO:full_node:[alice] Mined block #7945
INFO:full_node:[alice] Mined block #7946
INFO:full_node:[alice] Mined block #7947
INFO:full_node:[alice] Mined block #7948
INFO:full_node:[alice] Mined block #7949
INFO:full_node:[alice] Mined block #7950
INFO:full_node:[alice] Mined block #7951
INFO:full_node:[alice] Mined block #7952
INFO:full_node:[alice] Mined block #7953
INFO:full_node:[alice] Mined block #7954
INFO:full_node:[alice] Mined block #7955
INFO:full_node:[alice] Mined block #7956
INFO:full_node:[alice] Mined block #7957
INFO:full_node:[alice] Mined block #7958
INFO:full_node:[alice] Mined block #7959
INFO:full_node:[alice] Mined block #7960
INFO:full_node:[alice] Mined block #7961
INFO:full_node:[alice] Mined block #7962
INFO:full_node:[alice] Mined block #7963
INFO:full_node:[alice] Mined block #7964
INFO:full_node:[alice] Mined block #7965
INFO:full_node:[alice] Mined block #7966
INFO:full_node:[alice] Mined block #7967
INFO:full_node:[alice] Mined block #7968
INFO:full_node:[alice] Mined block #7969
INFO:full_node:[alice] Mined block #7970
INFO:full_node:[alice] Mined block #7971
INFO:full_node:[alice] Mined block #7972
INFO:full_node:[alice] Mined block #7973
INFO:full_node:[alice] Mined block #7974
INFO:full_node:[alice] Mined block #7975
INFO:full_node:[alice] Mined block #7976
INFO:full_node:[alice] Mined block #7977
INFO:full_node:[alice] Mined block #7978
INFO:full_node:[alice] Mined block #7979
INFO:full_node:[alice] Mined block #7980
INFO:full_node:[alice] Mined block #7981
INFO:full_node:[alice] Mined block #7982
INFO:full_node:[alice] Mined block #7983
INFO:full_node:[alice] Mined block #7984
INFO:full_node:[alice] Mined block #7985
INFO:full_node:[alice] Mined block #7986
INFO:full_node:[alice] Mined block #7987
INFO:full_node:[alice] Mined block #7988
INFO:full_node:[alice] Mined block #7989
INFO:full_node:[alice] Mined block #7990
INFO:full_node:[alice] Mined block #7991
INFO:full_node:[alice] Mined block #7992
INFO:full_node:[alice] Mined block #7993
INFO:full_node:[alice] Mined block #7994
INFO:full_node:[alice] Mined block #7995
INFO:full_node:[alice] Mined block #7996
INFO:full_node:[alice] Mined block #7997
INFO:full_node:[alice] Mined block #7998
INFO:full_node:[alice] Mined block #7999
INFO:full_node:[alice] Mined block #8000
INFO:full_node:[alice] Mined block #8001
INFO:full_node:[alice] Mined block #8002
INFO:full_node:[alice] Mined block #8003
INFO:full_node:[alice] Mined block #8004
INFO:full_node:[alice] Mined block #8005
INFO:full_node:[alice] Mined block #8006
INFO:full_node:[alice] Mined block #8007
INFO:full_node:[alice] Mined block #8008
INFO:full_node:[alice] Mined block #8009
INFO:full_node:[alice] Mined block #8010
INFO:full_node:[alice] Mined block #8011
INFO:full_node:[alice] Mined block #8012
INFO:full_node:[alice] Mined block #8013
INFO:full_node:[alice] Mined block #8014
INFO:full_node:[alice] Mined block #8015
INFO:full_node:[alice] Mined block #8016
INFO:full_node:[alice] Mined block #8017
INFO:full_node:[alice] Mined block #8018
INFO:full_node:[alice] Mined block #8019
INFO:full_node:[alice] Mined block #8020
INFO:full_node:[alice] Mined block #8021
INFO:full_node:[alice] Mined block #8022
INFO:full_node:[alice] Mined block #8023
INFO:full_node:[alice] Mined block #8024
INFO:full_node:[alice] Mined block #8025
INFO:full_node:[alice] Mined block #8026
INFO:full_node:[alice] Mined block #8027
INFO:full_node:[alice] Mined block #8028
INFO:full_node:[alice] Mined block #8029
INFO:full_node:[alice] Mined block #8030
INFO:full_node:[alice] Mined block #8031
INFO:full_node:[alice] Mined block #8032
INFO:full_node:[alice] Mined block #8033
INFO:full_node:[alice] Mined block #8034
INFO:full_node:[alice] Mined block #8035
INFO:full_node:[alice] Mined block #8036
INFO:full_node:[alice] Mined block #8037
INFO:full_node:[alice] Mined block #8038
INFO:full_node:[alice] Mined block #8039
INFO:full_node:[alice] Mined block #8040
INFO:full_node:[alice] Mined block #8041
INFO:full_node:[alice] Mined block #8042
INFO:full_node:[alice] Mined block #8043
INFO:full_node:[alice] Mined block #8044
INFO:full_node:[alice] Mined block #8045
INFO:full_node:[alice] Mined block #8046
INFO:full_node:[alice] Mined block #8047
INFO:full_node:[alice] Mined block #8048
INFO:full_node:[alice] Mined block #8049
INFO:full_node:[alice] Mined block #8050
INFO:full_node:[alice] Mined block #8051
INFO:full_node:[alice] Mined block #8052
INFO:full_node:[alice] Mined block #8053
INFO:full_node:[alice] Mined block #8054
INFO:full_node:[alice] Mined block #8055
INFO:full_node:[alice] Mined block #8056
INFO:full_node:[alice] Mined block #8057
INFO:full_node:[alice] Mined block #8058
INFO:full_node:[alice] Mined block #8059
INFO:full_node:[alice] Mined block #8060
INFO:full_node:[alice] Mined block #8061
INFO:full_node:[alice] Mined block #8062
INFO:full_node:[alice] Mined block #8063
INFO:full_node:[alice] Mined block #8064
INFO:full_node:[alice] Mined block #8065
INFO:full_node:[alice] Mined block #8066
INFO:full_node:[alice] Mined block #8067
INFO:full_node:[alice] Mined block #8068
INFO:full_node:[alice] Mined block #8069
INFO:full_node:[alice] Mined block #8070
INFO:full_node:[alice] Mined block #8071
INFO:full_node:[alice] Mined block #8072
INFO:full_node:[alice] Mined block #8073
INFO:full_node:[alice] Mined block #8074
INFO:full_node:[alice] Mined block #8075
INFO:full_node:[alice] Mined block #8076
INFO:full_node:[alice] Mined block #8077
INFO:full_node:[alice] Mined block #8078
INFO:full_node:[alice] Mined block #8079
INFO:full_node:[alice] Mined block #8080
INFO:full_node:[alice] Mined block #8081
INFO:full_node:[alice] Mined block #8082
INFO:full_node:[alice] Mined block #8083
INFO:full_node:[alice] Mined block #8084
INFO:full_node:[alice] Mined block #8085
INFO:full_node:[alice] Mined block #8086
INFO:full_node:[alice] Mined block #8087
INFO:full_node:[alice] Mined block #8088
INFO:full_node:[alice] Mined block #8089
INFO:full_node:[alice] Mined block #8090
INFO:full_node:[alice] Mined block #8091
INFO:full_node:[alice] Mined block #8092
INFO:full_node:[alice] Mined block #8093
INFO:full_node:[alice] Mined block #8094
INFO:full_node:[alice] Mined block #8095
INFO:full_node:[alice] Mined block #8096
INFO:full_node:[alice] Mined block #8097
INFO:full_node:[alice] Mined block #8098
INFO:full_node:[alice] Mined block #8099
INFO:full_node:[alice] Mined block #8100
INFO:full_node:[alice] Mined block #8101
INFO:full_node:[alice] Mined block #8102
INFO:full_node:[alice] Mined block #8103
INFO:full_node:[alice] Mined block #8104
INFO:full_node:[alice] Mined block #8105
INFO:full_node:[alice] Mined block #8106
INFO:full_node:[alice] Mined block #8107
INFO:full_node:[alice] Mined block #8108
INFO:full_node:[alice] Mined block #8109
INFO:full_node:[alice] Mined block #8110
INFO:full_node:[alice] Mined block #8111
INFO:full_node:[alice] Mined block #8112
INFO:full_node:[alice] Mined block #8113
INFO:full_node:[alice] Mined block #8114
INFO:full_node:[alice] Mined block #8115
INFO:full_node:[alice] Mined block #8116
INFO:full_node:[alice] Mined block #8117
INFO:full_node:[alice] Mined block #8118
INFO:full_node:[alice] Mined block #8119
INFO:full_node:[alice] Mined block #8120
INFO:full_node:[alice] Mined block #8121
INFO:full_node:[alice] Mined block #8122
INFO:full_node:[alice] Mined block #8123
INFO:full_node:[alice] Mined block #8124
INFO:full_node:[alice] Mined block #8125
INFO:full_node:[alice] Mined block #8126
INFO:full_node:[alice] Mined block #8127
INFO:full_node:[alice] Mined block #8128
INFO:full_node:[alice] Mined block #8129
INFO:full_node:[alice] Mined block #8130
INFO:full_node:[alice] Mined block #8131
INFO:full_node:[alice] Mined block #8132
INFO:full_node:[alice] Mined block #8133
INFO:full_node:[alice] Mined block #8134
INFO:full_node:[alice] Mined block #8135
INFO:full_node:[alice] Mined block #8136
INFO:full_node:[alice] Mined block #8137
INFO:full_node:[alice] Mined block #8138
INFO:full_node:[alice] Mined block #8139
INFO:full_node:[alice] Mined block #8140
INFO:full_node:[alice] Mined block #8141
INFO:full_node:[alice] Mined block #8142
INFO:full_node:[alice] Mined block #8143
INFO:full_node:[alice] Mined block #8144
INFO:full_node:[alice] Mined block #8145
INFO:full_node:[alice] Mined block #8146
INFO:full_node:[alice] Mined block #8147
INFO:full_node:[alice] Mined block #8148
INFO:full_node:[alice] Mined block #8149
INFO:full_node:[alice] Mined block #8150
INFO:full_node:[alice] Mined block #8151
INFO:full_node:[alice] Mined block #8152
INFO:full_node:[alice] Mined block #8153
INFO:full_node:[alice] Mined block #8154
INFO:full_node:[alice] Mined block #8155
INFO:full_node:[alice] Mined block #8156
INFO:full_node:[alice] Mined block #8157
INFO:full_node:[alice] Mined block #8158
INFO:full_node:[alice] Mined block #8159
INFO:full_node:[alice] Mined block #8160
INFO:full_node:[alice] Mined block #8161
INFO:full_node:[alice] Mined block #8162
INFO:full_node:[alice] Mined block #8163
INFO:full_node:[alice] Mined block #8164
INFO:full_node:[alice] Mined block #8165
INFO:full_node:[alice] Mined block #8166
INFO:full_node:[alice] Mined block #8167
INFO:full_node:[alice] Mined block #8168
INFO:full_node:[alice] Mined block #8169
INFO:full_node:[alice] Mined block #8170
INFO:full_node:[alice] Mined block #8171
INFO:full_node:[alice] Mined block #8172
INFO:full_node:[alice] Mined block #8173
INFO:full_node:[alice] Mined block #8174
INFO:full_node:[alice] Mined block #8175
INFO:full_node:[alice] Mined block #8176
INFO:full_node:[alice] Mined block #8177
INFO:full_node:[alice] Mined block #8178
INFO:full_node:[alice] Mined block #8179
INFO:full_node:[alice] Mined block #8180
INFO:full_node:[alice] Mined block #8181
INFO:full_node:[alice] Mined block #8182
INFO:full_node:[alice] Mined block #8183
INFO:full_node:[alice] Mined block #8184
INFO:full_node:[alice] Mined block #8185
INFO:full_node:[alice] Mined block #8186
INFO:full_node:[alice] Mined block #8187
INFO:full_node:[alice] Mined block #8188
INFO:full_node:[alice] Mined block #8189
INFO:full_node:[alice] Mined block #8190
INFO:full_node:[alice] Mined block #8191
INFO:full_node:[alice] Mined block #8192
INFO:full_node:[alice] Mined block #8193
INFO:full_node:[alice] Mined block #8194
INFO:full_node:[alice] Mined block #8195
INFO:full_node:[alice] Mined block #8196
INFO:full_node:[alice] Mined block #8197
INFO:full_node:[alice] Mined block #8198
INFO:full_node:[alice] Mined block #8199
INFO:full_node:[alice] Mined block #8200
INFO:full_node:[alice] Mined block #8201
INFO:full_node:[alice] Mined block #8202
INFO:full_node:[alice] Mined block #8203
INFO:full_node:[alice] Mined block #8204
INFO:full_node:[alice] Mined block #8205
INFO:full_node:[alice] Mined block #8206
INFO:full_node:[alice] Mined block #8207
INFO:full_node:[alice] Mined block #8208
INFO:full_node:[alice] Mined block #8209
INFO:full_node:[alice] Mined block #8210
INFO:full_node:[alice] Mined block #8211
INFO:full_node:[alice] Mined block #8212
INFO:full_node:[alice] Mined block #8213
INFO:full_node:[alice] Mined block #8214
INFO:full_node:[alice] Mined block #8215
INFO:full_node:[alice] Mined block #8216
INFO:full_node:[alice] Mined block #8217
INFO:full_node:[alice] Mined block #8218
INFO:full_node:[alice] Mined block #8219
INFO:full_node:[alice] Mined block #8220
INFO:full_node:[alice] Mined block #8221
INFO:full_node:[alice] Mined block #8222
INFO:full_node:[alice] Mined block #8223
INFO:full_node:[alice] Mined block #8224
INFO:full_node:[alice] Mined block #8225
INFO:full_node:[alice] Mined block #8226
INFO:full_node:[alice] Mined block #8227
INFO:full_node:[alice] Mined block #8228
INFO:full_node:[alice] Mined block #8229
INFO:full_node:[alice] Mined block #8230
INFO:full_node:[alice] Mined block #8231
INFO:full_node:[alice] Mined block #8232
INFO:full_node:[alice] Mined block #8233
INFO:full_node:[alice] Mined block #8234
INFO:full_node:[alice] Mined block #8235
INFO:full_node:[alice] Mined block #8236
INFO:full_node:[alice] Mined block #8237
INFO:full_node:[alice] Mined block #8238
INFO:full_node:[alice] Mined block #8239
INFO:full_node:[alice] Mined block #8240
INFO:full_node:[alice] Mined block #8241
INFO:full_node:[alice] Mined block #8242
INFO:full_node:[alice] Mined block #8243
INFO:full_node:[alice] Mined block #8244
INFO:full_node:[alice] Mined block #8245
INFO:full_node:[alice] Mined block #8246
INFO:full_node:[alice] Mined block #8247
INFO:full_node:[alice] Mined block #8248
INFO:full_node:[alice] Mined block #8249
INFO:full_node:[alice] Mined block #8250
INFO:full_node:[alice] Mined block #8251
INFO:full_node:[alice] Mined block #8252
INFO:full_node:[alice] Mined block #8253
INFO:full_node:[alice] Mined block #8254
INFO:full_node:[alice] Mined block #8255
INFO:full_node:[alice] Mined block #8256
INFO:full_node:[alice] Mined block #8257
INFO:full_node:[alice] Mined block #8258
INFO:full_node:[alice] Mined block #8259
INFO:full_node:[alice] Mined block #8260
INFO:full_node:[alice] Mined block #8261
INFO:full_node:[alice] Mined block #8262
INFO:full_node:[alice] Mined block #8263
INFO:full_node:[alice] Mined block #8264
INFO:full_node:[alice] Mined block #8265
INFO:full_node:[alice] Mined block #8266
INFO:full_node:[alice] Mined block #8267
INFO:full_node:[alice] Mined block #8268
INFO:full_node:[alice] Mined block #8269
INFO:full_node:[alice] Mined block #8270
INFO:full_node:[alice] Mined block #8271
INFO:full_node:[alice] Mined block #8272
INFO:full_node:[alice] Mined block #8273
INFO:full_node:[alice] Mined block #8274
INFO:full_node:[alice] Mined block #8275
INFO:full_node:[alice] Mined block #8276
INFO:full_node:[alice] Mined block #8277
INFO:full_node:[alice] Mined block #8278
INFO:full_node:[alice] Mined block #8279
INFO:full_node:[alice] Mined block #8280
INFO:full_node:[alice] Mined block #8281
INFO:full_node:[alice] Mined block #8282
INFO:full_node:[alice] Mined block #8283
INFO:full_node:[alice] Mined block #8284
INFO:full_node:[alice] Mined block #8285
INFO:full_node:[alice] Mined block #8286
INFO:full_node:[alice] Mined block #8287
INFO:full_node:[alice] Mined block #8288
INFO:full_node:[alice] Mined block #8289
INFO:full_node:[alice] Mined block #8290
INFO:full_node:[alice] Mined block #8291
INFO:full_node:[alice] Mined block #8292
INFO:full_node:[alice] Mined block #8293
INFO:full_node:[alice] Mined block #8294
INFO:full_node:[alice] Mined block #8295
INFO:full_node:[alice] Mined block #8296
INFO:full_node:[alice] Mined block #8297
INFO:full_node:[alice] Mined block #8298
INFO:full_node:[alice] Mined block #8299
INFO:full_node:[alice] Mined block #8300
INFO:full_node:[alice] Mined block #8301
INFO:full_node:[alice] Mined block #8302
INFO:full_node:[alice] Mined block #8303
INFO:full_node:[alice] Mined block #8304
INFO:full_node:[alice] Mined block #8305
INFO:full_node:[alice] Mined block #8306
INFO:full_node:[alice] Mined block #8307
INFO:full_node:[alice] Mined block #8308
INFO:full_node:[alice] Mined block #8309
INFO:full_node:[alice] Mined block #8310
INFO:full_node:[alice] Mined block #8311
INFO:full_node:[alice] Mined block #8312
INFO:full_node:[alice] Mined block #8313
INFO:full_node:[alice] Mined block #8314
INFO:full_node:[alice] Mined block #8315
INFO:full_node:[alice] Mined block #8316
INFO:full_node:[alice] Mined block #8317
INFO:full_node:[alice] Mined block #8318
INFO:full_node:[alice] Mined block #8319
INFO:full_node:[alice] Mined block #8320
INFO:full_node:[alice] Mined block #8321
INFO:full_node:[alice] Mined block #8322
INFO:full_node:[alice] Mined block #8323
INFO:full_node:[alice] Mined block #8324
INFO:full_node:[alice] Mined block #8325
INFO:full_node:[alice] Mined block #8326
INFO:full_node:[alice] Mined block #8327
INFO:full_node:[alice] Mined block #8328
INFO:full_node:[alice] Mined block #8329
INFO:full_node:[alice] Mined block #8330
INFO:full_node:[alice] Mined block #8331
INFO:full_node:[alice] Mined block #8332
INFO:full_node:[alice] Mined block #8333
INFO:full_node:[alice] Mined block #8334
INFO:full_node:[alice] Mined block #8335
INFO:full_node:[alice] Mined block #8336
INFO:full_node:[alice] Mined block #8337
INFO:full_node:[alice] Mined block #8338
INFO:full_node:[alice] Mined block #8339
INFO:full_node:[alice] Mined block #8340
INFO:full_node:[alice] Mined block #8341
INFO:full_node:[alice] Mined block #8342
INFO:full_node:[alice] Mined block #8343
INFO:full_node:[alice] Mined block #8344
INFO:full_node:[alice] Mined block #8345
INFO:full_node:[alice] Mined block #8346
INFO:full_node:[alice] Mined block #8347
INFO:full_node:[alice] Mined block #8348
INFO:full_node:[alice] Mined block #8349
INFO:full_node:[alice] Mined block #8350
INFO:full_node:[alice] Mined block #8351
INFO:full_node:[alice] Mined block #8352
INFO:full_node:[alice] Mined block #8353
INFO:full_node:[alice] Mined block #8354
INFO:full_node:[alice] Mined block #8355
INFO:full_node:[alice] Mined block #8356
INFO:full_node:[alice] Mined block #8357
INFO:full_node:[alice] Mined block #8358
INFO:full_node:[alice] Mined block #8359
INFO:full_node:[alice] Mined block #8360
INFO:full_node:[alice] Mined block #8361
INFO:full_node:[alice] Mined block #8362
INFO:full_node:[alice] Mined block #8363
INFO:full_node:[alice] Mined block #8364
INFO:full_node:[alice] Mined block #8365
INFO:full_node:[alice] Mined block #8366
INFO:full_node:[alice] Mined block #8367
INFO:full_node:[alice] Mined block #8368
INFO:full_node:[alice] Mined block #8369
INFO:full_node:[alice] Mined block #8370
INFO:full_node:[alice] Mined block #8371
INFO:full_node:[alice] Mined block #8372
INFO:full_node:[alice] Mined block #8373
INFO:full_node:[alice] Mined block #8374
INFO:full_node:[alice] Mined block #8375
INFO:full_node:[alice] Mined block #8376
INFO:full_node:[alice] Mined block #8377
INFO:full_node:[alice] Mined block #8378
INFO:full_node:[alice] Mined block #8379
INFO:full_node:[alice] Mined block #8380
INFO:full_node:[alice] Mined block #8381
INFO:full_node:[alice] Mined block #8382
INFO:full_node:[alice] Mined block #8383
INFO:full_node:[alice] Mined block #8384
INFO:full_node:[alice] Mined block #8385
INFO:full_node:[alice] Mined block #8386
INFO:full_node:[alice] Mined block #8387
INFO:full_node:[alice] Mined block #8388
INFO:full_node:[alice] Mined block #8389
INFO:full_node:[alice] Mined block #8390
INFO:full_node:[alice] Mined block #8391
INFO:full_node:[alice] Mined block #8392
INFO:full_node:[alice] Mined block #8393
INFO:full_node:[alice] Mined block #8394
INFO:full_node:[alice] Mined block #8395
INFO:full_node:[alice] Mined block #8396
INFO:full_node:[alice] Mined block #8397
INFO:full_node:[alice] Mined block #8398
INFO:full_node:[alice] Mined block #8399
INFO:full_node:[alice] Mined block #8400
INFO:full_node:[alice] Mined block #8401
INFO:full_node:[alice] Mined block #8402
INFO:full_node:[alice] Mined block #8403
INFO:full_node:[alice] Mined block #8404
INFO:full_node:[alice] Mined block #8405
INFO:full_node:[alice] Mined block #8406
INFO:full_node:[alice] Mined block #8407
INFO:full_node:[alice] Mined block #8408
INFO:full_node:[alice] Mined block #8409
INFO:full_node:[alice] Mined block #8410
INFO:full_node:[alice] Mined block #8411
INFO:full_node:[alice] Mined block #8412
INFO:full_node:[alice] Mined block #8413
INFO:full_node:[alice] Mined block #8414
INFO:full_node:[alice] Mined block #8415
INFO:full_node:[alice] Mined block #8416
INFO:full_node:[alice] Mined block #8417
INFO:full_node:[alice] Mined block #8418
INFO:full_node:[alice] Mined block #8419
INFO:full_node:[alice] Mined block #8420
INFO:full_node:[alice] Mined block #8421
INFO:full_node:[alice] Mined block #8422
INFO:full_node:[alice] Mined block #8423
INFO:full_node:[alice] Mined block #8424
INFO:full_node:[alice] Mined block #8425
INFO:full_node:[alice] Mined block #8426
INFO:full_node:[alice] Mined block #8427
INFO:full_node:[alice] Mined block #8428
INFO:full_node:[alice] Mined block #8429
INFO:full_node:[alice] Mined block #8430
INFO:full_node:[alice] Mined block #8431
INFO:full_node:[alice] Mined block #8432
INFO:full_node:[alice] Mined block #8433
INFO:full_node:[alice] Mined block #8434
INFO:full_node:[alice] Mined block #8435
INFO:full_node:[alice] Mined block #8436
INFO:full_node:[alice] Mined block #8437
INFO:full_node:[alice] Mined block #8438
INFO:full_node:[alice] Mined block #8439
INFO:full_node:[alice] Mined block #8440
INFO:full_node:[alice] Mined block #8441
INFO:full_node:[alice] Mined block #8442
INFO:full_node:[alice] Mined block #8443
INFO:full_node:[alice] Mined block #8444
INFO:full_node:[alice] Mined block #8445
INFO:full_node:[alice] Mined block #8446
INFO:full_node:[alice] Mined block #8447
INFO:full_node:[alice] Mined block #8448
INFO:full_node:[alice] Mined block #8449
INFO:full_node:[alice] Mined block #8450
INFO:full_node:[alice] Mined block #8451
INFO:full_node:[alice] Mined block #8452
INFO:full_node:[alice] Mined block #8453
INFO:full_node:[alice] Mined block #8454
INFO:full_node:[alice] Mined block #8455
INFO:full_node:[alice] Mined block #8456
INFO:full_node:[alice] Mined block #8457
INFO:full_node:[alice] Mined block #8458
INFO:full_node:[alice] Mined block #8459
INFO:full_node:[alice] Mined block #8460
INFO:full_node:[alice] Mined block #8461
INFO:full_node:[alice] Mined block #8462
INFO:full_node:[alice] Mined block #8463
INFO:full_node:[alice] Mined block #8464
INFO:full_node:[alice] Mined block #8465
INFO:full_node:[alice] Mined block #8466
INFO:full_node:[alice] Mined block #8467
INFO:full_node:[alice] Mined block #8468
INFO:full_node:[alice] Mined block #8469
INFO:full_node:[alice] Mined block #8470
INFO:full_node:[alice] Mined block #8471
INFO:full_node:[alice] Mined block #8472
INFO:full_node:[alice] Mined block #8473
INFO:full_node:[alice] Mined block #8474
INFO:full_node:[alice] Mined block #8475
INFO:full_node:[alice] Mined block #8476
INFO:full_node:[alice] Mined block #8477
INFO:full_node:[alice] Mined block #8478
INFO:full_node:[alice] Mined block #8479
INFO:full_node:[alice] Mined block #8480
INFO:full_node:[alice] Mined block #8481
INFO:full_node:[alice] Mined block #8482
INFO:full_node:[alice] Mined block #8483
INFO:full_node:[alice] Mined block #8484
INFO:full_node:[alice] Mined block #8485
INFO:full_node:[alice] Mined block #8486
INFO:full_node:[alice] Mined block #8487
INFO:full_node:[alice] Mined block #8488
INFO:full_node:[alice] Mined block #8489
INFO:full_node:[alice] Mined block #8490
INFO:full_node:[alice] Mined block #8491
INFO:full_node:[alice] Mined block #8492
INFO:full_node:[alice] Mined block #8493
INFO:full_node:[alice] Mined block #8494
INFO:full_node:[alice] Mined block #8495
INFO:full_node:[alice] Mined block #8496
INFO:full_node:[alice] Mined block #8497
INFO:full_node:[alice] Mined block #8498
INFO:full_node:[alice] Mined block #8499
INFO:full_node:[alice] Mined block #8500
INFO:full_node:[alice] Mined block #8501
INFO:full_node:[alice] Mined block #8502
INFO:full_node:[alice] Mined block #8503
INFO:full_node:[alice] Mined block #8504
INFO:full_node:[alice] Mined block #8505
INFO:full_node:[alice] Mined block #8506
INFO:full_node:[alice] Mined block #8507
INFO:full_node:[alice] Mined block #8508
INFO:full_node:[alice] Mined block #8509
INFO:full_node:[alice] Mined block #8510
INFO:full_node:[alice] Mined block #8511
INFO:full_node:[alice] Mined block #8512
INFO:full_node:[alice] Mined block #8513
INFO:full_node:[alice] Mined block #8514
INFO:full_node:[alice] Mined block #8515
INFO:full_node:[alice] Mined block #8516
INFO:full_node:[alice] Mined block #8517
INFO:full_node:[alice] Mined block #8518
INFO:full_node:[alice] Mined block #8519
INFO:full_node:[alice] Mined block #8520
INFO:full_node:[alice] Mined block #8521
INFO:full_node:[alice] Mined block #8522
INFO:full_node:[alice] Mined block #8523
INFO:full_node:[alice] Mined block #8524
INFO:full_node:[alice] Mined block #8525
INFO:full_node:[alice] Mined block #8526
INFO:full_node:[alice] Mined block #8527
INFO:full_node:[alice] Mined block #8528
INFO:full_node:[alice] Mined block #8529
INFO:full_node:[alice] Mined block #8530
INFO:full_node:[alice] Mined block #8531
INFO:full_node:[alice] Mined block #8532
INFO:full_node:[alice] Mined block #8533
INFO:full_node:[alice] Mined block #8534
INFO:full_node:[alice] Mined block #8535
INFO:full_node:[alice] Mined block #8536
INFO:full_node:[alice] Mined block #8537
INFO:full_node:[alice] Mined block #8538
INFO:full_node:[alice] Mined block #8539
INFO:full_node:[alice] Mined block #8540
INFO:full_node:[alice] Mined block #8541
INFO:full_node:[alice] Mined block #8542
INFO:full_node:[alice] Mined block #8543
INFO:full_node:[alice] Mined block #8544
INFO:full_node:[alice] Mined block #8545
INFO:full_node:[alice] Mined block #8546
INFO:full_node:[alice] Mined block #8547
INFO:full_node:[alice] Mined block #8548
INFO:full_node:[alice] Mined block #8549
INFO:full_node:[alice] Mined block #8550
INFO:full_node:[alice] Mined block #8551
INFO:full_node:[alice] Mined block #8552
INFO:full_node:[alice] Mined block #8553
INFO:full_node:[alice] Mined block #8554
INFO:full_node:[alice] Mined block #8555
INFO:full_node:[alice] Mined block #8556
INFO:full_node:[alice] Mined block #8557
INFO:full_node:[alice] Mined block #8558
INFO:full_node:[alice] Mined block #8559
INFO:full_node:[alice] Mined block #8560
INFO:full_node:[alice] Mined block #8561
INFO:full_node:[alice] Mined block #8562
INFO:full_node:[alice] Mined block #8563
INFO:full_node:[alice] Mined block #8564
INFO:full_node:[alice] Mined block #8565
INFO:full_node:[alice] Mined block #8566
INFO:full_node:[alice] Mined block #8567
INFO:full_node:[alice] Mined block #8568
INFO:full_node:[alice] Mined block #8569
INFO:full_node:[alice] Mined block #8570
INFO:full_node:[alice] Mined block #8571
INFO:full_node:[alice] Mined block #8572
INFO:full_node:[alice] Mined block #8573
INFO:full_node:[alice] Mined block #8574
INFO:full_node:[alice] Mined block #8575
INFO:full_node:[alice] Mined block #8576
INFO:full_node:[alice] Mined block #8577
INFO:full_node:[alice] Mined block #8578
INFO:full_node:[alice] Mined block #8579
INFO:full_node:[alice] Mined block #8580
INFO:full_node:[alice] Mined block #8581
INFO:full_node:[alice] Mined block #8582
INFO:full_node:[alice] Mined block #8583
INFO:full_node:[alice] Mined block #8584
INFO:full_node:[alice] Mined block #8585
INFO:full_node:[alice] Mined block #8586
INFO:full_node:[alice] Mined block #8587
INFO:full_node:[alice] Mined block #8588
INFO:full_node:[alice] Mined block #8589
INFO:full_node:[alice] Mined block #8590
INFO:full_node:[alice] Mined block #8591
INFO:full_node:[alice] Mined block #8592
INFO:full_node:[alice] Mined block #8593
INFO:full_node:[alice] Mined block #8594
INFO:full_node:[alice] Mined block #8595
INFO:full_node:[alice] Mined block #8596
INFO:full_node:[alice] Mined block #8597
INFO:full_node:[alice] Mined block #8598
INFO:full_node:[alice] Mined block #8599
INFO:full_node:[alice] Mined block #8600
INFO:full_node:[alice] Mined block #8601
INFO:full_node:[alice] Mined block #8602
INFO:full_node:[alice] Mined block #8603
INFO:full_node:[alice] Mined block #8604
INFO:full_node:[alice] Mined block #8605
INFO:full_node:[alice] Mined block #8606
INFO:full_node:[alice] Mined block #8607
INFO:full_node:[alice] Mined block #8608
INFO:full_node:[alice] Mined block #8609
INFO:full_node:[alice] Mined block #8610
INFO:full_node:[alice] Mined block #8611
INFO:full_node:[alice] Mined block #8612
INFO:full_node:[alice] Mined block #8613
INFO:full_node:[alice] Mined block #8614
INFO:full_node:[alice] Mined block #8615
INFO:full_node:[alice] Mined block #8616
INFO:full_node:[alice] Mined block #8617
INFO:full_node:[alice] Mined block #8618
INFO:full_node:[alice] Mined block #8619
INFO:full_node:[alice] Mined block #8620
INFO:full_node:[alice] Mined block #8621
INFO:full_node:[alice] Mined block #8622
INFO:full_node:[alice] Mined block #8623
INFO:full_node:[alice] Mined block #8624
INFO:full_node:[alice] Mined block #8625
INFO:full_node:[alice] Mined block #8626
INFO:full_node:[alice] Mined block #8627
INFO:full_node:[alice] Mined block #8628
INFO:full_node:[alice] Mined block #8629
INFO:full_node:[alice] Mined block #8630
INFO:full_node:[alice] Mined block #8631
INFO:full_node:[alice] Mined block #8632
INFO:full_node:[alice] Mined block #8633
INFO:full_node:[alice] Mined block #8634
INFO:full_node:[alice] Mined block #8635
INFO:full_node:[alice] Mined block #8636
INFO:full_node:[alice] Mined block #8637
INFO:full_node:[alice] Mined block #8638
INFO:full_node:[alice] Mined block #8639
INFO:full_node:[alice] Mined block #8640
INFO:full_node:[alice] Mined block #8641
INFO:full_node:[alice] Mined block #8642
INFO:full_node:[alice] Mined block #8643
INFO:full_node:[alice] Mined block #8644
INFO:full_node:[alice] Mined block #8645
INFO:full_node:[alice] Mined block #8646
INFO:full_node:[alice] Mined block #8647
INFO:full_node:[alice] Mined block #8648
INFO:full_node:[alice] Mined block #8649
INFO:full_node:[alice] Mined block #8650
INFO:full_node:[alice] Mined block #8651
INFO:full_node:[alice] Mined block #8652
INFO:full_node:[alice] Mined block #8653
INFO:full_node:[alice] Mined block #8654
INFO:full_node:[alice] Mined block #8655
INFO:full_node:[alice] Mined block #8656
INFO:full_node:[alice] Mined block #8657
INFO:full_node:[alice] Mined block #8658
INFO:full_node:[alice] Mined block #8659
INFO:full_node:[alice] Mined block #8660
INFO:full_node:[alice] Mined block #8661
INFO:full_node:[alice] Mined block #8662
INFO:full_node:[alice] Mined block #8663
INFO:full_node:[alice] Mined block #8664
INFO:full_node:[alice] Mined block #8665
INFO:full_node:[alice] Mined block #8666
INFO:full_node:[alice] Mined block #8667
INFO:full_node:[alice] Mined block #8668
INFO:full_node:[alice] Mined block #8669
INFO:full_node:[alice] Mined block #8670
INFO:full_node:[alice] Mined block #8671
INFO:full_node:[alice] Mined block #8672
INFO:full_node:[alice] Mined block #8673
INFO:full_node:[alice] Mined block #8674
INFO:full_node:[alice] Mined block #8675
INFO:full_node:[alice] Mined block #8676
INFO:full_node:[alice] Mined block #8677
INFO:full_node:[alice] Mined block #8678
INFO:full_node:[alice] Mined block #8679
INFO:full_node:[alice] Mined block #8680
INFO:full_node:[alice] Mined block #8681
INFO:full_node:[alice] Mined block #8682
INFO:full_node:[alice] Mined block #8683
INFO:full_node:[alice] Mined block #8684
INFO:full_node:[alice] Mined block #8685
INFO:full_node:[alice] Mined block #8686
INFO:full_node:[alice] Mined block #8687
INFO:full_node:[alice] Mined block #8688
INFO:full_node:[alice] Mined block #8689
INFO:full_node:[alice] Mined block #8690
INFO:full_node:[alice] Mined block #8691
INFO:full_node:[alice] Mined block #8692
INFO:full_node:[alice] Mined block #8693
INFO:full_node:[alice] Mined block #8694
INFO:full_node:[alice] Mined block #8695
INFO:full_node:[alice] Mined block #8696
INFO:full_node:[alice] Mined block #8697
INFO:full_node:[alice] Mined block #8698
INFO:full_node:[alice] Mined block #8699
INFO:full_node:[alice] Mined block #8700
INFO:full_node:[alice] Mined block #8701
INFO:full_node:[alice] Mined block #8702
INFO:full_node:[alice] Mined block #8703
INFO:full_node:[alice] Mined block #8704
INFO:full_node:[alice] Mined block #8705
INFO:full_node:[alice] Mined block #8706
INFO:full_node:[alice] Mined block #8707
INFO:full_node:[alice] Mined block #8708
INFO:full_node:[alice] Mined block #8709
INFO:full_node:[alice] Mined block #8710
INFO:full_node:[alice] Mined block #8711
INFO:full_node:[alice] Mined block #8712
INFO:full_node:[alice] Mined block #8713
INFO:full_node:[alice] Mined block #8714
INFO:full_node:[alice] Mined block #8715
INFO:full_node:[alice] Mined block #8716
INFO:full_node:[alice] Mined block #8717
INFO:full_node:[alice] Mined block #8718
INFO:full_node:[alice] Mined block #8719
INFO:full_node:[alice] Mined block #8720
INFO:full_node:[alice] Mined block #8721
INFO:full_node:[alice] Mined block #8722
INFO:full_node:[alice] Mined block #8723
INFO:full_node:[alice] Mined block #8724
INFO:full_node:[alice] Mined block #8725
INFO:full_node:[alice] Mined block #8726
INFO:full_node:[alice] Mined block #8727
INFO:full_node:[alice] Mined block #8728
INFO:full_node:[alice] Mined block #8729
INFO:full_node:[alice] Mined block #8730
INFO:full_node:[alice] Mined block #8731
INFO:full_node:[alice] Mined block #8732
INFO:full_node:[alice] Mined block #8733
INFO:full_node:[alice] Mined block #8734
INFO:full_node:[alice] Mined block #8735
INFO:full_node:[alice] Mined block #8736
INFO:full_node:[alice] Mined block #8737
INFO:full_node:[alice] Mined block #8738
INFO:full_node:[alice] Mined block #8739
INFO:full_node:[alice] Mined block #8740
INFO:full_node:[alice] Mined block #8741
INFO:full_node:[alice] Mined block #8742
INFO:full_node:[alice] Mined block #8743
INFO:full_node:[alice] Mined block #8744
INFO:full_node:[alice] Mined block #8745
INFO:full_node:[alice] Mined block #8746
INFO:full_node:[alice] Mined block #8747
INFO:full_node:[alice] Mined block #8748
INFO:full_node:[alice] Mined block #8749
INFO:full_node:[alice] Mined block #8750
INFO:full_node:[alice] Mined block #8751
INFO:full_node:[alice] Mined block #8752
INFO:full_node:[alice] Mined block #8753
INFO:full_node:[alice] Mined block #8754
INFO:full_node:[alice] Mined block #8755
INFO:full_node:[alice] Mined block #8756
INFO:full_node:[alice] Mined block #8757
INFO:full_node:[alice] Mined block #8758
INFO:full_node:[alice] Mined block #8759
INFO:full_node:[alice] Mined block #8760
INFO:full_node:[alice] Mined block #8761
INFO:full_node:[alice] Mined block #8762
INFO:full_node:[alice] Mined block #8763
INFO:full_node:[alice] Mined block #8764
INFO:full_node:[alice] Mined block #8765
INFO:full_node:[alice] Mined block #8766
INFO:full_node:[alice] Mined block #8767
INFO:full_node:[alice] Mined block #8768
INFO:full_node:[alice] Mined block #8769
INFO:full_node:[alice] Mined block #8770
INFO:full_node:[alice] Mined block #8771
INFO:full_node:[alice] Mined block #8772
INFO:full_node:[alice] Mined block #8773
INFO:full_node:[alice] Mined block #8774
INFO:full_node:[alice] Mined block #8775
INFO:full_node:[alice] Mined block #8776
INFO:full_node:[alice] Mined block #8777
INFO:full_node:[alice] Mined block #8778
INFO:full_node:[alice] Mined block #8779
INFO:full_node:[alice] Mined block #8780
INFO:full_node:[alice] Mined block #8781
INFO:full_node:[alice] Mined block #8782
INFO:full_node:[alice] Mined block #8783
INFO:full_node:[alice] Mined block #8784
INFO:full_node:[alice] Mined block #8785
INFO:full_node:[alice] Mined block #8786
INFO:full_node:[alice] Mined block #8787
INFO:full_node:[alice] Mined block #8788
INFO:full_node:[alice] Mined block #8789
INFO:full_node:[alice] Mined block #8790
INFO:full_node:[alice] Mined block #8791
INFO:full_node:[alice] Mined block #8792
INFO:full_node:[alice] Mined block #8793
INFO:full_node:[alice] Mined block #8794
INFO:full_node:[alice] Mined block #8795
INFO:full_node:[alice] Mined block #8796
INFO:full_node:[alice] Mined block #8797
INFO:full_node:[alice] Mined block #8798
INFO:full_node:[alice] Mined block #8799
INFO:full_node:[alice] Mined block #8800
INFO:full_node:[alice] Mined block #8801
INFO:full_node:[alice] Mined block #8802
INFO:full_node:[alice] Mined block #8803
INFO:full_node:[alice] Mined block #8804
INFO:full_node:[alice] Mined block #8805
INFO:full_node:[alice] Mined block #8806
INFO:full_node:[alice] Mined block #8807
INFO:full_node:[alice] Mined block #8808
INFO:full_node:[alice] Mined block #8809
INFO:full_node:[alice] Mined block #8810
INFO:full_node:[alice] Mined block #8811
INFO:full_node:[alice] Mined block #8812
INFO:full_node:[alice] Mined block #8813
INFO:full_node:[alice] Mined block #8814
INFO:full_node:[alice] Mined block #8815
INFO:full_node:[alice] Mined block #8816
INFO:full_node:[alice] Mined block #8817
INFO:full_node:[alice] Mined block #8818
INFO:full_node:[alice] Mined block #8819
INFO:full_node:[alice] Mined block #8820
INFO:full_node:[alice] Mined block #8821
INFO:full_node:[alice] Mined block #8822
INFO:full_node:[alice] Mined block #8823
INFO:full_node:[alice] Mined block #8824
INFO:full_node:[alice] Mined block #8825
INFO:full_node:[alice] Mined block #8826
INFO:full_node:[alice] Mined block #8827
INFO:full_node:[alice] Mined block #8828
INFO:full_node:[alice] Mined block #8829
INFO:full_node:[alice] Mined block #8830
INFO:full_node:[alice] Mined block #8831
INFO:full_node:[alice] Mined block #8832
INFO:full_node:[alice] Mined block #8833
INFO:full_node:[alice] Mined block #8834
INFO:full_node:[alice] Mined block #8835
INFO:full_node:[alice] Mined block #8836
INFO:full_node:[alice] Mined block #8837
INFO:full_node:[alice] Mined block #8838
INFO:full_node:[alice] Mined block #8839
INFO:full_node:[alice] Mined block #8840
INFO:full_node:[alice] Mined block #8841
INFO:full_node:[alice] Mined block #8842
INFO:full_node:[alice] Mined block #8843
INFO:full_node:[alice] Mined block #8844
INFO:full_node:[alice] Mined block #8845
INFO:full_node:[alice] Mined block #8846
INFO:full_node:[alice] Mined block #8847
INFO:full_node:[alice] Mined block #8848
INFO:full_node:[alice] Mined block #8849
INFO:full_node:[alice] Mined block #8850
INFO:full_node:[alice] Mined block #8851
INFO:full_node:[alice] Mined block #8852
INFO:full_node:[alice] Mined block #8853
INFO:full_node:[alice] Mined block #8854
INFO:full_node:[alice] Mined block #8855
INFO:full_node:[alice] Mined block #8856
INFO:full_node:[alice] Mined block #8857
INFO:full_node:[alice] Mined block #8858
INFO:full_node:[alice] Mined block #8859
INFO:full_node:[alice] Mined block #8860
INFO:full_node:[alice] Mined block #8861
INFO:full_node:[alice] Mined block #8862
INFO:full_node:[alice] Mined block #8863
INFO:full_node:[alice] Mined block #8864
INFO:full_node:[alice] Mined block #8865
INFO:full_node:[alice] Mined block #8866
INFO:full_node:[alice] Mined block #8867
INFO:full_node:[alice] Mined block #8868
INFO:full_node:[alice] Mined block #8869
INFO:full_node:[alice] Mined block #8870
INFO:full_node:[alice] Mined block #8871
INFO:full_node:[alice] Mined block #8872
INFO:full_node:[alice] Mined block #8873
INFO:full_node:[alice] Mined block #8874
INFO:full_node:[alice] Mined block #8875
INFO:full_node:[alice] Mined block #8876
INFO:full_node:[alice] Mined block #8877
INFO:full_node:[alice] Mined block #8878
INFO:full_node:[alice] Mined block #8879
INFO:full_node:[alice] Mined block #8880
INFO:full_node:[alice] Mined block #8881
INFO:full_node:[alice] Mined block #8882
INFO:full_node:[alice] Mined block #8883
INFO:full_node:[alice] Mined block #8884
INFO:full_node:[alice] Mined block #8885
INFO:full_node:[alice] Mined block #8886
INFO:full_node:[alice] Mined block #8887
INFO:full_node:[alice] Mined block #8888
INFO:full_node:[alice] Mined block #8889
INFO:full_node:[alice] Mined block #8890
INFO:full_node:[alice] Mined block #8891
INFO:full_node:[alice] Mined block #8892
INFO:full_node:[alice] Mined block #8893
INFO:full_node:[alice] Mined block #8894
INFO:full_node:[alice] Mined block #8895
INFO:full_node:[alice] Mined block #8896
INFO:full_node:[alice] Mined block #8897
INFO:full_node:[alice] Mined block #8898
INFO:full_node:[alice] Mined block #8899
INFO:full_node:[alice] Mined block #8900
INFO:full_node:[alice] Mined block #8901
INFO:full_node:[alice] Mined block #8902
INFO:full_node:[alice] Mined block #8903
INFO:full_node:[alice] Mined block #8904
INFO:full_node:[alice] Mined block #8905
INFO:full_node:[alice] Mined block #8906
INFO:full_node:[alice] Mined block #8907
INFO:full_node:[alice] Mined block #8908
INFO:full_node:[alice] Mined block #8909
INFO:full_node:[alice] Mined block #8910
INFO:full_node:[alice] Mined block #8911
INFO:full_node:[alice] Mined block #8912
INFO:full_node:[alice] Mined block #8913
INFO:full_node:[alice] Mined block #8914
INFO:full_node:[alice] Mined block #8915
INFO:full_node:[alice] Mined block #8916
INFO:full_node:[alice] Mined block #8917
INFO:full_node:[alice] Mined block #8918
INFO:full_node:[alice] Mined block #8919
INFO:full_node:[alice] Mined block #8920
INFO:full_node:[alice] Mined block #8921
INFO:full_node:[alice] Mined block #8922
INFO:full_node:[alice] Mined block #8923
INFO:full_node:[alice] Mined block #8924
INFO:full_node:[alice] Mined block #8925
INFO:full_node:[alice] Mined block #8926
INFO:full_node:[alice] Mined block #8927
INFO:full_node:[alice] Mined block #8928
INFO:full_node:[alice] Mined block #8929
INFO:full_node:[alice] Mined block #8930
INFO:full_node:[alice] Mined block #8931
INFO:full_node:[alice] Mined block #8932
INFO:full_node:[alice] Mined block #8933
INFO:full_node:[alice] Mined block #8934
INFO:full_node:[alice] Mined block #8935
INFO:full_node:[alice] Mined block #8936
INFO:full_node:[alice] Mined block #8937
INFO:full_node:[alice] Mined block #8938
INFO:full_node:[alice] Mined block #8939
INFO:full_node:[alice] Mined block #8940
INFO:full_node:[alice] Mined block #8941
INFO:full_node:[alice] Mined block #8942
INFO:full_node:[alice] Mined block #8943
INFO:full_node:[alice] Mined block #8944
INFO:full_node:[alice] Mined block #8945
INFO:full_node:[alice] Mined block #8946
INFO:full_node:[alice] Mined block #8947
INFO:full_node:[alice] Mined block #8948
INFO:full_node:[alice] Mined block #8949
INFO:full_node:[alice] Mined block #8950
INFO:full_node:[alice] Mined block #8951
INFO:full_node:[alice] Mined block #8952
INFO:full_node:[alice] Mined block #8953
INFO:full_node:[alice] Mined block #8954
INFO:full_node:[alice] Mined block #8955
INFO:full_node:[alice] Mined block #8956
INFO:full_node:[alice] Mined block #8957
INFO:full_node:[alice] Mined block #8958
INFO:full_node:[alice] Mined block #8959
INFO:full_node:[alice] Mined block #8960
INFO:full_node:[alice] Mined block #8961
INFO:full_node:[alice] Mined block #8962
INFO:full_node:[alice] Mined block #8963
INFO:full_node:[alice] Mined block #8964
INFO:full_node:[alice] Mined block #8965
INFO:full_node:[alice] Mined block #8966
INFO:full_node:[alice] Mined block #8967
INFO:full_node:[alice] Mined block #8968
INFO:full_node:[alice] Mined block #8969
INFO:full_node:[alice] Mined block #8970
INFO:full_node:[alice] Mined block #8971
INFO:full_node:[alice] Mined block #8972
INFO:full_node:[alice] Mined block #8973
INFO:full_node:[alice] Mined block #8974
INFO:full_node:[alice] Mined block #8975
INFO:full_node:[alice] Mined block #8976
INFO:full_node:[alice] Mined block #8977
INFO:full_node:[alice] Mined block #8978
INFO:full_node:[alice] Mined block #8979
INFO:full_node:[alice] Mined block #8980
INFO:full_node:[alice] Mined block #8981
INFO:full_node:[alice] Mined block #8982
INFO:full_node:[alice] Mined block #8983
INFO:full_node:[alice] Mined block #8984
INFO:full_node:[alice] Mined block #8985
INFO:full_node:[alice] Mined block #8986
INFO:full_node:[alice] Mined block #8987
INFO:full_node:[alice] Mined block #8988
INFO:full_node:[alice] Mined block #8989
INFO:full_node:[alice] Mined block #8990
INFO:full_node:[alice] Mined block #8991
INFO:full_node:[alice] Mined block #8992
INFO:full_node:[alice] Mined block #8993
INFO:full_node:[alice] Mined block #8994
INFO:full_node:[alice] Mined block #8995
INFO:full_node:[alice] Mined block #8996
INFO:full_node:[alice] Mined block #8997
INFO:full_node:[alice] Mined block #8998
INFO:full_node:[alice] Mined block #8999
INFO:full_node:[alice] Mined block #9000
INFO:full_node:[alice] Mined block #9001
INFO:full_node:[alice] Mined block #9002
INFO:full_node:[alice] Mined block #9003
INFO:full_node:[alice] Mined block #9004
INFO:full_node:[alice] Mined block #9005
INFO:full_node:[alice] Mined block #9006
INFO:full_node:[alice] Mined block #9007
INFO:full_node:[alice] Mined block #9008
INFO:full_node:[alice] Mined block #9009
INFO:full_node:[alice] Mined block #9010
INFO:full_node:[alice] Mined block #9011
INFO:full_node:[alice] Mined block #9012
INFO:full_node:[alice] Mined block #9013
INFO:full_node:[alice] Mined block #9014
INFO:full_node:[alice] Mined block #9015
INFO:full_node:[alice] Mined block #9016
INFO:full_node:[alice] Mined block #9017
INFO:full_node:[alice] Mined block #9018
INFO:full_node:[alice] Mined block #9019
INFO:full_node:[alice] Mined block #9020
INFO:full_node:[alice] Mined block #9021
INFO:full_node:[alice] Mined block #9022
INFO:full_node:[alice] Mined block #9023
INFO:full_node:[alice] Mined block #9024
INFO:full_node:[alice] Mined block #9025
INFO:full_node:[alice] Mined block #9026
INFO:full_node:[alice] Mined block #9027
INFO:full_node:[alice] Mined block #9028
INFO:full_node:[alice] Mined block #9029
INFO:full_node:[alice] Mined block #9030
INFO:full_node:[alice] Mined block #9031
INFO:full_node:[alice] Mined block #9032
INFO:full_node:[alice] Mined block #9033
INFO:full_node:[alice] Mined block #9034
INFO:full_node:[alice] Mined block #9035
INFO:full_node:[alice] Mined block #9036
INFO:full_node:[alice] Mined block #9037
INFO:full_node:[alice] Mined block #9038
INFO:full_node:[alice] Mined block #9039
INFO:full_node:[alice] Mined block #9040
INFO:full_node:[alice] Mined block #9041
INFO:full_node:[alice] Mined block #9042
INFO:full_node:[alice] Mined block #9043
INFO:full_node:[alice] Mined block #9044
INFO:full_node:[alice] Mined block #9045
INFO:full_node:[alice] Mined block #9046
INFO:full_node:[alice] Mined block #9047
INFO:full_node:[alice] Mined block #9048
INFO:full_node:[alice] Mined block #9049
INFO:full_node:[alice] Mined block #9050
INFO:full_node:[alice] Mined block #9051
INFO:full_node:[alice] Mined block #9052
INFO:full_node:[alice] Mined block #9053
INFO:full_node:[alice] Mined block #9054
INFO:full_node:[alice] Mined block #9055
INFO:full_node:[alice] Mined block #9056
INFO:full_node:[alice] Mined block #9057
INFO:full_node:[alice] Mined block #9058
INFO:full_node:[alice] Mined block #9059
INFO:full_node:[alice] Mined block #9060
INFO:full_node:[alice] Mined block #9061
INFO:full_node:[alice] Mined block #9062
INFO:full_node:[alice] Mined block #9063
INFO:full_node:[alice] Mined block #9064
INFO:full_node:[alice] Mined block #9065
INFO:full_node:[alice] Mined block #9066
INFO:full_node:[alice] Mined block #9067
INFO:full_node:[alice] Mined block #9068
INFO:full_node:[alice] Mined block #9069
INFO:full_node:[alice] Mined block #9070
INFO:full_node:[alice] Mined block #9071
INFO:full_node:[alice] Mined block #9072
INFO:full_node:[alice] Mined block #9073
INFO:full_node:[alice] Mined block #9074
INFO:full_node:[alice] Mined block #9075
INFO:full_node:[alice] Mined block #9076
INFO:full_node:[alice] Mined block #9077
INFO:full_node:[alice] Mined block #9078
INFO:full_node:[alice] Mined block #9079
INFO:full_node:[alice] Mined block #9080
INFO:full_node:[alice] Mined block #9081
INFO:full_node:[alice] Mined block #9082
INFO:full_node:[alice] Mined block #9083
INFO:full_node:[alice] Mined block #9084
INFO:full_node:[alice] Mined block #9085
INFO:full_node:[alice] Mined block #9086
INFO:full_node:[alice] Mined block #9087
INFO:full_node:[alice] Mined block #9088
INFO:full_node:[alice] Mined block #9089
INFO:full_node:[alice] Mined block #9090
INFO:full_node:[alice] Mined block #9091
INFO:full_node:[alice] Mined block #9092
INFO:full_node:[alice] Mined block #9093
INFO:full_node:[alice] Mined block #9094
INFO:full_node:[alice] Mined block #9095
INFO:full_node:[alice] Mined block #9096
INFO:full_node:[alice] Mined block #9097
INFO:full_node:[alice] Mined block #9098
INFO:full_node:[alice] Mined block #9099
INFO:full_node:[alice] Mined block #9100
INFO:full_node:[alice] Mined block #9101
INFO:full_node:[alice] Mined block #9102
INFO:full_node:[alice] Mined block #9103
INFO:full_node:[alice] Mined block #9104
INFO:full_node:[alice] Mined block #9105
INFO:full_node:[alice] Mined block #9106
INFO:full_node:[alice] Mined block #9107
INFO:full_node:[alice] Mined block #9108
INFO:full_node:[alice] Mined block #9109
INFO:full_node:[alice] Mined block #9110
INFO:full_node:[alice] Mined block #9111
INFO:full_node:[alice] Mined block #9112
INFO:full_node:[alice] Mined block #9113
INFO:full_node:[alice] Mined block #9114
INFO:full_node:[alice] Mined block #9115
INFO:full_node:[alice] Mined block #9116
INFO:full_node:[alice] Mined block #9117
INFO:full_node:[alice] Mined block #9118
INFO:full_node:[alice] Mined block #9119
INFO:full_node:[alice] Mined block #9120
INFO:full_node:[alice] Mined block #9121
INFO:full_node:[alice] Mined block #9122
INFO:full_node:[alice] Mined block #9123
INFO:full_node:[alice] Mined block #9124
INFO:full_node:[alice] Mined block #9125
INFO:full_node:[alice] Mined block #9126
INFO:full_node:[alice] Mined block #9127
INFO:full_node:[alice] Mined block #9128
INFO:full_node:[alice] Mined block #9129
INFO:full_node:[alice] Mined block #9130
INFO:full_node:[alice] Mined block #9131
INFO:full_node:[alice] Mined block #9132
INFO:full_node:[alice] Mined block #9133
INFO:full_node:[alice] Mined block #9134
INFO:full_node:[alice] Mined block #9135
INFO:full_node:[alice] Mined block #9136
INFO:full_node:[alice] Mined block #9137
INFO:full_node:[alice] Mined block #9138
INFO:full_node:[alice] Mined block #9139
INFO:full_node:[alice] Mined block #9140
INFO:full_node:[alice] Mined block #9141
INFO:full_node:[alice] Mined block #9142
INFO:full_node:[alice] Mined block #9143
INFO:full_node:[alice] Mined block #9144
INFO:full_node:[alice] Mined block #9145
INFO:full_node:[alice] Mined block #9146
INFO:full_node:[alice] Mined block #9147
INFO:full_node:[alice] Mined block #9148
INFO:full_node:[alice] Mined block #9149
INFO:full_node:[alice] Mined block #9150
INFO:full_node:[alice] Mined block #9151
INFO:full_node:[alice] Mined block #9152
INFO:full_node:[alice] Mined block #9153
INFO:full_node:[alice] Mined block #9154
INFO:full_node:[alice] Mined block #9155
INFO:full_node:[alice] Mined block #9156
INFO:full_node:[alice] Mined block #9157
INFO:full_node:[alice] Mined block #9158
INFO:full_node:[alice] Mined block #9159
INFO:full_node:[alice] Mined block #9160
INFO:full_node:[alice] Mined block #9161
INFO:full_node:[alice] Mined block #9162
INFO:full_node:[alice] Mined block #9163
INFO:full_node:[alice] Mined block #9164
INFO:full_node:[alice] Mined block #9165
INFO:full_node:[alice] Mined block #9166
INFO:full_node:[alice] Mined block #9167
INFO:full_node:[alice] Mined block #9168
INFO:full_node:[alice] Mined block #9169
INFO:full_node:[alice] Mined block #9170
INFO:full_node:[alice] Mined block #9171
INFO:full_node:[alice] Mined block #9172
INFO:full_node:[alice] Mined block #9173
INFO:full_node:[alice] Mined block #9174
INFO:full_node:[alice] Mined block #9175
INFO:full_node:[alice] Mined block #9176
INFO:full_node:[alice] Mined block #9177
INFO:full_node:[alice] Mined block #9178
INFO:full_node:[alice] Mined block #9179
INFO:full_node:[alice] Mined block #9180
INFO:full_node:[alice] Mined block #9181
INFO:full_node:[alice] Mined block #9182
INFO:full_node:[alice] Mined block #9183
INFO:full_node:[alice] Mined block #9184
INFO:full_node:[alice] Mined block #9185
INFO:full_node:[alice] Mined block #9186
INFO:full_node:[alice] Mined block #9187
INFO:full_node:[alice] Mined block #9188
INFO:full_node:[alice] Mined block #9189
INFO:full_node:[alice] Mined block #9190
INFO:full_node:[alice] Mined block #9191
INFO:full_node:[alice] Mined block #9192
INFO:full_node:[alice] Mined block #9193
INFO:full_node:[alice] Mined block #9194
INFO:full_node:[alice] Mined block #9195
INFO:full_node:[alice] Mined block #9196
INFO:full_node:[alice] Mined block #9197
INFO:full_node:[alice] Mined block #9198
INFO:full_node:[alice] Mined block #9199
INFO:full_node:[alice] Mined block #9200
INFO:full_node:[alice] Mined block #9201
INFO:full_node:[alice] Mined block #9202
INFO:full_node:[alice] Mined block #9203
INFO:full_node:[alice] Mined block #9204
INFO:full_node:[alice] Mined block #9205
INFO:full_node:[alice] Mined block #9206
INFO:full_node:[alice] Mined block #9207
INFO:full_node:[alice] Mined block #9208
INFO:full_node:[alice] Mined block #9209
INFO:full_node:[alice] Mined block #9210
INFO:full_node:[alice] Mined block #9211
INFO:full_node:[alice] Mined block #9212
INFO:full_node:[alice] Mined block #9213
INFO:full_node:[alice] Mined block #9214
INFO:full_node:[alice] Mined block #9215
INFO:full_node:[alice] Mined block #9216
INFO:full_node:[alice] Mined block #9217
INFO:full_node:[alice] Mined block #9218
INFO:full_node:[alice] Mined block #9219
INFO:full_node:[alice] Mined block #9220
INFO:full_node:[alice] Mined block #9221
INFO:full_node:[alice] Mined block #9222
INFO:full_node:[alice] Mined block #9223
INFO:full_node:[alice] Mined block #9224
INFO:full_node:[alice] Mined block #9225
INFO:full_node:[alice] Mined block #9226
INFO:full_node:[alice] Mined block #9227
INFO:full_node:[alice] Mined block #9228
INFO:full_node:[alice] Mined block #9229
INFO:full_node:[alice] Mined block #9230
INFO:full_node:[alice] Mined block #9231
INFO:full_node:[alice] Mined block #9232
INFO:full_node:[alice] Mined block #9233
INFO:full_node:[alice] Mined block #9234
INFO:full_node:[alice] Mined block #9235
INFO:full_node:[alice] Mined block #9236
INFO:full_node:[alice] Mined block #9237
INFO:full_node:[alice] Mined block #9238
INFO:full_node:[alice] Mined block #9239
INFO:full_node:[alice] Mined block #9240
INFO:full_node:[alice] Mined block #9241
INFO:full_node:[alice] Mined block #9242
INFO:full_node:[alice] Mined block #9243
INFO:full_node:[alice] Mined block #9244
INFO:full_node:[alice] Mined block #9245
INFO:full_node:[alice] Mined block #9246
INFO:full_node:[alice] Mined block #9247
INFO:full_node:[alice] Mined block #9248
INFO:full_node:[alice] Mined block #9249
INFO:full_node:[alice] Mined block #9250
INFO:full_node:[alice] Mined block #9251
INFO:full_node:[alice] Mined block #9252
INFO:full_node:[alice] Mined block #9253
INFO:full_node:[alice] Mined block #9254
INFO:full_node:[alice] Mined block #9255
INFO:full_node:[alice] Mined block #9256
INFO:full_node:[alice] Mined block #9257
INFO:full_node:[alice] Mined block #9258
INFO:full_node:[alice] Mined block #9259
INFO:full_node:[alice] Mined block #9260
INFO:full_node:[alice] Mined block #9261
INFO:full_node:[alice] Mined block #9262
INFO:full_node:[alice] Mined block #9263
INFO:full_node:[alice] Mined block #9264
INFO:full_node:[alice] Mined block #9265
INFO:full_node:[alice] Mined block #9266
INFO:full_node:[alice] Mined block #9267
INFO:full_node:[alice] Mined block #9268
INFO:full_node:[alice] Mined block #9269
INFO:full_node:[alice] Mined block #9270
INFO:full_node:[alice] Mined block #9271
INFO:full_node:[alice] Mined block #9272
INFO:full_node:[alice] Mined block #9273
INFO:full_node:[alice] Mined block #9274
INFO:full_node:[alice] Mined block #9275
INFO:full_node:[alice] Mined block #9276
INFO:full_node:[alice] Mined block #9277
INFO:full_node:[alice] Mined block #9278
INFO:full_node:[alice] Mined block #9279
INFO:full_node:[alice] Mined block #9280
INFO:full_node:[alice] Mined block #9281
INFO:full_node:[alice] Mined block #9282
INFO:full_node:[alice] Mined block #9283
INFO:full_node:[alice] Mined block #9284
INFO:full_node:[alice] Mined block #9285
INFO:full_node:[alice] Mined block #9286
INFO:full_node:[alice] Mined block #9287
INFO:full_node:[alice] Mined block #9288
INFO:full_node:[alice] Mined block #9289
INFO:full_node:[alice] Mined block #9290
INFO:full_node:[alice] Mined block #9291
INFO:full_node:[alice] Mined block #9292
INFO:full_node:[alice] Mined block #9293
INFO:full_node:[alice] Mined block #9294
INFO:full_node:[alice] Mined block #9295
INFO:full_node:[alice] Mined block #9296
INFO:full_node:[alice] Mined block #9297
INFO:full_node:[alice] Mined block #9298
INFO:full_node:[alice] Mined block #9299
INFO:full_node:[alice] Mined block #9300
INFO:full_node:[alice] Mined block #9301
INFO:full_node:[alice] Mined block #9302
INFO:full_node:[alice] Mined block #9303
INFO:full_node:[alice] Mined block #9304
INFO:full_node:[alice] Mined block #9305
INFO:full_node:[alice] Mined block #9306
INFO:full_node:[alice] Mined block #9307
INFO:full_node:[alice] Mined block #9308
INFO:full_node:[alice] Mined block #9309
INFO:full_node:[alice] Mined block #9310
INFO:full_node:[alice] Mined block #9311
INFO:full_node:[alice] Mined block #9312
INFO:full_node:[alice] Mined block #9313
INFO:full_node:[alice] Mined block #9314
INFO:full_node:[alice] Mined block #9315
INFO:full_node:[alice] Mined block #9316
INFO:full_node:[alice] Mined block #9317
INFO:full_node:[alice] Mined block #9318
INFO:full_node:[alice] Mined block #9319
INFO:full_node:[alice] Mined block #9320
INFO:full_node:[alice] Mined block #9321
INFO:full_node:[alice] Mined block #9322
INFO:full_node:[alice] Mined block #9323
INFO:full_node:[alice] Mined block #9324
INFO:full_node:[alice] Mined block #9325
INFO:full_node:[alice] Mined block #9326
INFO:full_node:[alice] Mined block #9327
INFO:full_node:[alice] Mined block #9328
INFO:full_node:[alice] Mined block #9329
INFO:full_node:[alice] Mined block #9330
INFO:full_node:[alice] Mined block #9331
INFO:full_node:[alice] Mined block #9332
INFO:full_node:[alice] Mined block #9333
INFO:full_node:[alice] Mined block #9334
INFO:full_node:[alice] Mined block #9335
INFO:full_node:[alice] Mined block #9336
INFO:full_node:[alice] Mined block #9337
INFO:full_node:[alice] Mined block #9338
INFO:full_node:[alice] Mined block #9339
INFO:full_node:[alice] Mined block #9340
INFO:full_node:[alice] Mined block #9341
INFO:full_node:[alice] Mined block #9342
INFO:full_node:[alice] Mined block #9343
INFO:full_node:[alice] Mined block #9344
INFO:full_node:[alice] Mined block #9345
INFO:full_node:[alice] Mined block #9346
INFO:full_node:[alice] Mined block #9347
INFO:full_node:[alice] Mined block #9348
INFO:full_node:[alice] Mined block #9349
INFO:full_node:[alice] Mined block #9350
INFO:full_node:[alice] Mined block #9351
INFO:full_node:[alice] Mined block #9352
INFO:full_node:[alice] Mined block #9353
INFO:full_node:[alice] Mined block #9354
INFO:full_node:[alice] Mined block #9355
INFO:full_node:[alice] Mined block #9356
INFO:full_node:[alice] Mined block #9357
INFO:full_node:[alice] Mined block #9358
INFO:full_node:[alice] Mined block #9359
INFO:full_node:[alice] Mined block #9360
INFO:full_node:[alice] Mined block #9361
INFO:full_node:[alice] Mined block #9362
INFO:full_node:[alice] Mined block #9363
INFO:full_node:[alice] Mined block #9364
INFO:full_node:[alice] Mined block #9365
INFO:full_node:[alice] Mined block #9366
INFO:full_node:[alice] Mined block #9367
INFO:full_node:[alice] Mined block #9368
INFO:full_node:[alice] Mined block #9369
INFO:full_node:[alice] Mined block #9370
INFO:full_node:[alice] Mined block #9371
INFO:full_node:[alice] Mined block #9372
INFO:full_node:[alice] Mined block #9373
INFO:full_node:[alice] Mined block #9374
INFO:full_node:[alice] Mined block #9375
INFO:full_node:[alice] Mined block #9376
INFO:full_node:[alice] Mined block #9377
INFO:full_node:[alice] Mined block #9378
INFO:full_node:[alice] Mined block #9379
INFO:full_node:[alice] Mined block #9380
INFO:full_node:[alice] Mined block #9381
INFO:full_node:[alice] Mined block #9382
INFO:full_node:[alice] Mined block #9383
INFO:full_node:[alice] Mined block #9384
INFO:full_node:[alice] Mined block #9385
INFO:full_node:[alice] Mined block #9386
INFO:full_node:[alice] Mined block #9387
INFO:full_node:[alice] Mined block #9388
INFO:full_node:[alice] Mined block #9389
INFO:full_node:[alice] Mined block #9390
INFO:full_node:[alice] Mined block #9391
INFO:full_node:[alice] Mined block #9392
INFO:full_node:[alice] Mined block #9393
INFO:full_node:[alice] Mined block #9394
INFO:full_node:[alice] Mined block #9395
INFO:full_node:[alice] Mined block #9396
INFO:full_node:[alice] Mined block #9397
INFO:full_node:[alice] Mined block #9398
INFO:full_node:[alice] Mined block #9399
INFO:full_node:[alice] Mined block #9400
INFO:full_node:[alice] Mined block #9401
INFO:full_node:[alice] Mined block #9402
INFO:full_node:[alice] Mined block #9403
INFO:full_node:[alice] Mined block #9404
INFO:full_node:[alice] Mined block #9405
INFO:full_node:[alice] Mined block #9406
INFO:full_node:[alice] Mined block #9407
INFO:full_node:[alice] Mined block #9408
INFO:full_node:[alice] Mined block #9409
INFO:full_node:[alice] Mined block #9410
INFO:full_node:[alice] Mined block #9411
INFO:full_node:[alice] Mined block #9412
INFO:full_node:[alice] Mined block #9413
INFO:full_node:[alice] Mined block #9414
INFO:full_node:[alice] Mined block #9415
INFO:full_node:[alice] Mined block #9416
INFO:full_node:[alice] Mined block #9417
INFO:full_node:[alice] Mined block #9418
INFO:full_node:[alice] Mined block #9419
INFO:full_node:[alice] Mined block #9420
INFO:full_node:[alice] Mined block #9421
INFO:full_node:[alice] Mined block #9422
INFO:full_node:[alice] Mined block #9423
INFO:full_node:[alice] Mined block #9424
INFO:full_node:[alice] Mined block #9425
INFO:full_node:[alice] Mined block #9426
INFO:full_node:[alice] Mined block #9427
INFO:full_node:[alice] Mined block #9428
INFO:full_node:[alice] Mined block #9429
INFO:full_node:[alice] Mined block #9430
INFO:full_node:[alice] Mined block #9431
INFO:full_node:[alice] Mined block #9432
INFO:full_node:[alice] Mined block #9433
INFO:full_node:[alice] Mined block #9434
INFO:full_node:[alice] Mined block #9435
INFO:full_node:[alice] Mined block #9436
INFO:full_node:[alice] Mined block #9437
INFO:full_node:[alice] Mined block #9438
INFO:full_node:[alice] Mined block #9439
INFO:full_node:[alice] Mined block #9440
INFO:full_node:[alice] Mined block #9441
INFO:full_node:[alice] Mined block #9442
INFO:full_node:[alice] Mined block #9443
INFO:full_node:[alice] Mined block #9444
INFO:full_node:[alice] Mined block #9445
INFO:full_node:[alice] Mined block #9446
INFO:full_node:[alice] Mined block #9447
INFO:full_node:[alice] Mined block #9448
INFO:full_node:[alice] Mined block #9449
INFO:full_node:[alice] Mined block #9450
INFO:full_node:[alice] Mined block #9451
INFO:full_node:[alice] Mined block #9452
INFO:full_node:[alice] Mined block #9453
INFO:full_node:[alice] Mined block #9454
INFO:full_node:[alice] Mined block #9455
INFO:full_node:[alice] Mined block #9456
INFO:full_node:[alice] Mined block #9457
INFO:full_node:[alice] Mined block #9458
INFO:full_node:[alice] Mined block #9459
INFO:full_node:[alice] Mined block #9460
INFO:full_node:[alice] Mined block #9461
INFO:full_node:[alice] Mined block #9462
INFO:full_node:[alice] Mined block #9463
INFO:full_node:[alice] Mined block #9464
INFO:full_node:[alice] Mined block #9465
INFO:full_node:[alice] Mined block #9466
INFO:full_node:[alice] Mined block #9467
INFO:full_node:[alice] Mined block #9468
INFO:full_node:[alice] Mined block #9469
INFO:full_node:[alice] Mined block #9470
INFO:full_node:[alice] Mined block #9471
INFO:full_node:[alice] Mined block #9472
INFO:full_node:[alice] Mined block #9473
INFO:full_node:[alice] Mined block #9474
INFO:full_node:[alice] Mined block #9475
INFO:full_node:[alice] Mined block #9476
INFO:full_node:[alice] Mined block #9477
INFO:full_node:[alice] Mined block #9478
INFO:full_node:[alice] Mined block #9479
INFO:full_node:[alice] Mined block #9480
INFO:full_node:[alice] Mined block #9481
INFO:full_node:[alice] Mined block #9482
INFO:full_node:[alice] Mined block #9483
INFO:full_node:[alice] Mined block #9484
INFO:full_node:[alice] Mined block #9485
INFO:full_node:[alice] Mined block #9486
INFO:full_node:[alice] Mined block #9487
INFO:full_node:[alice] Mined block #9488
INFO:full_node:[alice] Mined block #9489
INFO:full_node:[alice] Mined block #9490
INFO:full_node:[alice] Mined block #9491
INFO:full_node:[alice] Mined block #9492
INFO:full_node:[alice] Mined block #9493
INFO:full_node:[alice] Mined block #9494
INFO:full_node:[alice] Mined block #9495
INFO:full_node:[alice] Mined block #9496
INFO:full_node:[alice] Mined block #9497
INFO:full_node:[alice] Mined block #9498
INFO:full_node:[alice] Mined block #9499
INFO:full_node:[alice] Mined block #9500
INFO:full_node:[alice] Mined block #9501
INFO:full_node:[alice] Mined block #9502
INFO:full_node:[alice] Mined block #9503
INFO:full_node:[alice] Mined block #9504
INFO:full_node:[alice] Mined block #9505
INFO:full_node:[alice] Mined block #9506
INFO:full_node:[alice] Mined block #9507
INFO:full_node:[alice] Mined block #9508
INFO:full_node:[alice] Mined block #9509
INFO:full_node:[alice] Mined block #9510
INFO:full_node:[alice] Mined block #9511
INFO:full_node:[alice] Mined block #9512
INFO:full_node:[alice] Mined block #9513
INFO:full_node:[alice] Mined block #9514
INFO:full_node:[alice] Mined block #9515
INFO:full_node:[alice] Mined block #9516
INFO:full_node:[alice] Mined block #9517
INFO:full_node:[alice] Mined block #9518
INFO:full_node:[alice] Mined block #9519
INFO:full_node:[alice] Mined block #9520
INFO:full_node:[alice] Mined block #9521
INFO:full_node:[alice] Mined block #9522
INFO:full_node:[alice] Mined block #9523
INFO:full_node:[alice] Mined block #9524
INFO:full_node:[alice] Mined block #9525
INFO:full_node:[alice] Mined block #9526
INFO:full_node:[alice] Mined block #9527
INFO:full_node:[alice] Mined block #9528
INFO:full_node:[alice] Mined block #9529
INFO:full_node:[alice] Mined block #9530
INFO:full_node:[alice] Mined block #9531
INFO:full_node:[alice] Mined block #9532
INFO:full_node:[alice] Mined block #9533
INFO:full_node:[alice] Mined block #9534
INFO:full_node:[alice] Mined block #9535
INFO:full_node:[alice] Mined block #9536
INFO:full_node:[alice] Mined block #9537
INFO:full_node:[alice] Mined block #9538
INFO:full_node:[alice] Mined block #9539
INFO:full_node:[alice] Mined block #9540
INFO:full_node:[alice] Mined block #9541
INFO:full_node:[alice] Mined block #9542
INFO:full_node:[alice] Mined block #9543
INFO:full_node:[alice] Mined block #9544
INFO:full_node:[alice] Mined block #9545
INFO:full_node:[alice] Mined block #9546
INFO:full_node:[alice] Mined block #9547
INFO:full_node:[alice] Mined block #9548
INFO:full_node:[alice] Mined block #9549
INFO:full_node:[alice] Mined block #9550
INFO:full_node:[alice] Mined block #9551
INFO:full_node:[alice] Mined block #9552
INFO:full_node:[alice] Mined block #9553
INFO:full_node:[alice] Mined block #9554
INFO:full_node:[alice] Mined block #9555
INFO:full_node:[alice] Mined block #9556
INFO:full_node:[alice] Mined block #9557
INFO:full_node:[alice] Mined block #9558
INFO:full_node:[alice] Mined block #9559
INFO:full_node:[alice] Mined block #9560
INFO:full_node:[alice] Mined block #9561
INFO:full_node:[alice] Mined block #9562
INFO:full_node:[alice] Mined block #9563
INFO:full_node:[alice] Mined block #9564
INFO:full_node:[alice] Mined block #9565
INFO:full_node:[alice] Mined block #9566
INFO:full_node:[alice] Mined block #9567
INFO:full_node:[alice] Mined block #9568
INFO:full_node:[alice] Mined block #9569
INFO:full_node:[alice] Mined block #9570
INFO:full_node:[alice] Mined block #9571
INFO:full_node:[alice] Mined block #9572
INFO:full_node:[alice] Mined block #9573
INFO:full_node:[alice] Mined block #9574
INFO:full_node:[alice] Mined block #9575
INFO:full_node:[alice] Mined block #9576
INFO:full_node:[alice] Mined block #9577
INFO:full_node:[alice] Mined block #9578
INFO:full_node:[alice] Mined block #9579
INFO:full_node:[alice] Mined block #9580
INFO:full_node:[alice] Mined block #9581
INFO:full_node:[alice] Mined block #9582
INFO:full_node:[alice] Mined block #9583
INFO:full_node:[alice] Mined block #9584
INFO:full_node:[alice] Mined block #9585
INFO:full_node:[alice] Mined block #9586
INFO:full_node:[alice] Mined block #9587
INFO:full_node:[alice] Mined block #9588
INFO:full_node:[alice] Mined block #9589
INFO:full_node:[alice] Mined block #9590
INFO:full_node:[alice] Mined block #9591
INFO:full_node:[alice] Mined block #9592
INFO:full_node:[alice] Mined block #9593
INFO:full_node:[alice] Mined block #9594
INFO:full_node:[alice] Mined block #9595
INFO:full_node:[alice] Mined block #9596
INFO:full_node:[alice] Mined block #9597
INFO:full_node:[alice] Mined block #9598
INFO:full_node:[alice] Mined block #9599
INFO:full_node:[alice] Mined block #9600
INFO:full_node:[alice] Mined block #9601
INFO:full_node:[alice] Mined block #9602
INFO:full_node:[alice] Mined block #9603
INFO:full_node:[alice] Mined block #9604
INFO:full_node:[alice] Mined block #9605
INFO:full_node:[alice] Mined block #9606
INFO:full_node:[alice] Mined block #9607
INFO:full_node:[alice] Mined block #9608
INFO:full_node:[alice] Mined block #9609
INFO:full_node:[alice] Mined block #9610
INFO:full_node:[alice] Mined block #9611
INFO:full_node:[alice] Mined block #9612
INFO:full_node:[alice] Mined block #9613
INFO:full_node:[alice] Mined block #9614
INFO:full_node:[alice] Mined block #9615
INFO:full_node:[alice] Mined block #9616
INFO:full_node:[alice] Mined block #9617
INFO:full_node:[alice] Mined block #9618
INFO:full_node:[alice] Mined block #9619
INFO:full_node:[alice] Mined block #9620
INFO:full_node:[alice] Mined block #9621
INFO:full_node:[alice] Mined block #9622
INFO:full_node:[alice] Mined block #9623
INFO:full_node:[alice] Mined block #9624
INFO:full_node:[alice] Mined block #9625
INFO:full_node:[alice] Mined block #9626
INFO:full_node:[alice] Mined block #9627
INFO:full_node:[alice] Mined block #9628
INFO:full_node:[alice] Mined block #9629
INFO:full_node:[alice] Mined block #9630
INFO:full_node:[alice] Mined block #9631
INFO:full_node:[alice] Mined block #9632
INFO:full_node:[alice] Mined block #9633
INFO:full_node:[alice] Mined block #9634
INFO:full_node:[alice] Mined block #9635
INFO:full_node:[alice] Mined block #9636
INFO:full_node:[alice] Mined block #9637
INFO:full_node:[alice] Mined block #9638
INFO:full_node:[alice] Mined block #9639
INFO:full_node:[alice] Mined block #9640
INFO:full_node:[alice] Mined block #9641
INFO:full_node:[alice] Mined block #9642
INFO:full_node:[alice] Mined block #9643
INFO:full_node:[alice] Mined block #9644
INFO:full_node:[alice] Mined block #9645
INFO:full_node:[alice] Mined block #9646
INFO:full_node:[alice] Mined block #9647
INFO:full_node:[alice] Mined block #9648
INFO:full_node:[alice] Mined block #9649
INFO:full_node:[alice] Mined block #9650
INFO:full_node:[alice] Mined block #9651
INFO:full_node:[alice] Mined block #9652
INFO:full_node:[alice] Mined block #9653
INFO:full_node:[alice] Mined block #9654
INFO:full_node:[alice] Mined block #9655
INFO:full_node:[alice] Mined block #9656
INFO:full_node:[alice] Mined block #9657
INFO:full_node:[alice] Mined block #9658
INFO:full_node:[alice] Mined block #9659
INFO:full_node:[alice] Mined block #9660
INFO:full_node:[alice] Mined block #9661
INFO:full_node:[alice] Mined block #9662
INFO:full_node:[alice] Mined block #9663
INFO:full_node:[alice] Mined block #9664
INFO:full_node:[alice] Mined block #9665
INFO:full_node:[alice] Mined block #9666
INFO:full_node:[alice] Mined block #9667
INFO:full_node:[alice] Mined block #9668
INFO:full_node:[alice] Mined block #9669
INFO:full_node:[alice] Mined block #9670
INFO:full_node:[alice] Mined block #9671
INFO:full_node:[alice] Mined block #9672
INFO:full_node:[alice] Mined block #9673
INFO:full_node:[alice] Mined block #9674
INFO:full_node:[alice] Mined block #9675
INFO:full_node:[alice] Mined block #9676
INFO:full_node:[alice] Mined block #9677
INFO:full_node:[alice] Mined block #9678
INFO:full_node:[alice] Mined block #9679
INFO:full_node:[alice] Mined block #9680
INFO:full_node:[alice] Mined block #9681
INFO:full_node:[alice] Mined block #9682
INFO:full_node:[alice] Mined block #9683
INFO:full_node:[alice] Mined block #9684
INFO:full_node:[alice] Mined block #9685
INFO:full_node:[alice] Mined block #9686
INFO:full_node:[alice] Mined block #9687
INFO:full_node:[alice] Mined block #9688
INFO:full_node:[alice] Mined block #9689
INFO:full_node:[alice] Mined block #9690
INFO:full_node:[alice] Mined block #9691
INFO:full_node:[alice] Mined block #9692
INFO:full_node:[alice] Mined block #9693
INFO:full_node:[alice] Mined block #9694
INFO:full_node:[alice] Mined block #9695
INFO:full_node:[alice] Mined block #9696
INFO:full_node:[alice] Mined block #9697
INFO:full_node:[alice] Mined block #9698
INFO:full_node:[alice] Mined block #9699
INFO:full_node:[alice] Mined block #9700
INFO:full_node:[alice] Mined block #9701
INFO:full_node:[alice] Mined block #9702
INFO:full_node:[alice] Mined block #9703
INFO:full_node:[alice] Mined block #9704
INFO:full_node:[alice] Mined block #9705
INFO:full_node:[alice] Mined block #9706
INFO:full_node:[alice] Mined block #9707
INFO:full_node:[alice] Mined block #9708
INFO:full_node:[alice] Mined block #9709
INFO:full_node:[alice] Mined block #9710
INFO:full_node:[alice] Mined block #9711
INFO:full_node:[alice] Mined block #9712
INFO:full_node:[alice] Mined block #9713
INFO:full_node:[alice] Mined block #9714
INFO:full_node:[alice] Mined block #9715
INFO:full_node:[alice] Mined block #9716
INFO:full_node:[alice] Mined block #9717
INFO:full_node:[alice] Mined block #9718
INFO:full_node:[alice] Mined block #9719
INFO:full_node:[alice] Mined block #9720
INFO:full_node:[alice] Mined block #9721
INFO:full_node:[alice] Mined block #9722
INFO:full_node:[alice] Mined block #9723
INFO:full_node:[alice] Mined block #9724
INFO:full_node:[alice] Mined block #9725
INFO:full_node:[alice] Mined block #9726
INFO:full_node:[alice] Mined block #9727
INFO:full_node:[alice] Mined block #9728
INFO:full_node:[alice] Mined block #9729
INFO:full_node:[alice] Mined block #9730
INFO:full_node:[alice] Mined block #9731
INFO:full_node:[alice] Mined block #9732
INFO:full_node:[alice] Mined block #9733
INFO:full_node:[alice] Mined block #9734
INFO:full_node:[alice] Mined block #9735
INFO:full_node:[alice] Mined block #9736
INFO:full_node:[alice] Mined block #9737
INFO:full_node:[alice] Mined block #9738
INFO:full_node:[alice] Mined block #9739
INFO:full_node:[alice] Mined block #9740
INFO:full_node:[alice] Mined block #9741
INFO:full_node:[alice] Mined block #9742
INFO:full_node:[alice] Mined block #9743
INFO:full_node:[alice] Mined block #9744
INFO:full_node:[alice] Mined block #9745
INFO:full_node:[alice] Mined block #9746
INFO:full_node:[alice] Mined block #9747
INFO:full_node:[alice] Mined block #9748
INFO:full_node:[alice] Mined block #9749
INFO:full_node:[alice] Mined block #9750
INFO:full_node:[alice] Mined block #9751
INFO:full_node:[alice] Mined block #9752
INFO:full_node:[alice] Mined block #9753
INFO:full_node:[alice] Mined block #9754
INFO:full_node:[alice] Mined block #9755
INFO:full_node:[alice] Mined block #9756
INFO:full_node:[alice] Mined block #9757
INFO:full_node:[alice] Mined block #9758
INFO:full_node:[alice] Mined block #9759
INFO:full_node:[alice] Mined block #9760
INFO:full_node:[alice] Mined block #9761
INFO:full_node:[alice] Mined block #9762
INFO:full_node:[alice] Mined block #9763
INFO:full_node:[alice] Mined block #9764
INFO:full_node:[alice] Mined block #9765
INFO:full_node:[alice] Mined block #9766
INFO:full_node:[alice] Mined block #9767
INFO:full_node:[alice] Mined block #9768
INFO:full_node:[alice] Mined block #9769
INFO:full_node:[alice] Mined block #9770
INFO:full_node:[alice] Mined block #9771
INFO:full_node:[alice] Mined block #9772
INFO:full_node:[alice] Mined block #9773
INFO:full_node:[alice] Mined block #9774
INFO:full_node:[alice] Mined block #9775
INFO:full_node:[alice] Mined block #9776
INFO:full_node:[alice] Mined block #9777
INFO:full_node:[alice] Mined block #9778
INFO:full_node:[alice] Mined block #9779
INFO:full_node:[alice] Mined block #9780
INFO:full_node:[alice] Mined block #9781
INFO:full_node:[alice] Mined block #9782
INFO:full_node:[alice] Mined block #9783
INFO:full_node:[alice] Mined block #9784
INFO:full_node:[alice] Mined block #9785
INFO:full_node:[alice] Mined block #9786
INFO:full_node:[alice] Mined block #9787
INFO:full_node:[alice] Mined block #9788
INFO:full_node:[alice] Mined block #9789
INFO:full_node:[alice] Mined block #9790
INFO:full_node:[alice] Mined block #9791
INFO:full_node:[alice] Mined block #9792
INFO:full_node:[alice] Mined block #9793
INFO:full_node:[alice] Mined block #9794
INFO:full_node:[alice] Mined block #9795
INFO:full_node:[alice] Mined block #9796
INFO:full_node:[alice] Mined block #9797
INFO:full_node:[alice] Mined block #9798
INFO:full_node:[alice] Mined block #9799
INFO:full_node:[alice] Mined block #9800
INFO:full_node:[alice] Mined block #9801
INFO:full_node:[alice] Mined block #9802
INFO:full_node:[alice] Mined block #9803
INFO:full_node:[alice] Mined block #9804
INFO:full_node:[alice] Mined block #9805
INFO:full_node:[alice] Mined block #9806
INFO:full_node:[alice] Mined block #9807
INFO:full_node:[alice] Mined block #9808
INFO:full_node:[alice] Mined block #9809
INFO:full_node:[alice] Mined block #9810
INFO:full_node:[alice] Mined block #9811
INFO:full_node:[alice] Mined block #9812
INFO:full_node:[alice] Mined block #9813
INFO:full_node:[alice] Mined block #9814
INFO:full_node:[alice] Mined block #9815
INFO:full_node:[alice] Mined block #9816
INFO:full_node:[alice] Mined block #9817
INFO:full_node:[alice] Mined block #9818
INFO:full_node:[alice] Mined block #9819
INFO:full_node:[alice] Mined block #9820
INFO:full_node:[alice] Mined block #9821
INFO:full_node:[alice] Mined block #9822
INFO:full_node:[alice] Mined block #9823
INFO:full_node:[alice] Mined block #9824
INFO:full_node:[alice] Mined block #9825
INFO:full_node:[alice] Mined block #9826
INFO:full_node:[alice] Mined block #9827
INFO:full_node:[alice] Mined block #9828
INFO:full_node:[alice] Mined block #9829
INFO:full_node:[alice] Mined block #9830
INFO:full_node:[alice] Mined block #9831
INFO:full_node:[alice] Mined block #9832
INFO:full_node:[alice] Mined block #9833
INFO:full_node:[alice] Mined block #9834
INFO:full_node:[alice] Mined block #9835
INFO:full_node:[alice] Mined block #9836
INFO:full_node:[alice] Mined block #9837
INFO:full_node:[alice] Mined block #9838
INFO:full_node:[alice] Mined block #9839
INFO:full_node:[alice] Mined block #9840
INFO:full_node:[alice] Mined block #9841
INFO:full_node:[alice] Mined block #9842
INFO:full_node:[alice] Mined block #9843
INFO:full_node:[alice] Mined block #9844
INFO:full_node:[alice] Mined block #9845
INFO:full_node:[alice] Mined block #9846
INFO:full_node:[alice] Mined block #9847
INFO:full_node:[alice] Mined block #9848
INFO:full_node:[alice] Mined block #9849
INFO:full_node:[alice] Mined block #9850
INFO:full_node:[alice] Mined block #9851
INFO:full_node:[alice] Mined block #9852
INFO:full_node:[alice] Mined block #9853
INFO:full_node:[alice] Mined block #9854
INFO:full_node:[alice] Mined block #9855
INFO:full_node:[alice] Mined block #9856
INFO:full_node:[alice] Mined block #9857
INFO:full_node:[alice] Mined block #9858
INFO:full_node:[alice] Mined block #9859
INFO:full_node:[alice] Mined block #9860
INFO:full_node:[alice] Mined block #9861
INFO:full_node:[alice] Mined block #9862
INFO:full_node:[alice] Mined block #9863
INFO:full_node:[alice] Mined block #9864
INFO:full_node:[alice] Mined block #9865
INFO:full_node:[alice] Mined block #9866
INFO:full_node:[alice] Mined block #9867
INFO:full_node:[alice] Mined block #9868
INFO:full_node:[alice] Mined block #9869
INFO:full_node:[alice] Mined block #9870
INFO:full_node:[alice] Mined block #9871
INFO:full_node:[alice] Mined block #9872
INFO:full_node:[alice] Mined block #9873
INFO:full_node:[alice] Mined block #9874
INFO:full_node:[alice] Mined block #9875
INFO:full_node:[alice] Mined block #9876
INFO:full_node:[alice] Mined block #9877
INFO:full_node:[alice] Mined block #9878
INFO:full_node:[alice] Mined block #9879
INFO:full_node:[alice] Mined block #9880
INFO:full_node:[alice] Mined block #9881
INFO:full_node:[alice] Mined block #9882
INFO:full_node:[alice] Mined block #9883
INFO:full_node:[alice] Mined block #9884
INFO:full_node:[alice] Mined block #9885
INFO:full_node:[alice] Mined block #9886
INFO:full_node:[alice] Mined block #9887
INFO:full_node:[alice] Mined block #9888
INFO:full_node:[alice] Mined block #9889
INFO:full_node:[alice] Mined block #9890
INFO:full_node:[alice] Mined block #9891
INFO:full_node:[alice] Mined block #9892
INFO:full_node:[alice] Mined block #9893
INFO:full_node:[alice] Mined block #9894
INFO:full_node:[alice] Mined block #9895
INFO:full_node:[alice] Mined block #9896
INFO:full_node:[alice] Mined block #9897
INFO:full_node:[alice] Mined block #9898
INFO:full_node:[alice] Mined block #9899
INFO:full_node:[alice] Mined block #9900
INFO:full_node:[alice] Mined block #9901
INFO:full_node:[alice] Mined block #9902
INFO:full_node:[alice] Mined block #9903
INFO:full_node:[alice] Mined block #9904
INFO:full_node:[alice] Mined block #9905
INFO:full_node:[alice] Mined block #9906
INFO:full_node:[alice] Mined block #9907
INFO:full_node:[alice] Mined block #9908
INFO:full_node:[alice] Mined block #9909
INFO:full_node:[alice] Mined block #9910
INFO:full_node:[alice] Mined block #9911
INFO:full_node:[alice] Mined block #9912
INFO:full_node:[alice] Mined block #9913
INFO:full_node:[alice] Mined block #9914
INFO:full_node:[alice] Mined block #9915
INFO:full_node:[alice] Mined block #9916
INFO:full_node:[alice] Mined block #9917
INFO:full_node:[alice] Mined block #9918
INFO:full_node:[alice] Mined block #9919
INFO:full_node:[alice] Mined block #9920
INFO:full_node:[alice] Mined block #9921
INFO:full_node:[alice] Mined block #9922
INFO:full_node:[alice] Mined block #9923
INFO:full_node:[alice] Mined block #9924
INFO:full_node:[alice] Mined block #9925
INFO:full_node:[alice] Mined block #9926
INFO:full_node:[alice] Mined block #9927
INFO:full_node:[alice] Mined block #9928
INFO:full_node:[alice] Mined block #9929
INFO:full_node:[alice] Mined block #9930
INFO:full_node:[alice] Mined block #9931
INFO:full_node:[alice] Mined block #9932
INFO:full_node:[alice] Mined block #9933
INFO:full_node:[alice] Mined block #9934
INFO:full_node:[alice] Mined block #9935
INFO:full_node:[alice] Mined block #9936
INFO:full_node:[alice] Mined block #9937
INFO:full_node:[alice] Mined block #9938
INFO:full_node:[alice] Mined block #9939
INFO:full_node:[alice] Mined block #9940
INFO:full_node:[alice] Mined block #9941
INFO:full_node:[alice] Mined block #9942
INFO:full_node:[alice] Mined block #9943
INFO:full_node:[alice] Mined block #9944
INFO:full_node:[alice] Mined block #9945
INFO:full_node:[alice] Mined block #9946
INFO:full_node:[alice] Mined block #9947
INFO:full_node:[alice] Mined block #9948
INFO:full_node:[alice] Mined block #9949
INFO:full_node:[alice] Mined block #9950
INFO:full_node:[alice] Mined block #9951
INFO:full_node:[alice] Mined block #9952
INFO:full_node:[alice] Mined block #9953
INFO:full_node:[alice] Mined block #9954
INFO:full_node:[alice] Mined block #9955
INFO:full_node:[alice] Mined block #9956
INFO:full_node:[alice] Mined block #9957
INFO:full_node:[alice] Mined block #9958
INFO:full_node:[alice] Mined block #9959
INFO:full_node:[alice] Mined block #9960
INFO:full_node:[alice] Mined block #9961
INFO:full_node:[alice] Mined block #9962
INFO:full_node:[alice] Mined block #9963
INFO:full_node:[alice] Mined block #9964
INFO:full_node:[alice] Mined block #9965
INFO:full_node:[alice] Mined block #9966
INFO:full_node:[alice] Mined block #9967
INFO:full_node:[alice] Mined block #9968
INFO:full_node:[alice] Mined block #9969
INFO:full_node:[alice] Mined block #9970
INFO:full_node:[alice] Mined block #9971
INFO:full_node:[alice] Mined block #9972
INFO:full_node:[alice] Mined block #9973
INFO:full_node:[alice] Mined block #9974
INFO:full_node:[alice] Mined block #9975
INFO:full_node:[alice] Mined block #9976
INFO:full_node:[alice] Mined block #9977
INFO:full_node:[alice] Mined block #9978
INFO:full_node:[alice] Mined block #9979
INFO:full_node:[alice] Mined block #9980
INFO:full_node:[alice] Mined block #9981
INFO:full_node:[alice] Mined block #9982
INFO:full_node:[alice] Mined block #9983
INFO:full_node:[alice] Mined block #9984
INFO:full_node:[alice] Mined block #9985
INFO:full_node:[alice] Mined block #9986
INFO:full_node:[alice] Mined block #9987
INFO:full_node:[alice] Mined block #9988
INFO:full_node:[alice] Mined block #9989
INFO:full_node:[alice] Mined block #9990
INFO:full_node:[alice] Mined block #9991
INFO:full_node:[alice] Mined block #9992
INFO:full_node:[alice] Mined block #9993
INFO:full_node:[alice] Mined block #9994
INFO:full_node:[alice] Mined block #9995
INFO:full_node:[alice] Mined block #9996
INFO:full_node:[alice] Mined block #9997
INFO:full_node:[alice] Mined block #9998
INFO:full_node:[alice] Mined block #9999
INFO:full_node:[alice] Mined block #10000
INFO:full_node:[alice] Mined block #10001
INFO:full_node:[alice] Mined block #10002
INFO:full_node:[alice] Mined block #10003
INFO:full_node:[alice] Mined block #10004
INFO:full_node:[alice] Mined block #10005
INFO:full_node:[alice] Mined block #10006
INFO:full_node:[alice] Mined block #10007
INFO:full_node:[alice] Mined block #10008
INFO:full_node:[alice] Mined block #10009
INFO:full_node:[alice] Mined block #10010
INFO:full_node:[alice] Mined block #10011
INFO:full_node:[alice] Mined block #10012
INFO:full_node:[alice] Mined block #10013
INFO:full_node:[alice] Mined block #10014
INFO:full_node:[alice] Mined block #10015
INFO:full_node:[alice] Mined block #10016
INFO:full_node:[alice] Mined block #10017
INFO:full_node:[alice] Mined block #10018
INFO:full_node:[alice] Mined block #10019
INFO:full_node:[alice] Mined block #10020
INFO:full_node:[alice] Mined block #10021
INFO:full_node:[alice] Mined block #10022
INFO:full_node:[alice] Mined block #10023
INFO:full_node:[alice] Mined block #10024
INFO:full_node:[alice] Mined block #10025
INFO:full_node:[alice] Mined block #10026
INFO:full_node:[alice] Mined block #10027
INFO:full_node:[alice] Mined block #10028
INFO:full_node:[alice] Mined block #10029
INFO:full_node:[alice] Mined block #10030
INFO:full_node:[alice] Mined block #10031
INFO:full_node:[alice] Mined block #10032
INFO:full_node:[alice] Mined block #10033
INFO:full_node:[alice] Mined block #10034
INFO:full_node:[alice] Mined block #10035
INFO:full_node:[alice] Mined block #10036
INFO:full_node:[alice] Mined block #10037
INFO:full_node:[alice] Mined block #10038
INFO:full_node:[alice] Mined block #10039
INFO:full_node:[alice] Mined block #10040
INFO:full_node:[alice] Mined block #10041
INFO:full_node:[alice] Mined block #10042
INFO:full_node:[alice] Mined block #10043
INFO:full_node:[alice] Mined block #10044
INFO:full_node:[alice] Mined block #10045
INFO:full_node:[alice] Mined block #10046
INFO:full_node:[alice] Mined block #10047
INFO:full_node:[alice] Mined block #10048
INFO:full_node:[alice] Mined block #10049
INFO:full_node:[alice] Mined block #10050
INFO:full_node:[alice] Mined block #10051
INFO:full_node:[alice] Mined block #10052
INFO:full_node:[alice] Mined block #10053
INFO:full_node:[alice] Mined block #10054
INFO:full_node:[alice] Mined block #10055
INFO:full_node:[alice] Mined block #10056
INFO:full_node:[alice] Mined block #10057
INFO:full_node:[alice] Mined block #10058
INFO:full_node:[alice] Mined block #10059
INFO:full_node:[alice] Mined block #10060
INFO:full_node:[alice] Mined block #10061
INFO:full_node:[alice] Mined block #10062
INFO:full_node:[alice] Mined block #10063
INFO:full_node:[alice] Mined block #10064
INFO:full_node:[alice] Mined block #10065
INFO:full_node:[alice] Mined block #10066
INFO:full_node:[alice] Mined block #10067
INFO:full_node:[alice] Mined block #10068
INFO:full_node:[alice] Mined block #10069
INFO:full_node:[alice] Mined block #10070
INFO:full_node:[alice] Mined block #10071
INFO:full_node:[alice] Mined block #10072
INFO:full_node:[alice] Mined block #10073
INFO:full_node:[alice] Mined block #10074
INFO:full_node:[alice] Mined block #10075
INFO:full_node:[alice] Mined block #10076
INFO:full_node:[alice] Mined block #10077
INFO:full_node:[alice] Mined block #10078
INFO:full_node:[alice] Mined block #10079
INFO:full_node:[alice] Mined block #10080
INFO:full_node:[alice] Mined block #10081
INFO:full_node:[alice] Mined block #10082
INFO:full_node:[alice] Mined block #10083
INFO:full_node:[alice] Mined block #10084
INFO:full_node:[alice] Mined block #10085
INFO:full_node:[alice] Mined block #10086
INFO:full_node:[alice] Mined block #10087
INFO:full_node:[alice] Mined block #10088
INFO:full_node:[alice] Mined block #10089
INFO:full_node:[alice] Mined block #10090
INFO:full_node:[alice] Mined block #10091
INFO:full_node:[alice] Mined block #10092
INFO:full_node:[alice] Mined block #10093
INFO:full_node:[alice] Mined block #10094
INFO:full_node:[alice] Mined block #10095
INFO:full_node:[alice] Mined block #10096
INFO:full_node:[alice] Mined block #10097
INFO:full_node:[alice] Mined block #10098
INFO:full_node:[alice] Mined block #10099
INFO:full_node:[alice] Mined block #10100
INFO:full_node:[alice] Mined block #10101
INFO:full_node:[alice] Mined block #10102
INFO:full_node:[alice] Mined block #10103
INFO:full_node:[alice] Mined block #10104
INFO:full_node:[alice] Mined block #10105
INFO:full_node:[alice] Mined block #10106
INFO:full_node:[alice] Mined block #10107
INFO:full_node:[alice] Mined block #10108
INFO:full_node:[alice] Mined block #10109
INFO:full_node:[alice] Mined block #10110
INFO:full_node:[alice] Mined block #10111
INFO:full_node:[alice] Mined block #10112
INFO:full_node:[alice] Mined block #10113
INFO:full_node:[alice] Mined block #10114
INFO:full_node:[alice] Mined block #10115
INFO:full_node:[alice] Mined block #10116
INFO:full_node:[alice] Mined block #10117
INFO:full_node:[alice] Mined block #10118
INFO:full_node:[alice] Mined block #10119
INFO:full_node:[alice] Mined block #10120
INFO:full_node:[alice] Mined block #10121
INFO:full_node:[alice] Mined block #10122
INFO:full_node:[alice] Mined block #10123
INFO:full_node:[alice] Mined block #10124
INFO:full_node:[alice] Mined block #10125
INFO:full_node:[alice] Mined block #10126
INFO:full_node:[alice] Mined block #10127
INFO:full_node:[alice] Mined block #10128
INFO:full_node:[alice] Mined block #10129
INFO:full_node:[alice] Mined block #10130
INFO:full_node:[alice] Mined block #10131
INFO:full_node:[alice] Mined block #10132
INFO:full_node:[alice] Mined block #10133
INFO:full_node:[alice] Mined block #10134
INFO:full_node:[alice] Mined block #10135
INFO:full_node:[alice] Mined block #10136
INFO:full_node:[alice] Mined block #10137
INFO:full_node:[alice] Mined block #10138
INFO:full_node:[alice] Mined block #10139
INFO:full_node:[alice] Mined block #10140
INFO:full_node:[alice] Mined block #10141
INFO:full_node:[alice] Mined block #10142
INFO:full_node:[alice] Mined block #10143
INFO:full_node:[alice] Mined block #10144
INFO:full_node:[alice] Mined block #10145
INFO:full_node:[alice] Mined block #10146
INFO:full_node:[alice] Mined block #10147
INFO:full_node:[alice] Mined block #10148
INFO:full_node:[alice] Mined block #10149
INFO:full_node:[alice] Mined block #10150
INFO:full_node:[alice] Mined block #10151
INFO:full_node:[alice] Mined block #10152
INFO:full_node:[alice] Mined block #10153
INFO:full_node:[alice] Mined block #10154
INFO:full_node:[alice] Mined block #10155
INFO:full_node:[alice] Mined block #10156
INFO:full_node:[alice] Mined block #10157
INFO:full_node:[alice] Mined block #10158
INFO:full_node:[alice] Mined block #10159
INFO:full_node:[alice] Mined block #10160
INFO:full_node:[alice] Mined block #10161
INFO:full_node:[alice] Mined block #10162
INFO:full_node:[alice] Mined block #10163
INFO:full_node:[alice] Mined block #10164
INFO:full_node:[alice] Mined block #10165
INFO:full_node:[alice] Mined block #10166
INFO:full_node:[alice] Mined block #10167
INFO:full_node:[alice] Mined block #10168
INFO:full_node:[alice] Mined block #10169
INFO:full_node:[alice] Mined block #10170
INFO:full_node:[alice] Mined block #10171
INFO:full_node:[alice] Mined block #10172
INFO:full_node:[alice] Mined block #10173
INFO:full_node:[alice] Mined block #10174
INFO:full_node:[alice] Mined block #10175
INFO:full_node:[alice] Mined block #10176
INFO:full_node:[alice] Mined block #10177
INFO:full_node:[alice] Mined block #10178
INFO:full_node:[alice] Mined block #10179
INFO:full_node:[alice] Mined block #10180
INFO:full_node:[alice] Mined block #10181
INFO:full_node:[alice] Mined block #10182
INFO:full_node:[alice] Mined block #10183
INFO:full_node:[alice] Mined block #10184
INFO:full_node:[alice] Mined block #10185
INFO:full_node:[alice] Mined block #10186
INFO:full_node:[alice] Mined block #10187
INFO:full_node:[alice] Mined block #10188
INFO:full_node:[alice] Mined block #10189
INFO:full_node:[alice] Mined block #10190
INFO:full_node:[alice] Mined block #10191
INFO:full_node:[alice] Mined block #10192
INFO:full_node:[alice] Mined block #10193
INFO:full_node:[alice] Mined block #10194
INFO:full_node:[alice] Mined block #10195
INFO:full_node:[alice] Mined block #10196
INFO:full_node:[alice] Mined block #10197
INFO:full_node:[alice] Mined block #10198
INFO:full_node:[alice] Mined block #10199
INFO:full_node:[alice] Mined block #10200
INFO:full_node:[alice] Mined block #10201
INFO:full_node:[alice] Mined block #10202
INFO:full_node:[alice] Mined block #10203
INFO:full_node:[alice] Mined block #10204
INFO:full_node:[alice] Mined block #10205
INFO:full_node:[alice] Mined block #10206
INFO:full_node:[alice] Mined block #10207
INFO:full_node:[alice] Mined block #10208
INFO:full_node:[alice] Mined block #10209
INFO:full_node:[alice] Mined block #10210
INFO:full_node:[alice] Mined block #10211
INFO:full_node:[alice] Mined block #10212
INFO:full_node:[alice] Mined block #10213
INFO:full_node:[alice] Mined block #10214
INFO:full_node:[alice] Mined block #10215
INFO:full_node:[alice] Mined block #10216
INFO:full_node:[alice] Mined block #10217
INFO:full_node:[alice] Mined block #10218
INFO:full_node:[alice] Mined block #10219
INFO:full_node:[alice] Mined block #10220
INFO:full_node:[alice] Mined block #10221
INFO:full_node:[alice] Mined block #10222
INFO:full_node:[alice] Mined block #10223
INFO:full_node:[alice] Mined block #10224
INFO:full_node:[alice] Mined block #10225
INFO:full_node:[alice] Mined block #10226
INFO:full_node:[alice] Mined block #10227
INFO:full_node:[alice] Mined block #10228
INFO:full_node:[alice] Mined block #10229
INFO:full_node:[alice] Mined block #10230
INFO:full_node:[alice] Mined block #10231
INFO:full_node:[alice] Mined block #10232
INFO:full_node:[alice] Mined block #10233
INFO:full_node:[alice] Mined block #10234
INFO:full_node:[alice] Mined block #10235
INFO:full_node:[alice] Mined block #10236
INFO:full_node:[alice] Mined block #10237
INFO:full_node:[alice] Mined block #10238
INFO:full_node:[alice] Mined block #10239
INFO:full_node:[alice] Mined block #10240
INFO:full_node:[alice] Mined block #10241
INFO:full_node:[alice] Mined block #10242
INFO:full_node:[alice] Mined block #10243
INFO:full_node:[alice] Mined block #10244
INFO:full_node:[alice] Mined block #10245
INFO:full_node:[alice] Mined block #10246
INFO:full_node:[alice] Mined block #10247
INFO:full_node:[alice] Mined block #10248
INFO:full_node:[alice] Mined block #10249
INFO:full_node:[alice] Mined block #10250
INFO:full_node:[alice] Mined block #10251
INFO:full_node:[alice] Mined block #10252
INFO:full_node:[alice] Mined block #10253
INFO:full_node:[alice] Mined block #10254
INFO:full_node:[alice] Mined block #10255
INFO:full_node:[alice] Mined block #10256
INFO:full_node:[alice] Mined block #10257
INFO:full_node:[alice] Mined block #10258
INFO:full_node:[alice] Mined block #10259
INFO:full_node:[alice] Mined block #10260
INFO:full_node:[alice] Mined block #10261
INFO:full_node:[alice] Mined block #10262
INFO:full_node:[alice] Mined block #10263
INFO:full_node:[alice] Mined block #10264
INFO:full_node:[alice] Mined block #10265
INFO:full_node:[alice] Mined block #10266
INFO:full_node:[alice] Mined block #10267
INFO:full_node:[alice] Mined block #10268
INFO:full_node:[alice] Mined block #10269
INFO:full_node:[alice] Mined block #10270
INFO:full_node:[alice] Mined block #10271
INFO:full_node:[alice] Mined block #10272
INFO:full_node:[alice] Mined block #10273
INFO:full_node:[alice] Mined block #10274
INFO:full_node:[alice] Mined block #10275
INFO:full_node:[alice] Mined block #10276
INFO:full_node:[alice] Mined block #10277
INFO:full_node:[alice] Mined block #10278
INFO:full_node:[alice] Mined block #10279
INFO:full_node:[alice] Mined block #10280
INFO:full_node:[alice] Mined block #10281
INFO:full_node:[alice] Mined block #10282
INFO:full_node:[alice] Mined block #10283
INFO:full_node:[alice] Mined block #10284
INFO:full_node:[alice] Mined block #10285
INFO:full_node:[alice] Mined block #10286
INFO:full_node:[alice] Mined block #10287
INFO:full_node:[alice] Mined block #10288
INFO:full_node:[alice] Mined block #10289
INFO:full_node:[alice] Mined block #10290
INFO:full_node:[alice] Mined block #10291
INFO:full_node:[alice] Mined block #10292
INFO:full_node:[alice] Mined block #10293
INFO:full_node:[alice] Mined block #10294
INFO:full_node:[alice] Mined block #10295
INFO:full_node:[alice] Mined block #10296
INFO:full_node:[alice] Mined block #10297
INFO:full_node:[alice] Mined block #10298
INFO:full_node:[alice] Mined block #10299
INFO:full_node:[alice] Mined block #10300
INFO:full_node:[alice] Mined block #10301
INFO:full_node:[alice] Mined block #10302
INFO:full_node:[alice] Mined block #10303
INFO:full_node:[alice] Mined block #10304
INFO:full_node:[alice] Mined block #10305
INFO:full_node:[alice] Mined block #10306
INFO:full_node:[alice] Mined block #10307
INFO:full_node:[alice] Mined block #10308
INFO:full_node:[alice] Mined block #10309
INFO:full_node:[alice] Mined block #10310
INFO:full_node:[alice] Mined block #10311
INFO:full_node:[alice] Mined block #10312
INFO:full_node:[alice] Mined block #10313
INFO:full_node:[alice] Mined block #10314
INFO:full_node:[alice] Mined block #10315
INFO:full_node:[alice] Mined block #10316
INFO:full_node:[alice] Mined block #10317
INFO:full_node:[alice] Mined block #10318
INFO:full_node:[alice] Mined block #10319
INFO:full_node:[alice] Mined block #10320
INFO:full_node:[alice] Mined block #10321
INFO:full_node:[alice] Mined block #10322
INFO:full_node:[alice] Mined block #10323
INFO:full_node:[alice] Mined block #10324
INFO:full_node:[alice] Mined block #10325
INFO:full_node:[alice] Mined block #10326
INFO:full_node:[alice] Mined block #10327
INFO:full_node:[alice] Mined block #10328
INFO:full_node:[alice] Mined block #10329
INFO:full_node:[alice] Mined block #10330
INFO:full_node:[alice] Mined block #10331
INFO:full_node:[alice] Mined block #10332
INFO:full_node:[alice] Mined block #10333
INFO:full_node:[alice] Mined block #10334
INFO:full_node:[alice] Mined block #10335
INFO:full_node:[alice] Mined block #10336
INFO:full_node:[alice] Mined block #10337
INFO:full_node:[alice] Mined block #10338
INFO:full_node:[alice] Mined block #10339
INFO:full_node:[alice] Mined block #10340
INFO:full_node:[alice] Mined block #10341
INFO:full_node:[alice] Mined block #10342
INFO:full_node:[alice] Mined block #10343
INFO:full_node:[alice] Mined block #10344
INFO:full_node:[alice] Mined block #10345
INFO:full_node:[alice] Mined block #10346
INFO:full_node:[alice] Mined block #10347
INFO:full_node:[alice] Mined block #10348
INFO:full_node:[alice] Mined block #10349
INFO:full_node:[alice] Mined block #10350
INFO:full_node:[alice] Mined block #10351
INFO:full_node:[alice] Mined block #10352
INFO:full_node:[alice] Mined block #10353
INFO:full_node:[alice] Mined block #10354
INFO:full_node:[alice] Mined block #10355
INFO:full_node:[alice] Mined block #10356
INFO:full_node:[alice] Mined block #10357
INFO:full_node:[alice] Mined block #10358
INFO:full_node:[alice] Mined block #10359
INFO:full_node:[alice] Mined block #10360
INFO:full_node:[alice] Mined block #10361
INFO:full_node:[alice] Mined block #10362
INFO:full_node:[alice] Mined block #10363
INFO:full_node:[alice] Mined block #10364
INFO:full_node:[alice] Mined block #10365
INFO:full_node:[alice] Mined block #10366
INFO:full_node:[alice] Mined block #10367
INFO:full_node:[alice] Mined block #10368
INFO:full_node:[alice] Mined block #10369
INFO:full_node:[alice] Mined block #10370
INFO:full_node:[alice] Mined block #10371
INFO:full_node:[alice] Mined block #10372
INFO:full_node:[alice] Mined block #10373
INFO:full_node:[alice] Mined block #10374
INFO:full_node:[alice] Mined block #10375
INFO:full_node:[alice] Mined block #10376
INFO:full_node:[alice] Mined block #10377
INFO:full_node:[alice] Mined block #10378
INFO:full_node:[alice] Mined block #10379
INFO:full_node:[alice] Mined block #10380
INFO:full_node:[alice] Mined block #10381
INFO:full_node:[alice] Mined block #10382
INFO:full_node:[alice] Mined block #10383
INFO:full_node:[alice] Mined block #10384
INFO:full_node:[alice] Mined block #10385
INFO:full_node:[alice] Mined block #10386
INFO:full_node:[alice] Mined block #10387
INFO:full_node:[alice] Mined block #10388
INFO:full_node:[alice] Mined block #10389
INFO:full_node:[alice] Mined block #10390
INFO:full_node:[alice] Mined block #10391
INFO:full_node:[alice] Mined block #10392
INFO:full_node:[alice] Mined block #10393
INFO:full_node:[alice] Mined block #10394
INFO:full_node:[alice] Mined block #10395
INFO:full_node:[alice] Mined block #10396
INFO:full_node:[alice] Mined block #10397
INFO:full_node:[alice] Mined block #10398
INFO:full_node:[alice] Mined block #10399
INFO:full_node:[alice] Mined block #10400
INFO:full_node:[alice] Mined block #10401
INFO:full_node:[alice] Mined block #10402
INFO:full_node:[alice] Mined block #10403
INFO:full_node:[alice] Mined block #10404
INFO:full_node:[alice] Mined block #10405
INFO:full_node:[alice] Mined block #10406
INFO:full_node:[alice] Mined block #10407
INFO:full_node:[alice] Mined block #10408
INFO:full_node:[alice] Mined block #10409
INFO:full_node:[alice] Mined block #10410
INFO:full_node:[alice] Mined block #10411
INFO:full_node:[alice] Mined block #10412
INFO:full_node:[alice] Mined block #10413
INFO:full_node:[alice] Mined block #10414
INFO:full_node:[alice] Mined block #10415
INFO:full_node:[alice] Mined block #10416
INFO:full_node:[alice] Mined block #10417
INFO:full_node:[alice] Mined block #10418
INFO:full_node:[alice] Mined block #10419
INFO:full_node:[alice] Mined block #10420
INFO:full_node:[alice] Mined block #10421
INFO:full_node:[alice] Mined block #10422
INFO:full_node:[alice] Mined block #10423
INFO:full_node:[alice] Mined block #10424
INFO:full_node:[alice] Mined block #10425
INFO:full_node:[alice] Mined block #10426
INFO:full_node:[alice] Mined block #10427
INFO:full_node:[alice] Mined block #10428
INFO:full_node:[alice] Mined block #10429
INFO:full_node:[alice] Mined block #10430
INFO:full_node:[alice] Mined block #10431
INFO:full_node:[alice] Mined block #10432
INFO:full_node:[alice] Mined block #10433
INFO:full_node:[alice] Mined block #10434
INFO:full_node:[alice] Mined block #10435
INFO:full_node:[alice] Mined block #10436
INFO:full_node:[alice] Mined block #10437
INFO:full_node:[alice] Mined block #10438
INFO:full_node:[alice] Mined block #10439
INFO:full_node:[alice] Mined block #10440
INFO:full_node:[alice] Mined block #10441
INFO:full_node:[alice] Mined block #10442
INFO:full_node:[alice] Mined block #10443
INFO:full_node:[alice] Mined block #10444
INFO:full_node:[alice] Mined block #10445
INFO:full_node:[alice] Mined block #10446
INFO:full_node:[alice] Mined block #10447
INFO:full_node:[alice] Mined block #10448
INFO:full_node:[alice] Mined block #10449
INFO:full_node:[alice] Mined block #10450
INFO:full_node:[alice] Mined block #10451
INFO:full_node:[alice] Mined block #10452
INFO:full_node:[alice] Mined block #10453
INFO:full_node:[alice] Mined block #10454
INFO:full_node:[alice] Mined block #10455
INFO:full_node:[alice] Mined block #10456
INFO:full_node:[alice] Mined block #10457
INFO:full_node:[alice] Mined block #10458
INFO:full_node:[alice] Mined block #10459
INFO:full_node:[alice] Mined block #10460
INFO:full_node:[alice] Mined block #10461
INFO:full_node:[alice] Mined block #10462
INFO:full_node:[alice] Mined block #10463
INFO:full_node:[alice] Mined block #10464
INFO:full_node:[alice] Mined block #10465
INFO:full_node:[alice] Mined block #10466
INFO:full_node:[alice] Mined block #10467
INFO:full_node:[alice] Mined block #10468
INFO:full_node:[alice] Mined block #10469
INFO:full_node:[alice] Mined block #10470
INFO:full_node:[alice] Mined block #10471
INFO:full_node:[alice] Mined block #10472
INFO:full_node:[alice] Mined block #10473
INFO:full_node:[alice] Mined block #10474
INFO:full_node:[alice] Mined block #10475
INFO:full_node:[alice] Mined block #10476
INFO:full_node:[alice] Mined block #10477
INFO:full_node:[alice] Mined block #10478
INFO:full_node:[alice] Mined block #10479
INFO:full_node:[alice] Mined block #10480
INFO:full_node:[alice] Mined block #10481
INFO:full_node:[alice] Mined block #10482
INFO:full_node:[alice] Mined block #10483
INFO:full_node:[alice] Mined block #10484
INFO:full_node:[alice] Mined block #10485
INFO:full_node:[alice] Mined block #10486
INFO:full_node:[alice] Mined block #10487
INFO:full_node:[alice] Mined block #10488
INFO:full_node:[alice] Mined block #10489
INFO:full_node:[alice] Mined block #10490
INFO:full_node:[alice] Mined block #10491
INFO:full_node:[alice] Mined block #10492
INFO:full_node:[alice] Mined block #10493
INFO:full_node:[alice] Mined block #10494
INFO:full_node:[alice] Mined block #10495
INFO:full_node:[alice] Mined block #10496
INFO:full_node:[alice] Mined block #10497
INFO:full_node:[alice] Mined block #10498
INFO:full_node:[alice] Mined block #10499
INFO:full_node:[alice] Mined block #10500
INFO:full_node:[alice] Mined block #10501
INFO:full_node:[alice] Mined block #10502
INFO:full_node:[alice] Mined block #10503
INFO:full_node:[alice] Mined block #10504
INFO:full_node:[alice] Mined block #10505
INFO:full_node:[alice] Mined block #10506
INFO:full_node:[alice] Mined block #10507
INFO:full_node:[alice] Mined block #10508
INFO:full_node:[alice] Mined block #10509
INFO:full_node:[alice] Mined block #10510
INFO:full_node:[alice] Mined block #10511
INFO:full_node:[alice] Mined block #10512
INFO:full_node:[alice] Mined block #10513
INFO:full_node:[alice] Mined block #10514
INFO:full_node:[alice] Mined block #10515
INFO:full_node:[alice] Mined block #10516
INFO:full_node:[alice] Mined block #10517
INFO:full_node:[alice] Mined block #10518
INFO:full_node:[alice] Mined block #10519
INFO:full_node:[alice] Mined block #10520
INFO:full_node:[alice] Mined block #10521
INFO:full_node:[alice] Mined block #10522
INFO:full_node:[alice] Mined block #10523
INFO:full_node:[alice] Mined block #10524
INFO:full_node:[alice] Mined block #10525
INFO:full_node:[alice] Mined block #10526
INFO:full_node:[alice] Mined block #10527
INFO:full_node:[alice] Mined block #10528
INFO:full_node:[alice] Mined block #10529
INFO:full_node:[alice] Mined block #10530
INFO:full_node:[alice] Mined block #10531
INFO:full_node:[alice] Mined block #10532
INFO:full_node:[alice] Mined block #10533
INFO:full_node:[alice] Mined block #10534
INFO:full_node:[alice] Mined block #10535
INFO:full_node:[alice] Mined block #10536
INFO:full_node:[alice] Mined block #10537
INFO:full_node:[alice] Mined block #10538
INFO:full_node:[alice] Mined block #10539
INFO:full_node:[alice] Mined block #10540
INFO:full_node:[alice] Mined block #10541
INFO:full_node:[alice] Mined block #10542
INFO:full_node:[alice] Mined block #10543
INFO:full_node:[alice] Mined block #10544
INFO:full_node:[alice] Mined block #10545
INFO:full_node:[alice] Mined block #10546
INFO:full_node:[alice] Mined block #10547
INFO:full_node:[alice] Mined block #10548
INFO:full_node:[alice] Mined block #10549
INFO:full_node:[alice] Mined block #10550
INFO:full_node:[alice] Mined block #10551
INFO:full_node:[alice] Mined block #10552
INFO:full_node:[alice] Mined block #10553
INFO:full_node:[alice] Mined block #10554
INFO:full_node:[alice] Mined block #10555
INFO:full_node:[alice] Mined block #10556
INFO:full_node:[alice] Mined block #10557
INFO:full_node:[alice] Mined block #10558
INFO:full_node:[alice] Mined block #10559
INFO:full_node:[alice] Mined block #10560
INFO:full_node:[alice] Mined block #10561
INFO:full_node:[alice] Mined block #10562
INFO:full_node:[alice] Mined block #10563
INFO:full_node:[alice] Mined block #10564
INFO:full_node:[alice] Mined block #10565
INFO:full_node:[alice] Mined block #10566
INFO:full_node:[alice] Mined block #10567
INFO:full_node:[alice] Mined block #10568
INFO:full_node:[alice] Mined block #10569
INFO:full_node:[alice] Mined block #10570
INFO:full_node:[alice] Mined block #10571
INFO:full_node:[alice] Mined block #10572
INFO:full_node:[alice] Mined block #10573
INFO:full_node:[alice] Mined block #10574
INFO:full_node:[alice] Mined block #10575
INFO:full_node:[alice] Mined block #10576
INFO:full_node:[alice] Mined block #10577
INFO:full_node:[alice] Mined block #10578
INFO:full_node:[alice] Mined block #10579
INFO:full_node:[alice] Mined block #10580
INFO:full_node:[alice] Mined block #10581
INFO:full_node:[alice] Mined block #10582
INFO:full_node:[alice] Mined block #10583
INFO:full_node:[alice] Mined block #10584
INFO:full_node:[alice] Mined block #10585
INFO:full_node:[alice] Mined block #10586
INFO:full_node:[alice] Mined block #10587
INFO:full_node:[alice] Mined block #10588
INFO:full_node:[alice] Mined block #10589
INFO:full_node:[alice] Mined block #10590
INFO:full_node:[alice] Mined block #10591
INFO:full_node:[alice] Mined block #10592
INFO:full_node:[alice] Mined block #10593
INFO:full_node:[alice] Mined block #10594
INFO:full_node:[alice] Mined block #10595
INFO:full_node:[alice] Mined block #10596
INFO:full_node:[alice] Mined block #10597
INFO:full_node:[alice] Mined block #10598
INFO:full_node:[alice] Mined block #10599
INFO:full_node:[alice] Mined block #10600
INFO:full_node:[alice] Mined block #10601
INFO:full_node:[alice] Mined block #10602
INFO:full_node:[alice] Mined block #10603
INFO:full_node:[alice] Mined block #10604
INFO:full_node:[alice] Mined block #10605
INFO:full_node:[alice] Mined block #10606
INFO:full_node:[alice] Mined block #10607
INFO:full_node:[alice] Mined block #10608
INFO:full_node:[alice] Mined block #10609
INFO:full_node:[alice] Mined block #10610
INFO:full_node:[alice] Mined block #10611
INFO:full_node:[alice] Mined block #10612
INFO:full_node:[alice] Mined block #10613
INFO:full_node:[alice] Mined block #10614
INFO:full_node:[alice] Mined block #10615
INFO:full_node:[alice] Mined block #10616
INFO:full_node:[alice] Mined block #10617
INFO:full_node:[alice] Mined block #10618
INFO:full_node:[alice] Mined block #10619
INFO:full_node:[alice] Mined block #10620
INFO:full_node:[alice] Mined block #10621
INFO:full_node:[alice] Mined block #10622
INFO:full_node:[alice] Mined block #10623
INFO:full_node:[alice] Mined block #10624
INFO:full_node:[alice] Mined block #10625
INFO:full_node:[alice] Mined block #10626
INFO:full_node:[alice] Mined block #10627
INFO:full_node:[alice] Mined block #10628
INFO:full_node:[alice] Mined block #10629
INFO:full_node:[alice] Mined block #10630
INFO:full_node:[alice] Mined block #10631
INFO:full_node:[alice] Mined block #10632
INFO:full_node:[alice] Mined block #10633
INFO:full_node:[alice] Mined block #10634
INFO:full_node:[alice] Mined block #10635
INFO:full_node:[alice] Mined block #10636
INFO:full_node:[alice] Mined block #10637
INFO:full_node:[alice] Mined block #10638
INFO:full_node:[alice] Mined block #10639
INFO:full_node:[alice] Mined block #10640
INFO:full_node:[alice] Mined block #10641
INFO:full_node:[alice] Mined block #10642
INFO:full_node:[alice] Mined block #10643
INFO:full_node:[alice] Mined block #10644
INFO:full_node:[alice] Mined block #10645
INFO:full_node:[alice] Mined block #10646
INFO:full_node:[alice] Mined block #10647
INFO:full_node:[alice] Mined block #10648
INFO:full_node:[alice] Mined block #10649
INFO:full_node:[alice] Mined block #10650
INFO:full_node:[alice] Mined block #10651
INFO:full_node:[alice] Mined block #10652
INFO:full_node:[alice] Mined block #10653
INFO:full_node:[alice] Mined block #10654
INFO:full_node:[alice] Mined block #10655
INFO:full_node:[alice] Mined block #10656
INFO:full_node:[alice] Mined block #10657
INFO:full_node:[alice] Mined block #10658
INFO:full_node:[alice] Mined block #10659
INFO:full_node:[alice] Mined block #10660
INFO:full_node:[alice] Mined block #10661
INFO:full_node:[alice] Mined block #10662
INFO:full_node:[alice] Mined block #10663
INFO:full_node:[alice] Mined block #10664
INFO:full_node:[alice] Mined block #10665
INFO:full_node:[alice] Mined block #10666
INFO:full_node:[alice] Mined block #10667
INFO:full_node:[alice] Mined block #10668
INFO:full_node:[alice] Mined block #10669
INFO:full_node:[alice] Mined block #10670
INFO:full_node:[alice] Mined block #10671
INFO:full_node:[alice] Mined block #10672
INFO:full_node:[alice] Mined block #10673
INFO:full_node:[alice] Mined block #10674
INFO:full_node:[alice] Mined block #10675
INFO:full_node:[alice] Mined block #10676
INFO:full_node:[alice] Mined block #10677
INFO:full_node:[alice] Mined block #10678
INFO:full_node:[alice] Mined block #10679
INFO:full_node:[alice] Mined block #10680
INFO:full_node:[alice] Mined block #10681
INFO:full_node:[alice] Mined block #10682
INFO:full_node:[alice] Mined block #10683
INFO:full_node:[alice] Mined block #10684
INFO:full_node:[alice] Mined block #10685
INFO:full_node:[alice] Mined block #10686
INFO:full_node:[alice] Mined block #10687
INFO:full_node:[alice] Mined block #10688
INFO:full_node:[alice] Mined block #10689
INFO:full_node:[alice] Mined block #10690
INFO:full_node:[alice] Mined block #10691
INFO:full_node:[alice] Mined block #10692
INFO:full_node:[alice] Mined block #10693
INFO:full_node:[alice] Mined block #10694
INFO:full_node:[alice] Mined block #10695
INFO:full_node:[alice] Mined block #10696
INFO:full_node:[alice] Mined block #10697
INFO:full_node:[alice] Mined block #10698
INFO:full_node:[alice] Mined block #10699
INFO:full_node:[alice] Mined block #10700
INFO:full_node:[alice] Mined block #10701
INFO:full_node:[alice] Mined block #10702
INFO:full_node:[alice] Mined block #10703
INFO:full_node:[alice] Mined block #10704
INFO:full_node:[alice] Mined block #10705
INFO:full_node:[alice] Mined block #10706
INFO:full_node:[alice] Mined block #10707
INFO:full_node:[alice] Mined block #10708
INFO:full_node:[alice] Mined block #10709
INFO:full_node:[alice] Mined block #10710
INFO:full_node:[alice] Mined block #10711
INFO:full_node:[alice] Mined block #10712
INFO:full_node:[alice] Mined block #10713
INFO:full_node:[alice] Mined block #10714
INFO:full_node:[alice] Mined block #10715
INFO:full_node:[alice] Mined block #10716
INFO:full_node:[alice] Mined block #10717
INFO:full_node:[alice] Mined block #10718
INFO:full_node:[alice] Mined block #10719
INFO:full_node:[alice] Mined block #10720
INFO:full_node:[alice] Mined block #10721
INFO:full_node:[alice] Mined block #10722
INFO:full_node:[alice] Mined block #10723
INFO:full_node:[alice] Mined block #10724
INFO:full_node:[alice] Mined block #10725
INFO:full_node:[alice] Mined block #10726
INFO:full_node:[alice] Mined block #10727
INFO:full_node:[alice] Mined block #10728
INFO:full_node:[alice] Mined block #10729
INFO:full_node:[alice] Mined block #10730
INFO:full_node:[alice] Mined block #10731
INFO:full_node:[alice] Mined block #10732
INFO:full_node:[alice] Mined block #10733
INFO:full_node:[alice] Mined block #10734
INFO:full_node:[alice] Mined block #10735
INFO:full_node:[alice] Mined block #10736
INFO:full_node:[alice] Mined block #10737
INFO:full_node:[alice] Mined block #10738
INFO:full_node:[alice] Mined block #10739
INFO:full_node:[alice] Mined block #10740
INFO:full_node:[alice] Mined block #10741
INFO:full_node:[alice] Mined block #10742
INFO:full_node:[alice] Mined block #10743
INFO:full_node:[alice] Mined block #10744
INFO:full_node:[alice] Mined block #10745
INFO:full_node:[alice] Mined block #10746
INFO:full_node:[alice] Mined block #10747
INFO:full_node:[alice] Mined block #10748
INFO:full_node:[alice] Mined block #10749
INFO:full_node:[alice] Mined block #10750
INFO:full_node:[alice] Mined block #10751
INFO:full_node:[alice] Mined block #10752
INFO:full_node:[alice] Mined block #10753
INFO:full_node:[alice] Mined block #10754
INFO:full_node:[alice] Mined block #10755
INFO:full_node:[alice] Mined block #10756
INFO:full_node:[alice] Mined block #10757
INFO:full_node:[alice] Mined block #10758
INFO:full_node:[alice] Mined block #10759
INFO:full_node:[alice] Mined block #10760
INFO:full_node:[alice] Mined block #10761
INFO:full_node:[alice] Mined block #10762
INFO:full_node:[alice] Mined block #10763
INFO:full_node:[alice] Mined block #10764
INFO:full_node:[alice] Mined block #10765
INFO:full_node:[alice] Mined block #10766
INFO:full_node:[alice] Mined block #10767
INFO:full_node:[alice] Mined block #10768
INFO:full_node:[alice] Mined block #10769
INFO:full_node:[alice] Mined block #10770
INFO:full_node:[alice] Mined block #10771
INFO:full_node:[alice] Mined block #10772
INFO:full_node:[alice] Mined block #10773
INFO:full_node:[alice] Mined block #10774
INFO:full_node:[alice] Mined block #10775
INFO:full_node:[alice] Mined block #10776
INFO:full_node:[alice] Mined block #10777
INFO:full_node:[alice] Mined block #10778
INFO:full_node:[alice] Mined block #10779
INFO:full_node:[alice] Mined block #10780
INFO:full_node:[alice] Mined block #10781
INFO:full_node:[alice] Mined block #10782
INFO:full_node:[alice] Mined block #10783
INFO:full_node:[alice] Mined block #10784
INFO:full_node:[alice] Mined block #10785
INFO:full_node:[alice] Mined block #10786
INFO:full_node:[alice] Mined block #10787
INFO:full_node:[alice] Mined block #10788
INFO:full_node:[alice] Mined block #10789
INFO:full_node:[alice] Mined block #10790
INFO:full_node:[alice] Mined block #10791
INFO:full_node:[alice] Mined block #10792
INFO:full_node:[alice] Mined block #10793
INFO:full_node:[alice] Mined block #10794
INFO:full_node:[alice] Mined block #10795
INFO:full_node:[alice] Mined block #10796
INFO:full_node:[alice] Mined block #10797
INFO:full_node:[alice] Mined block #10798
INFO:full_node:[alice] Mined block #10799
INFO:full_node:[alice] Mined block #10800
INFO:full_node:[alice] Mined block #10801
INFO:full_node:[alice] Mined block #10802
INFO:full_node:[alice] Mined block #10803
INFO:full_node:[alice] Mined block #10804
INFO:full_node:[alice] Mined block #10805
INFO:full_node:[alice] Mined block #10806
INFO:full_node:[alice] Mined block #10807
INFO:full_node:[alice] Mined block #10808
INFO:full_node:[alice] Mined block #10809
INFO:full_node:[alice] Mined block #10810
INFO:full_node:[alice] Mined block #10811
INFO:full_node:[alice] Mined block #10812
INFO:full_node:[alice] Mined block #10813
INFO:full_node:[alice] Mined block #10814
INFO:full_node:[alice] Mined block #10815
INFO:full_node:[alice] Mined block #10816
INFO:full_node:[alice] Mined block #10817
INFO:full_node:[alice] Mined block #10818
INFO:full_node:[alice] Mined block #10819
INFO:full_node:[alice] Mined block #10820
INFO:full_node:[alice] Mined block #10821
INFO:full_node:[alice] Mined block #10822
INFO:full_node:[alice] Mined block #10823
INFO:full_node:[alice] Mined block #10824
INFO:full_node:[alice] Mined block #10825
INFO:full_node:[alice] Mined block #10826
INFO:full_node:[alice] Mined block #10827
INFO:full_node:[alice] Mined block #10828
INFO:full_node:[alice] Mined block #10829
INFO:full_node:[alice] Mined block #10830
INFO:full_node:[alice] Mined block #10831
INFO:full_node:[alice] Mined block #10832
INFO:full_node:[alice] Mined block #10833
INFO:full_node:[alice] Mined block #10834
INFO:full_node:[alice] Mined block #10835
INFO:full_node:[alice] Mined block #10836
INFO:full_node:[alice] Mined block #10837
INFO:full_node:[alice] Mined block #10838
INFO:full_node:[alice] Mined block #10839
INFO:full_node:[alice] Mined block #10840
INFO:full_node:[alice] Mined block #10841
INFO:full_node:[alice] Mined block #10842
INFO:full_node:[alice] Mined block #10843
INFO:full_node:[alice] Mined block #10844
INFO:full_node:[alice] Mined block #10845
INFO:full_node:[alice] Mined block #10846
INFO:full_node:[alice] Mined block #10847
INFO:full_node:[alice] Mined block #10848
INFO:full_node:[alice] Mined block #10849
INFO:full_node:[alice] Mined block #10850
INFO:full_node:[alice] Mined block #10851
INFO:full_node:[alice] Mined block #10852
INFO:full_node:[alice] Mined block #10853
INFO:full_node:[alice] Mined block #10854
INFO:full_node:[alice] Mined block #10855
INFO:full_node:[alice] Mined block #10856
INFO:full_node:[alice] Mined block #10857
INFO:full_node:[alice] Mined block #10858
INFO:full_node:[alice] Mined block #10859
INFO:full_node:[alice] Mined block #10860
INFO:full_node:[alice] Mined block #10861
INFO:full_node:[alice] Mined block #10862
INFO:full_node:[alice] Mined block #10863
INFO:full_node:[alice] Mined block #10864
INFO:full_node:[alice] Mined block #10865
INFO:full_node:[alice] Mined block #10866
INFO:full_node:[alice] Mined block #10867
INFO:full_node:[alice] Mined block #10868
INFO:full_node:[alice] Mined block #10869
INFO:full_node:[alice] Mined block #10870
INFO:full_node:[alice] Mined block #10871
INFO:full_node:[alice] Mined block #10872
INFO:full_node:[alice] Mined block #10873
INFO:full_node:[alice] Mined block #10874
INFO:full_node:[alice] Mined block #10875
INFO:full_node:[alice] Mined block #10876
INFO:full_node:[alice] Mined block #10877
INFO:full_node:[alice] Mined block #10878
INFO:full_node:[alice] Mined block #10879
INFO:full_node:[alice] Mined block #10880
INFO:full_node:[alice] Mined block #10881
INFO:full_node:[alice] Mined block #10882
INFO:full_node:[alice] Mined block #10883
INFO:full_node:[alice] Mined block #10884
INFO:full_node:[alice] Mined block #10885
INFO:full_node:[alice] Mined block #10886
INFO:full_node:[alice] Mined block #10887
INFO:full_node:[alice] Mined block #10888
INFO:full_node:[alice] Mined block #10889
INFO:full_node:[alice] Mined block #10890
INFO:full_node:[alice] Mined block #10891
INFO:full_node:[alice] Mined block #10892
INFO:full_node:[alice] Mined block #10893
INFO:full_node:[alice] Mined block #10894
INFO:full_node:[alice] Mined block #10895
INFO:full_node:[alice] Mined block #10896
INFO:full_node:[alice] Mined block #10897
INFO:full_node:[alice] Mined block #10898
INFO:full_node:[alice] Mined block #10899
INFO:full_node:[alice] Mined block #10900
INFO:full_node:[alice] Mined block #10901
INFO:full_node:[alice] Mined block #10902
INFO:full_node:[alice] Mined block #10903
INFO:full_node:[alice] Mined block #10904
INFO:full_node:[alice] Mined block #10905
INFO:full_node:[alice] Mined block #10906
INFO:full_node:[alice] Mined block #10907
INFO:full_node:[alice] Mined block #10908
INFO:full_node:[alice] Mined block #10909
INFO:full_node:[alice] Mined block #10910
INFO:full_node:[alice] Mined block #10911
INFO:full_node:[alice] Mined block #10912
INFO:full_node:[alice] Mined block #10913
INFO:full_node:[alice] Mined block #10914
INFO:full_node:[alice] Mined block #10915
INFO:full_node:[alice] Mined block #10916
INFO:full_node:[alice] Mined block #10917
INFO:full_node:[alice] Mined block #10918
INFO:full_node:[alice] Mined block #10919
INFO:full_node:[alice] Mined block #10920
INFO:full_node:[alice] Mined block #10921
INFO:full_node:[alice] Mined block #10922
INFO:full_node:[alice] Mined block #10923
INFO:full_node:[alice] Mined block #10924
INFO:full_node:[alice] Mined block #10925
INFO:full_node:[alice] Mined block #10926
INFO:full_node:[alice] Mined block #10927
INFO:full_node:[alice] Mined block #10928
INFO:full_node:[alice] Mined block #10929
INFO:full_node:[alice] Mined block #10930
INFO:full_node:[alice] Mined block #10931
INFO:full_node:[alice] Mined block #10932
INFO:full_node:[alice] Mined block #10933
INFO:full_node:[alice] Mined block #10934
INFO:full_node:[alice] Mined block #10935
INFO:full_node:[alice] Mined block #10936
INFO:full_node:[alice] Mined block #10937
INFO:full_node:[alice] Mined block #10938
INFO:full_node:[alice] Mined block #10939
INFO:full_node:[alice] Mined block #10940
INFO:full_node:[alice] Mined block #10941
INFO:full_node:[alice] Mined block #10942
INFO:full_node:[alice] Mined block #10943
INFO:full_node:[alice] Mined block #10944
INFO:full_node:[alice] Mined block #10945
INFO:full_node:[alice] Mined block #10946
INFO:full_node:[alice] Mined block #10947
INFO:full_node:[alice] Mined block #10948
INFO:full_node:[alice] Mined block #10949
INFO:full_node:[alice] Mined block #10950
INFO:full_node:[alice] Mined block #10951
INFO:full_node:[alice] Mined block #10952
INFO:full_node:[alice] Mined block #10953
INFO:full_node:[alice] Mined block #10954
INFO:full_node:[alice] Mined block #10955
INFO:full_node:[alice] Mined block #10956
INFO:full_node:[alice] Mined block #10957
INFO:full_node:[alice] Mined block #10958
INFO:full_node:[alice] Mined block #10959
INFO:full_node:[alice] Mined block #10960
INFO:full_node:[alice] Mined block #10961
INFO:full_node:[alice] Mined block #10962
INFO:full_node:[alice] Mined block #10963
INFO:full_node:[alice] Mined block #10964
INFO:full_node:[alice] Mined block #10965
INFO:full_node:[alice] Mined block #10966
INFO:full_node:[alice] Mined block #10967
INFO:full_node:[alice] Mined block #10968
INFO:full_node:[alice] Mined block #10969
INFO:full_node:[alice] Mined block #10970
INFO:full_node:[alice] Mined block #10971
INFO:full_node:[alice] Mined block #10972
INFO:full_node:[alice] Mined block #10973
INFO:full_node:[alice] Mined block #10974
INFO:full_node:[alice] Mined block #10975
INFO:full_node:[alice] Mined block #10976
INFO:full_node:[alice] Mined block #10977
INFO:full_node:[alice] Mined block #10978
INFO:full_node:[alice] Mined block #10979
INFO:full_node:[alice] Mined block #10980
INFO:full_node:[alice] Mined block #10981
INFO:full_node:[alice] Mined block #10982
INFO:full_node:[alice] Mined block #10983
INFO:full_node:[alice] Mined block #10984
INFO:full_node:[alice] Mined block #10985
INFO:full_node:[alice] Mined block #10986
INFO:full_node:[alice] Mined block #10987
INFO:full_node:[alice] Mined block #10988
INFO:full_node:[alice] Mined block #10989
INFO:full_node:[alice] Mined block #10990
INFO:full_node:[alice] Mined block #10991
INFO:full_node:[alice] Mined block #10992
INFO:full_node:[alice] Mined block #10993
INFO:full_node:[alice] Mined block #10994
INFO:full_node:[alice] Mined block #10995
INFO:full_node:[alice] Mined block #10996
INFO:full_node:[alice] Mined block #10997
INFO:full_node:[alice] Mined block #10998
INFO:full_node:[alice] Mined block #10999
INFO:full_node:[alice] Mined block #11000
INFO:full_node:[alice] Mined block #11001
INFO:full_node:[alice] Mined block #11002
INFO:full_node:[alice] Mined block #11003
INFO:full_node:[alice] Mined block #11004
INFO:full_node:[alice] Mined block #11005
INFO:full_node:[alice] Mined block #11006
INFO:full_node:[alice] Mined block #11007
INFO:full_node:[alice] Mined block #11008
INFO:full_node:[alice] Mined block #11009
INFO:full_node:[alice] Mined block #11010
INFO:full_node:[alice] Mined block #11011
INFO:full_node:[alice] Mined block #11012
INFO:full_node:[alice] Mined block #11013
INFO:full_node:[alice] Mined block #11014
INFO:full_node:[alice] Mined block #11015
INFO:full_node:[alice] Mined block #11016
INFO:full_node:[alice] Mined block #11017
INFO:full_node:[alice] Mined block #11018
INFO:full_node:[alice] Mined block #11019
INFO:full_node:[alice] Mined block #11020
INFO:full_node:[alice] Mined block #11021
INFO:full_node:[alice] Mined block #11022
INFO:full_node:[alice] Mined block #11023
INFO:full_node:[alice] Mined block #11024
INFO:full_node:[alice] Mined block #11025
INFO:full_node:[alice] Mined block #11026
INFO:full_node:[alice] Mined block #11027
INFO:full_node:[alice] Mined block #11028
INFO:full_node:[alice] Mined block #11029
INFO:full_node:[alice] Mined block #11030
INFO:full_node:[alice] Mined block #11031
INFO:full_node:[alice] Mined block #11032
INFO:full_node:[alice] Mined block #11033
INFO:full_node:[alice] Mined block #11034
INFO:full_node:[alice] Mined block #11035
INFO:full_node:[alice] Mined block #11036
INFO:full_node:[alice] Mined block #11037
INFO:full_node:[alice] Mined block #11038
INFO:full_node:[alice] Mined block #11039
INFO:full_node:[alice] Mined block #11040
INFO:full_node:[alice] Mined block #11041
INFO:full_node:[alice] Mined block #11042
INFO:full_node:[alice] Mined block #11043
INFO:full_node:[alice] Mined block #11044
INFO:full_node:[alice] Mined block #11045
INFO:full_node:[alice] Mined block #11046
INFO:full_node:[alice] Mined block #11047
INFO:full_node:[alice] Mined block #11048
INFO:full_node:[alice] Mined block #11049
INFO:full_node:[alice] Mined block #11050
INFO:full_node:[alice] Mined block #11051
INFO:full_node:[alice] Mined block #11052
INFO:full_node:[alice] Mined block #11053
INFO:full_node:[alice] Mined block #11054
INFO:full_node:[alice] Mined block #11055
INFO:full_node:[alice] Mined block #11056
INFO:full_node:[alice] Mined block #11057
INFO:full_node:[alice] Mined block #11058
INFO:full_node:[alice] Mined block #11059
INFO:full_node:[alice] Mined block #11060
INFO:full_node:[alice] Mined block #11061
INFO:full_node:[alice] Mined block #11062
INFO:full_node:[alice] Mined block #11063
INFO:full_node:[alice] Mined block #11064
INFO:full_node:[alice] Mined block #11065
INFO:full_node:[alice] Mined block #11066
INFO:full_node:[alice] Mined block #11067
INFO:full_node:[alice] Mined block #11068
INFO:full_node:[alice] Mined block #11069
INFO:full_node:[alice] Mined block #11070
INFO:full_node:[alice] Mined block #11071
INFO:full_node:[alice] Mined block #11072
INFO:full_node:[alice] Mined block #11073
INFO:full_node:[alice] Mined block #11074
INFO:full_node:[alice] Mined block #11075
INFO:full_node:[alice] Mined block #11076
INFO:full_node:[alice] Mined block #11077
INFO:full_node:[alice] Mined block #11078
INFO:full_node:[alice] Mined block #11079
INFO:full_node:[alice] Mined block #11080
INFO:full_node:[alice] Mined block #11081
INFO:full_node:[alice] Mined block #11082
INFO:full_node:[alice] Mined block #11083
INFO:full_node:[alice] Mined block #11084
INFO:full_node:[alice] Mined block #11085
INFO:full_node:[alice] Mined block #11086
INFO:full_node:[alice] Mined block #11087
INFO:full_node:[alice] Mined block #11088
INFO:full_node:[alice] Mined block #11089
INFO:full_node:[alice] Mined block #11090
INFO:full_node:[alice] Mined block #11091
INFO:full_node:[alice] Mined block #11092
INFO:full_node:[alice] Mined block #11093
INFO:full_node:[alice] Mined block #11094
INFO:full_node:[alice] Mined block #11095
INFO:full_node:[alice] Mined block #11096
INFO:full_node:[alice] Mined block #11097
INFO:full_node:[alice] Mined block #11098
INFO:full_node:[alice] Mined block #11099
INFO:full_node:[alice] Mined block #11100
INFO:full_node:[alice] Mined block #11101
INFO:full_node:[alice] Mined block #11102
INFO:full_node:[alice] Mined block #11103
INFO:full_node:[alice] Mined block #11104
INFO:full_node:[alice] Mined block #11105
INFO:full_node:[alice] Mined block #11106
INFO:full_node:[alice] Mined block #11107
INFO:full_node:[alice] Mined block #11108
INFO:full_node:[alice] Mined block #11109
INFO:full_node:[alice] Mined block #11110
INFO:full_node:[alice] Mined block #11111
INFO:full_node:[alice] Mined block #11112
INFO:full_node:[alice] Mined block #11113
INFO:full_node:[alice] Mined block #11114
INFO:full_node:[alice] Mined block #11115
INFO:full_node:[alice] Mined block #11116
INFO:full_node:[alice] Mined block #11117
INFO:full_node:[alice] Mined block #11118
INFO:full_node:[alice] Mined block #11119
INFO:full_node:[alice] Mined block #11120
INFO:full_node:[alice] Mined block #11121
INFO:full_node:[alice] Mined block #11122
INFO:full_node:[alice] Mined block #11123
INFO:full_node:[alice] Mined block #11124
INFO:full_node:[alice] Mined block #11125
INFO:full_node:[alice] Mined block #11126
INFO:full_node:[alice] Mined block #11127
INFO:full_node:[alice] Mined block #11128
INFO:full_node:[alice] Mined block #11129
INFO:full_node:[alice] Mined block #11130
INFO:full_node:[alice] Mined block #11131
INFO:full_node:[alice] Mined block #11132
INFO:full_node:[alice] Mined block #11133
INFO:full_node:[alice] Mined block #11134
INFO:full_node:[alice] Mined block #11135
INFO:full_node:[alice] Mined block #11136
INFO:full_node:[alice] Mined block #11137
INFO:full_node:[alice] Mined block #11138
INFO:full_node:[alice] Mined block #11139
INFO:full_node:[alice] Mined block #11140
INFO:full_node:[alice] Mined block #11141
INFO:full_node:[alice] Mined block #11142
INFO:full_node:[alice] Mined block #11143
INFO:full_node:[alice] Mined block #11144
INFO:full_node:[alice] Mined block #11145
INFO:full_node:[alice] Mined block #11146
INFO:full_node:[alice] Mined block #11147
INFO:full_node:[alice] Mined block #11148
INFO:full_node:[alice] Mined block #11149
INFO:full_node:[alice] Mined block #11150
INFO:full_node:[alice] Mined block #11151
INFO:full_node:[alice] Mined block #11152
INFO:full_node:[alice] Mined block #11153
INFO:full_node:[alice] Mined block #11154
INFO:full_node:[alice] Mined block #11155
INFO:full_node:[alice] Mined block #11156
INFO:full_node:[alice] Mined block #11157
INFO:full_node:[alice] Mined block #11158
INFO:full_node:[alice] Mined block #11159
INFO:full_node:[alice] Mined block #11160
INFO:full_node:[alice] Mined block #11161
INFO:full_node:[alice] Mined block #11162
INFO:full_node:[alice] Mined block #11163
INFO:full_node:[alice] Mined block #11164
INFO:full_node:[alice] Mined block #11165
INFO:full_node:[alice] Mined block #11166
INFO:full_node:[alice] Mined block #11167
INFO:full_node:[alice] Mined block #11168
INFO:full_node:[alice] Mined block #11169
INFO:full_node:[alice] Mined block #11170
INFO:full_node:[alice] Mined block #11171
INFO:full_node:[alice] Mined block #11172
INFO:full_node:[alice] Mined block #11173
INFO:full_node:[alice] Mined block #11174
INFO:full_node:[alice] Mined block #11175
INFO:full_node:[alice] Mined block #11176
INFO:full_node:[alice] Mined block #11177
INFO:full_node:[alice] Mined block #11178
INFO:full_node:[alice] Mined block #11179
INFO:full_node:[alice] Mined block #11180
INFO:full_node:[alice] Mined block #11181
INFO:full_node:[alice] Mined block #11182
INFO:full_node:[alice] Mined block #11183
INFO:full_node:[alice] Mined block #11184
INFO:full_node:[alice] Mined block #11185
INFO:full_node:[alice] Mined block #11186
INFO:full_node:[alice] Mined block #11187
INFO:full_node:[alice] Mined block #11188
INFO:full_node:[alice] Mined block #11189
INFO:full_node:[alice] Mined block #11190
INFO:full_node:[alice] Mined block #11191
INFO:full_node:[alice] Mined block #11192
INFO:full_node:[alice] Mined block #11193
INFO:full_node:[alice] Mined block #11194
INFO:full_node:[alice] Mined block #11195
INFO:full_node:[alice] Mined block #11196
INFO:full_node:[alice] Mined block #11197
INFO:full_node:[alice] Mined block #11198
INFO:full_node:[alice] Mined block #11199
INFO:full_node:[alice] Mined block #11200
INFO:full_node:[alice] Mined block #11201
INFO:full_node:[alice] Mined block #11202
INFO:full_node:[alice] Mined block #11203
INFO:full_node:[alice] Mined block #11204
INFO:full_node:[alice] Mined block #11205
INFO:full_node:[alice] Mined block #11206
INFO:full_node:[alice] Mined block #11207
INFO:full_node:[alice] Mined block #11208
INFO:full_node:[alice] Mined block #11209
INFO:full_node:[alice] Mined block #11210
INFO:full_node:[alice] Mined block #11211
INFO:full_node:[alice] Mined block #11212
INFO:full_node:[alice] Mined block #11213
INFO:full_node:[alice] Mined block #11214
INFO:full_node:[alice] Mined block #11215
INFO:full_node:[alice] Mined block #11216
INFO:full_node:[alice] Mined block #11217
INFO:full_node:[alice] Mined block #11218
INFO:full_node:[alice] Mined block #11219
INFO:full_node:[alice] Mined block #11220
INFO:full_node:[alice] Mined block #11221
INFO:full_node:[alice] Mined block #11222
INFO:full_node:[alice] Mined block #11223
INFO:full_node:[alice] Mined block #11224
INFO:full_node:[alice] Mined block #11225
INFO:full_node:[alice] Mined block #11226
INFO:full_node:[alice] Mined block #11227
INFO:full_node:[alice] Mined block #11228
INFO:full_node:[alice] Mined block #11229
INFO:full_node:[alice] Mined block #11230
INFO:full_node:[alice] Mined block #11231
INFO:full_node:[alice] Mined block #11232
INFO:full_node:[alice] Mined block #11233
INFO:full_node:[alice] Mined block #11234
INFO:full_node:[alice] Mined block #11235
INFO:full_node:[alice] Mined block #11236
INFO:full_node:[alice] Mined block #11237
INFO:full_node:[alice] Mined block #11238
INFO:full_node:[alice] Mined block #11239
INFO:full_node:[alice] Mined block #11240
INFO:full_node:[alice] Mined block #11241
INFO:full_node:[alice] Mined block #11242
INFO:full_node:[alice] Mined block #11243
INFO:full_node:[alice] Mined block #11244
INFO:full_node:[alice] Mined block #11245
INFO:full_node:[alice] Mined block #11246
INFO:full_node:[alice] Mined block #11247
INFO:full_node:[alice] Mined block #11248
INFO:full_node:[alice] Mined block #11249
INFO:full_node:[alice] Mined block #11250
INFO:full_node:[alice] Mined block #11251
INFO:full_node:[alice] Mined block #11252
INFO:full_node:[alice] Mined block #11253
INFO:full_node:[alice] Mined block #11254
INFO:full_node:[alice] Mined block #11255
INFO:full_node:[alice] Mined block #11256
INFO:full_node:[alice] Mined block #11257
INFO:full_node:[alice] Mined block #11258
INFO:full_node:[alice] Mined block #11259
INFO:full_node:[alice] Mined block #11260
INFO:full_node:[alice] Mined block #11261
INFO:full_node:[alice] Mined block #11262
INFO:full_node:[alice] Mined block #11263
INFO:full_node:[alice] Mined block #11264
INFO:full_node:[alice] Mined block #11265
INFO:full_node:[alice] Mined block #11266
INFO:full_node:[alice] Mined block #11267
INFO:full_node:[alice] Mined block #11268
INFO:full_node:[alice] Mined block #11269
INFO:full_node:[alice] Mined block #11270
INFO:full_node:[alice] Mined block #11271
INFO:full_node:[alice] Mined block #11272
INFO:full_node:[alice] Mined block #11273
INFO:full_node:[alice] Mined block #11274
INFO:full_node:[alice] Mined block #11275
INFO:full_node:[alice] Mined block #11276
INFO:full_node:[alice] Mined block #11277
INFO:full_node:[alice] Mined block #11278
INFO:full_node:[alice] Mined block #11279
INFO:full_node:[alice] Mined block #11280
INFO:full_node:[alice] Mined block #11281
INFO:full_node:[alice] Mined block #11282
INFO:full_node:[alice] Mined block #11283
INFO:full_node:[alice] Mined block #11284
INFO:full_node:[alice] Mined block #11285
INFO:full_node:[alice] Mined block #11286
INFO:full_node:[alice] Mined block #11287
INFO:full_node:[alice] Mined block #11288
INFO:full_node:[alice] Mined block #11289
INFO:full_node:[alice] Mined block #11290
INFO:full_node:[alice] Mined block #11291
INFO:full_node:[alice] Mined block #11292
INFO:full_node:[alice] Mined block #11293
INFO:full_node:[alice] Mined block #11294
INFO:full_node:[alice] Mined block #11295
INFO:full_node:[alice] Mined block #11296
INFO:full_node:[alice] Mined block #11297
INFO:full_node:[alice] Mined block #11298
INFO:full_node:[alice] Mined block #11299
INFO:full_node:[alice] Mined block #11300
INFO:full_node:[alice] Mined block #11301
INFO:full_node:[alice] Mined block #11302
INFO:full_node:[alice] Mined block #11303
INFO:full_node:[alice] Mined block #11304
INFO:full_node:[alice] Mined block #11305
INFO:full_node:[alice] Mined block #11306
INFO:full_node:[alice] Mined block #11307
INFO:full_node:[alice] Mined block #11308
INFO:full_node:[alice] Mined block #11309
INFO:full_node:[alice] Mined block #11310
INFO:full_node:[alice] Mined block #11311
INFO:full_node:[alice] Mined block #11312
INFO:full_node:[alice] Mined block #11313
INFO:full_node:[alice] Mined block #11314
INFO:full_node:[alice] Mined block #11315
INFO:full_node:[alice] Mined block #11316
INFO:full_node:[alice] Mined block #11317
INFO:full_node:[alice] Mined block #11318
INFO:full_node:[alice] Mined block #11319
INFO:full_node:[alice] Mined block #11320
INFO:full_node:[alice] Mined block #11321
INFO:full_node:[alice] Mined block #11322
INFO:full_node:[alice] Mined block #11323
INFO:full_node:[alice] Mined block #11324
INFO:full_node:[alice] Mined block #11325
INFO:full_node:[alice] Mined block #11326
INFO:full_node:[alice] Mined block #11327
INFO:full_node:[alice] Mined block #11328
INFO:full_node:[alice] Mined block #11329
INFO:full_node:[alice] Mined block #11330
INFO:full_node:[alice] Mined block #11331
INFO:full_node:[alice] Mined block #11332
INFO:full_node:[alice] Mined block #11333
INFO:full_node:[alice] Mined block #11334
INFO:full_node:[alice] Mined block #11335
INFO:full_node:[alice] Mined block #11336
INFO:full_node:[alice] Mined block #11337
INFO:full_node:[alice] Mined block #11338
INFO:full_node:[alice] Mined block #11339
INFO:full_node:[alice] Mined block #11340
INFO:full_node:[alice] Mined block #11341
INFO:full_node:[alice] Mined block #11342
INFO:full_node:[alice] Mined block #11343
INFO:full_node:[alice] Mined block #11344
INFO:full_node:[alice] Mined block #11345
INFO:full_node:[alice] Mined block #11346
INFO:full_node:[alice] Mined block #11347
INFO:full_node:[alice] Mined block #11348
INFO:full_node:[alice] Mined block #11349
INFO:full_node:[alice] Mined block #11350
INFO:full_node:[alice] Mined block #11351
INFO:full_node:[alice] Mined block #11352
INFO:full_node:[alice] Mined block #11353
INFO:full_node:[alice] Mined block #11354
INFO:full_node:[alice] Mined block #11355
INFO:full_node:[alice] Mined block #11356
INFO:full_node:[alice] Mined block #11357
INFO:full_node:[alice] Mined block #11358
INFO:full_node:[alice] Mined block #11359
INFO:full_node:[alice] Mined block #11360
INFO:full_node:[alice] Mined block #11361
INFO:full_node:[alice] Mined block #11362
INFO:full_node:[alice] Mined block #11363
INFO:full_node:[alice] Mined block #11364
INFO:full_node:[alice] Mined block #11365
INFO:full_node:[alice] Mined block #11366
INFO:full_node:[alice] Mined block #11367
INFO:full_node:[alice] Mined block #11368
INFO:full_node:[alice] Mined block #11369
INFO:full_node:[alice] Mined block #11370
INFO:full_node:[alice] Mined block #11371
INFO:full_node:[alice] Mined block #11372
INFO:full_node:[alice] Mined block #11373
INFO:full_node:[alice] Mined block #11374
INFO:full_node:[alice] Mined block #11375
INFO:full_node:[alice] Mined block #11376
INFO:full_node:[alice] Mined block #11377
INFO:full_node:[alice] Mined block #11378
INFO:full_node:[alice] Mined block #11379
INFO:full_node:[alice] Mined block #11380
INFO:full_node:[alice] Mined block #11381
INFO:full_node:[alice] Mined block #11382
INFO:full_node:[alice] Mined block #11383
INFO:full_node:[alice] Mined block #11384
INFO:full_node:[alice] Mined block #11385
INFO:full_node:[alice] Mined block #11386
INFO:full_node:[alice] Mined block #11387
INFO:full_node:[alice] Mined block #11388
INFO:full_node:[alice] Mined block #11389
INFO:full_node:[alice] Mined block #11390
INFO:full_node:[alice] Mined block #11391
INFO:full_node:[alice] Mined block #11392
INFO:full_node:[alice] Mined block #11393
INFO:full_node:[alice] Mined block #11394
INFO:full_node:[alice] Mined block #11395
INFO:full_node:[alice] Mined block #11396
INFO:full_node:[alice] Mined block #11397
INFO:full_node:[alice] Mined block #11398
INFO:full_node:[alice] Mined block #11399
INFO:full_node:[alice] Mined block #11400
INFO:full_node:[alice] Mined block #11401
INFO:full_node:[alice] Mined block #11402
INFO:full_node:[alice] Mined block #11403
INFO:full_node:[alice] Mined block #11404
INFO:full_node:[alice] Mined block #11405
INFO:full_node:[alice] Mined block #11406
INFO:full_node:[alice] Mined block #11407
INFO:full_node:[alice] Mined block #11408
INFO:full_node:[alice] Mined block #11409
INFO:full_node:[alice] Mined block #11410
INFO:full_node:[alice] Mined block #11411
INFO:full_node:[alice] Mined block #11412
INFO:full_node:[alice] Mined block #11413
INFO:full_node:[alice] Mined block #11414
INFO:full_node:[alice] Mined block #11415
INFO:full_node:[alice] Mined block #11416
INFO:full_node:[alice] Mined block #11417
INFO:full_node:[alice] Mined block #11418
INFO:full_node:[alice] Mined block #11419
INFO:full_node:[alice] Mined block #11420
INFO:full_node:[alice] Mined block #11421
INFO:full_node:[alice] Mined block #11422
INFO:full_node:[alice] Mined block #11423
INFO:full_node:[alice] Mined block #11424
INFO:full_node:[alice] Mined block #11425
INFO:full_node:[alice] Mined block #11426
INFO:full_node:[alice] Mined block #11427
INFO:full_node:[alice] Mined block #11428
INFO:full_node:[alice] Mined block #11429
INFO:full_node:[alice] Mined block #11430
INFO:full_node:[alice] Mined block #11431
INFO:full_node:[alice] Mined block #11432
INFO:full_node:[alice] Mined block #11433
INFO:full_node:[alice] Mined block #11434
INFO:full_node:[alice] Mined block #11435
INFO:full_node:[alice] Mined block #11436
INFO:full_node:[alice] Mined block #11437
INFO:full_node:[alice] Mined block #11438
INFO:full_node:[alice] Mined block #11439
INFO:full_node:[alice] Mined block #11440
INFO:full_node:[alice] Mined block #11441
INFO:full_node:[alice] Mined block #11442
INFO:full_node:[alice] Mined block #11443
INFO:full_node:[alice] Mined block #11444
INFO:full_node:[alice] Mined block #11445
INFO:full_node:[alice] Mined block #11446
INFO:full_node:[alice] Mined block #11447
INFO:full_node:[alice] Mined block #11448
INFO:full_node:[alice] Mined block #11449
INFO:full_node:[alice] Mined block #11450
INFO:full_node:[alice] Mined block #11451
INFO:full_node:[alice] Mined block #11452
INFO:full_node:[alice] Mined block #11453
INFO:full_node:[alice] Mined block #11454
INFO:full_node:[alice] Mined block #11455
INFO:full_node:[alice] Mined block #11456
INFO:full_node:[alice] Mined block #11457
INFO:full_node:[alice] Mined block #11458
INFO:full_node:[alice] Mined block #11459
INFO:full_node:[alice] Mined block #11460
INFO:full_node:[alice] Mined block #11461
INFO:full_node:[alice] Mined block #11462
INFO:full_node:[alice] Mined block #11463
INFO:full_node:[alice] Mined block #11464
INFO:full_node:[alice] Mined block #11465
INFO:full_node:[alice] Mined block #11466
INFO:full_node:[alice] Mined block #11467
INFO:full_node:[alice] Mined block #11468
INFO:full_node:[alice] Mined block #11469
INFO:full_node:[alice] Mined block #11470
INFO:full_node:[alice] Mined block #11471
INFO:full_node:[alice] Mined block #11472
INFO:full_node:[alice] Mined block #11473
INFO:full_node:[alice] Mined block #11474
INFO:full_node:[alice] Mined block #11475
INFO:full_node:[alice] Mined block #11476
INFO:full_node:[alice] Mined block #11477
INFO:full_node:[alice] Mined block #11478
INFO:full_node:[alice] Mined block #11479
INFO:full_node:[alice] Mined block #11480
INFO:full_node:[alice] Mined block #11481
INFO:full_node:[alice] Mined block #11482
INFO:full_node:[alice] Mined block #11483
INFO:full_node:[alice] Mined block #11484
INFO:full_node:[alice] Mined block #11485
INFO:full_node:[alice] Mined block #11486
INFO:full_node:[alice] Mined block #11487
INFO:full_node:[alice] Mined block #11488
INFO:full_node:[alice] Mined block #11489
INFO:full_node:[alice] Mined block #11490
INFO:full_node:[alice] Mined block #11491
INFO:full_node:[alice] Mined block #11492
INFO:full_node:[alice] Mined block #11493
INFO:full_node:[alice] Mined block #11494
INFO:full_node:[alice] Mined block #11495
INFO:full_node:[alice] Mined block #11496
INFO:full_node:[alice] Mined block #11497
INFO:full_node:[alice] Mined block #11498
INFO:full_node:[alice] Mined block #11499
INFO:full_node:[alice] Mined block #11500
INFO:full_node:[alice] Mined block #11501
INFO:full_node:[alice] Mined block #11502
INFO:full_node:[alice] Mined block #11503
INFO:full_node:[alice] Mined block #11504
INFO:full_node:[alice] Mined block #11505
INFO:full_node:[alice] Mined block #11506
INFO:full_node:[alice] Mined block #11507
INFO:full_node:[alice] Mined block #11508
INFO:full_node:[alice] Mined block #11509
INFO:full_node:[alice] Mined block #11510
INFO:full_node:[alice] Mined block #11511
INFO:full_node:[alice] Mined block #11512
INFO:full_node:[alice] Mined block #11513
INFO:full_node:[alice] Mined block #11514
INFO:full_node:[alice] Mined block #11515
INFO:full_node:[alice] Mined block #11516
INFO:full_node:[alice] Mined block #11517
INFO:full_node:[alice] Mined block #11518
INFO:full_node:[alice] Mined block #11519
INFO:full_node:[alice] Mined block #11520
INFO:full_node:[alice] Mined block #11521
INFO:full_node:[alice] Mined block #11522
INFO:full_node:[alice] Mined block #11523
INFO:full_node:[alice] Mined block #11524
INFO:full_node:[alice] Mined block #11525
INFO:full_node:[alice] Mined block #11526
INFO:full_node:[alice] Mined block #11527
INFO:full_node:[alice] Mined block #11528
INFO:full_node:[alice] Mined block #11529
INFO:full_node:[alice] Mined block #11530
INFO:full_node:[alice] Mined block #11531
INFO:full_node:[alice] Mined block #11532
INFO:full_node:[alice] Mined block #11533
INFO:full_node:[alice] Mined block #11534
INFO:full_node:[alice] Mined block #11535
INFO:full_node:[alice] Mined block #11536
INFO:full_node:[alice] Mined block #11537
INFO:full_node:[alice] Mined block #11538
INFO:full_node:[alice] Mined block #11539
INFO:full_node:[alice] Mined block #11540
INFO:full_node:[alice] Mined block #11541
INFO:full_node:[alice] Mined block #11542
INFO:full_node:[alice] Mined block #11543
INFO:full_node:[alice] Mined block #11544
INFO:full_node:[alice] Mined block #11545
INFO:full_node:[alice] Mined block #11546
INFO:full_node:[alice] Mined block #11547
INFO:full_node:[alice] Mined block #11548
INFO:full_node:[alice] Mined block #11549
INFO:full_node:[alice] Mined block #11550
INFO:full_node:[alice] Mined block #11551
INFO:full_node:[alice] Mined block #11552
INFO:full_node:[alice] Mined block #11553
INFO:full_node:[alice] Mined block #11554
INFO:full_node:[alice] Mined block #11555
INFO:full_node:[alice] Mined block #11556
INFO:full_node:[alice] Mined block #11557
INFO:full_node:[alice] Mined block #11558
INFO:full_node:[alice] Mined block #11559
INFO:full_node:[alice] Mined block #11560
INFO:full_node:[alice] Mined block #11561
INFO:full_node:[alice] Mined block #11562
INFO:full_node:[alice] Mined block #11563
INFO:full_node:[alice] Mined block #11564
INFO:full_node:[alice] Mined block #11565
INFO:full_node:[alice] Mined block #11566
INFO:full_node:[alice] Mined block #11567
INFO:full_node:[alice] Mined block #11568
INFO:full_node:[alice] Mined block #11569
INFO:full_node:[alice] Mined block #11570
INFO:full_node:[alice] Mined block #11571
INFO:full_node:[alice] Mined block #11572
INFO:full_node:[alice] Mined block #11573
INFO:full_node:[alice] Mined block #11574
INFO:full_node:[alice] Mined block #11575
INFO:full_node:[alice] Mined block #11576
INFO:full_node:[alice] Mined block #11577
INFO:full_node:[alice] Mined block #11578
INFO:full_node:[alice] Mined block #11579
INFO:full_node:[alice] Mined block #11580
INFO:full_node:[alice] Mined block #11581
INFO:full_node:[alice] Mined block #11582
INFO:full_node:[alice] Mined block #11583
INFO:full_node:[alice] Mined block #11584
INFO:full_node:[alice] Mined block #11585
INFO:full_node:[alice] Mined block #11586
INFO:full_node:[alice] Mined block #11587
INFO:full_node:[alice] Mined block #11588
INFO:full_node:[alice] Mined block #11589
INFO:full_node:[alice] Mined block #11590
INFO:full_node:[alice] Mined block #11591
INFO:full_node:[alice] Mined block #11592
INFO:full_node:[alice] Mined block #11593
INFO:full_node:[alice] Mined block #11594
INFO:full_node:[alice] Mined block #11595
INFO:full_node:[alice] Mined block #11596
INFO:full_node:[alice] Mined block #11597
INFO:full_node:[alice] Mined block #11598
INFO:full_node:[alice] Mined block #11599
INFO:full_node:[alice] Mined block #11600
INFO:full_node:[alice] Mined block #11601
INFO:full_node:[alice] Mined block #11602
INFO:full_node:[alice] Mined block #11603
INFO:full_node:[alice] Mined block #11604
INFO:full_node:[alice] Mined block #11605
INFO:full_node:[alice] Mined block #11606
INFO:full_node:[alice] Mined block #11607
INFO:full_node:[alice] Mined block #11608
INFO:full_node:[alice] Mined block #11609
INFO:full_node:[alice] Mined block #11610
INFO:full_node:[alice] Mined block #11611
INFO:full_node:[alice] Mined block #11612
INFO:full_node:[alice] Mined block #11613
INFO:full_node:[alice] Mined block #11614
INFO:full_node:[alice] Mined block #11615
INFO:full_node:[alice] Mined block #11616
INFO:full_node:[alice] Mined block #11617
INFO:full_node:[alice] Mined block #11618
INFO:full_node:[alice] Mined block #11619
INFO:full_node:[alice] Mined block #11620
INFO:full_node:[alice] Mined block #11621
INFO:full_node:[alice] Mined block #11622
INFO:full_node:[alice] Mined block #11623
INFO:full_node:[alice] Mined block #11624
INFO:full_node:[alice] Mined block #11625
INFO:full_node:[alice] Mined block #11626
INFO:full_node:[alice] Mined block #11627
INFO:full_node:[alice] Mined block #11628
INFO:full_node:[alice] Mined block #11629
INFO:full_node:[alice] Mined block #11630
INFO:full_node:[alice] Mined block #11631
INFO:full_node:[alice] Mined block #11632
INFO:full_node:[alice] Mined block #11633
INFO:full_node:[alice] Mined block #11634
INFO:full_node:[alice] Mined block #11635
INFO:full_node:[alice] Mined block #11636
INFO:full_node:[alice] Mined block #11637
INFO:full_node:[alice] Mined block #11638
INFO:full_node:[alice] Mined block #11639
INFO:full_node:[alice] Mined block #11640
INFO:full_node:[alice] Mined block #11641
INFO:full_node:[alice] Mined block #11642
INFO:full_node:[alice] Mined block #11643
INFO:full_node:[alice] Mined block #11644
INFO:full_node:[alice] Mined block #11645
INFO:full_node:[alice] Mined block #11646
INFO:full_node:[alice] Mined block #11647
INFO:full_node:[alice] Mined block #11648
INFO:full_node:[alice] Mined block #11649
INFO:full_node:[alice] Mined block #11650
INFO:full_node:[alice] Mined block #11651
INFO:full_node:[alice] Mined block #11652
INFO:full_node:[alice] Mined block #11653
INFO:full_node:[alice] Mined block #11654
INFO:full_node:[alice] Mined block #11655
INFO:full_node:[alice] Mined block #11656
INFO:full_node:[alice] Mined block #11657
INFO:full_node:[alice] Mined block #11658
INFO:full_node:[alice] Mined block #11659
INFO:full_node:[alice] Mined block #11660
INFO:full_node:[alice] Mined block #11661
INFO:full_node:[alice] Mined block #11662
INFO:full_node:[alice] Mined block #11663
INFO:full_node:[alice] Mined block #11664
INFO:full_node:[alice] Mined block #11665
INFO:full_node:[alice] Mined block #11666
INFO:full_node:[alice] Mined block #11667
INFO:full_node:[alice] Mined block #11668
INFO:full_node:[alice] Mined block #11669
INFO:full_node:[alice] Mined block #11670
INFO:full_node:[alice] Mined block #11671
INFO:full_node:[alice] Mined block #11672
INFO:full_node:[alice] Mined block #11673
INFO:full_node:[alice] Mined block #11674
INFO:full_node:[alice] Mined block #11675
INFO:full_node:[alice] Mined block #11676
INFO:full_node:[alice] Mined block #11677
INFO:full_node:[alice] Mined block #11678
INFO:full_node:[alice] Mined block #11679
INFO:full_node:[alice] Mined block #11680
INFO:full_node:[alice] Mined block #11681
INFO:full_node:[alice] Mined block #11682
INFO:full_node:[alice] Mined block #11683
INFO:full_node:[alice] Mined block #11684
INFO:full_node:[alice] Mined block #11685
INFO:full_node:[alice] Mined block #11686
INFO:full_node:[alice] Mined block #11687
INFO:full_node:[alice] Mined block #11688
INFO:full_node:[alice] Mined block #11689
INFO:full_node:[alice] Mined block #11690
INFO:full_node:[alice] Mined block #11691
INFO:full_node:[alice] Mined block #11692
INFO:full_node:[alice] Mined block #11693
INFO:full_node:[alice] Mined block #11694
INFO:full_node:[alice] Mined block #11695
INFO:full_node:[alice] Mined block #11696
INFO:full_node:[alice] Mined block #11697
INFO:full_node:[alice] Mined block #11698
INFO:full_node:[alice] Mined block #11699
INFO:full_node:[alice] Mined block #11700
INFO:full_node:[alice] Mined block #11701
INFO:full_node:[alice] Mined block #11702
INFO:full_node:[alice] Mined block #11703
INFO:full_node:[alice] Mined block #11704
INFO:full_node:[alice] Mined block #11705
INFO:full_node:[alice] Mined block #11706
INFO:full_node:[alice] Mined block #11707
INFO:full_node:[alice] Mined block #11708
INFO:full_node:[alice] Mined block #11709
INFO:full_node:[alice] Mined block #11710
INFO:full_node:[alice] Mined block #11711
INFO:full_node:[alice] Mined block #11712
INFO:full_node:[alice] Mined block #11713
INFO:full_node:[alice] Mined block #11714
INFO:full_node:[alice] Mined block #11715
INFO:full_node:[alice] Mined block #11716
INFO:full_node:[alice] Mined block #11717
INFO:full_node:[alice] Mined block #11718
INFO:full_node:[alice] Mined block #11719
INFO:full_node:[alice] Mined block #11720
INFO:full_node:[alice] Mined block #11721
INFO:full_node:[alice] Mined block #11722
INFO:full_node:[alice] Mined block #11723
INFO:full_node:[alice] Mined block #11724
INFO:full_node:[alice] Mined block #11725
INFO:full_node:[alice] Mined block #11726
INFO:full_node:[alice] Mined block #11727
INFO:full_node:[alice] Mined block #11728
INFO:full_node:[alice] Mined block #11729
INFO:full_node:[alice] Mined block #11730
INFO:full_node:[alice] Mined block #11731
INFO:full_node:[alice] Mined block #11732
INFO:full_node:[alice] Mined block #11733
INFO:full_node:[alice] Mined block #11734
INFO:full_node:[alice] Mined block #11735
INFO:full_node:[alice] Mined block #11736
INFO:full_node:[alice] Mined block #11737
INFO:full_node:[alice] Mined block #11738
INFO:full_node:[alice] Mined block #11739
INFO:full_node:[alice] Mined block #11740
INFO:full_node:[alice] Mined block #11741
INFO:full_node:[alice] Mined block #11742
INFO:full_node:[alice] Mined block #11743
INFO:full_node:[alice] Mined block #11744
INFO:full_node:[alice] Mined block #11745
INFO:full_node:[alice] Mined block #11746
INFO:full_node:[alice] Mined block #11747
INFO:full_node:[alice] Mined block #11748
INFO:full_node:[alice] Mined block #11749
INFO:full_node:[alice] Mined block #11750
INFO:full_node:[alice] Mined block #11751
INFO:full_node:[alice] Mined block #11752
INFO:full_node:[alice] Mined block #11753
INFO:full_node:[alice] Mined block #11754
INFO:full_node:[alice] Mined block #11755
INFO:full_node:[alice] Mined block #11756
INFO:full_node:[alice] Mined block #11757
INFO:full_node:[alice] Mined block #11758
INFO:full_node:[alice] Mined block #11759
INFO:full_node:[alice] Mined block #11760
INFO:full_node:[alice] Mined block #11761
INFO:full_node:[alice] Mined block #11762
INFO:full_node:[alice] Mined block #11763
INFO:full_node:[alice] Mined block #11764
INFO:full_node:[alice] Mined block #11765
INFO:full_node:[alice] Mined block #11766
INFO:full_node:[alice] Mined block #11767
INFO:full_node:[alice] Mined block #11768
INFO:full_node:[alice] Mined block #11769
INFO:full_node:[alice] Mined block #11770
INFO:full_node:[alice] Mined block #11771
INFO:full_node:[alice] Mined block #11772
INFO:full_node:[alice] Mined block #11773
INFO:full_node:[alice] Mined block #11774
INFO:full_node:[alice] Mined block #11775
INFO:full_node:[alice] Mined block #11776
INFO:full_node:[alice] Mined block #11777
INFO:full_node:[alice] Mined block #11778
INFO:full_node:[alice] Mined block #11779
INFO:full_node:[alice] Mined block #11780
INFO:full_node:[alice] Mined block #11781
INFO:full_node:[alice] Mined block #11782
INFO:full_node:[alice] Mined block #11783
INFO:full_node:[alice] Mined block #11784
INFO:full_node:[alice] Mined block #11785
INFO:full_node:[alice] Mined block #11786
INFO:full_node:[alice] Mined block #11787
INFO:full_node:[alice] Mined block #11788
INFO:full_node:[alice] Mined block #11789
INFO:full_node:[alice] Mined block #11790
INFO:full_node:[alice] Mined block #11791
INFO:full_node:[alice] Mined block #11792
INFO:full_node:[alice] Mined block #11793
INFO:full_node:[alice] Mined block #11794
INFO:full_node:[alice] Mined block #11795
INFO:full_node:[alice] Mined block #11796
INFO:full_node:[alice] Mined block #11797
INFO:full_node:[alice] Mined block #11798
INFO:full_node:[alice] Mined block #11799
INFO:full_node:[alice] Mined block #11800
INFO:full_node:[alice] Mined block #11801
INFO:full_node:[alice] Mined block #11802
INFO:full_node:[alice] Mined block #11803
INFO:full_node:[alice] Mined block #11804
INFO:full_node:[alice] Mined block #11805
INFO:full_node:[alice] Mined block #11806
INFO:full_node:[alice] Mined block #11807
INFO:full_node:[alice] Mined block #11808
INFO:full_node:[alice] Mined block #11809
INFO:full_node:[alice] Mined block #11810
INFO:full_node:[alice] Mined block #11811
INFO:full_node:[alice] Mined block #11812
INFO:full_node:[alice] Mined block #11813
INFO:full_node:[alice] Mined block #11814
INFO:full_node:[alice] Mined block #11815
INFO:full_node:[alice] Mined block #11816
INFO:full_node:[alice] Mined block #11817
INFO:full_node:[alice] Mined block #11818
INFO:full_node:[alice] Mined block #11819
INFO:full_node:[alice] Mined block #11820
INFO:full_node:[alice] Mined block #11821
INFO:full_node:[alice] Mined block #11822
INFO:full_node:[alice] Mined block #11823
INFO:full_node:[alice] Mined block #11824
INFO:full_node:[alice] Mined block #11825
INFO:full_node:[alice] Mined block #11826
INFO:full_node:[alice] Mined block #11827
INFO:full_node:[alice] Mined block #11828
INFO:full_node:[alice] Mined block #11829
INFO:full_node:[alice] Mined block #11830
INFO:full_node:[alice] Mined block #11831
INFO:full_node:[alice] Mined block #11832
INFO:full_node:[alice] Mined block #11833
INFO:full_node:[alice] Mined block #11834
INFO:full_node:[alice] Mined block #11835
INFO:full_node:[alice] Mined block #11836
INFO:full_node:[alice] Mined block #11837
INFO:full_node:[alice] Mined block #11838
INFO:full_node:[alice] Mined block #11839
INFO:full_node:[alice] Mined block #11840
INFO:full_node:[alice] Mined block #11841
INFO:full_node:[alice] Mined block #11842
INFO:full_node:[alice] Mined block #11843
INFO:full_node:[alice] Mined block #11844
INFO:full_node:[alice] Mined block #11845
INFO:full_node:[alice] Mined block #11846
INFO:full_node:[alice] Mined block #11847
INFO:full_node:[alice] Mined block #11848
INFO:full_node:[alice] Mined block #11849
INFO:full_node:[alice] Mined block #11850
INFO:full_node:[alice] Mined block #11851
INFO:full_node:[alice] Mined block #11852
INFO:full_node:[alice] Mined block #11853
INFO:full_node:[alice] Mined block #11854
INFO:full_node:[alice] Mined block #11855
INFO:full_node:[alice] Mined block #11856
INFO:full_node:[alice] Mined block #11857
INFO:full_node:[alice] Mined block #11858
INFO:full_node:[alice] Mined block #11859
INFO:full_node:[alice] Mined block #11860
INFO:full_node:[alice] Mined block #11861
INFO:full_node:[alice] Mined block #11862
INFO:full_node:[alice] Mined block #11863
INFO:full_node:[alice] Mined block #11864
INFO:full_node:[alice] Mined block #11865
INFO:full_node:[alice] Mined block #11866
INFO:full_node:[alice] Mined block #11867
INFO:full_node:[alice] Mined block #11868
INFO:full_node:[alice] Mined block #11869
INFO:full_node:[alice] Mined block #11870
INFO:full_node:[alice] Mined block #11871
INFO:full_node:[alice] Mined block #11872
INFO:full_node:[alice] Mined block #11873
INFO:full_node:[alice] Mined block #11874
INFO:full_node:[alice] Mined block #11875
INFO:full_node:[alice] Mined block #11876
INFO:full_node:[alice] Mined block #11877
INFO:full_node:[alice] Mined block #11878
INFO:full_node:[alice] Mined block #11879
INFO:full_node:[alice] Mined block #11880
INFO:full_node:[alice] Mined block #11881
INFO:full_node:[alice] Mined block #11882
INFO:full_node:[alice] Mined block #11883
INFO:full_node:[alice] Mined block #11884
INFO:full_node:[alice] Mined block #11885
INFO:full_node:[alice] Mined block #11886
INFO:full_node:[alice] Mined block #11887
INFO:full_node:[alice] Mined block #11888
INFO:full_node:[alice] Mined block #11889
INFO:full_node:[alice] Mined block #11890
INFO:full_node:[alice] Mined block #11891
INFO:full_node:[alice] Mined block #11892
INFO:full_node:[alice] Mined block #11893
INFO:full_node:[alice] Mined block #11894
INFO:full_node:[alice] Mined block #11895
INFO:full_node:[alice] Mined block #11896
INFO:full_node:[alice] Mined block #11897
INFO:full_node:[alice] Mined block #11898
INFO:full_node:[alice] Mined block #11899
INFO:full_node:[alice] Mined block #11900
INFO:full_node:[alice] Mined block #11901
INFO:full_node:[alice] Mined block #11902
INFO:full_node:[alice] Mined block #11903
INFO:full_node:[alice] Mined block #11904
INFO:full_node:[alice] Mined block #11905
INFO:full_node:[alice] Mined block #11906
INFO:full_node:[alice] Mined block #11907
INFO:full_node:[alice] Mined block #11908
INFO:full_node:[alice] Mined block #11909
INFO:full_node:[alice] Mined block #11910
INFO:full_node:[alice] Mined block #11911
INFO:full_node:[alice] Mined block #11912
INFO:full_node:[alice] Mined block #11913
INFO:full_node:[alice] Mined block #11914
INFO:full_node:[alice] Mined block #11915
INFO:full_node:[alice] Mined block #11916
INFO:full_node:[alice] Mined block #11917
INFO:full_node:[alice] Mined block #11918
INFO:full_node:[alice] Mined block #11919
INFO:full_node:[alice] Mined block #11920
INFO:full_node:[alice] Mined block #11921
INFO:full_node:[alice] Mined block #11922
INFO:full_node:[alice] Mined block #11923
INFO:full_node:[alice] Mined block #11924
INFO:full_node:[alice] Mined block #11925
INFO:full_node:[alice] Mined block #11926
INFO:full_node:[alice] Mined block #11927
INFO:full_node:[alice] Mined block #11928
INFO:full_node:[alice] Mined block #11929
INFO:full_node:[alice] Mined block #11930
INFO:full_node:[alice] Mined block #11931
INFO:full_node:[alice] Mined block #11932
INFO:full_node:[alice] Mined block #11933
INFO:full_node:[alice] Mined block #11934
INFO:full_node:[alice] Mined block #11935
INFO:full_node:[alice] Mined block #11936
INFO:full_node:[alice] Mined block #11937
INFO:full_node:[alice] Mined block #11938
INFO:full_node:[alice] Mined block #11939
INFO:full_node:[alice] Mined block #11940
INFO:full_node:[alice] Mined block #11941
INFO:full_node:[alice] Mined block #11942
INFO:full_node:[alice] Mined block #11943
INFO:full_node:[alice] Mined block #11944
INFO:full_node:[alice] Mined block #11945
INFO:full_node:[alice] Mined block #11946
INFO:full_node:[alice] Mined block #11947
INFO:full_node:[alice] Mined block #11948
INFO:full_node:[alice] Mined block #11949
INFO:full_node:[alice] Mined block #11950
INFO:full_node:[alice] Mined block #11951
INFO:full_node:[alice] Mined block #11952
INFO:full_node:[alice] Mined block #11953
INFO:full_node:[alice] Mined block #11954
INFO:full_node:[alice] Mined block #11955
INFO:full_node:[alice] Mined block #11956
INFO:full_node:[alice] Mined block #11957
INFO:full_node:[alice] Mined block #11958
INFO:full_node:[alice] Mined block #11959
INFO:full_node:[alice] Mined block #11960
INFO:full_node:[alice] Mined block #11961
INFO:full_node:[alice] Mined block #11962
INFO:full_node:[alice] Mined block #11963
INFO:full_node:[alice] Mined block #11964
INFO:full_node:[alice] Mined block #11965
INFO:full_node:[alice] Mined block #11966
INFO:full_node:[alice] Mined block #11967
INFO:full_node:[alice] Mined block #11968
INFO:full_node:[alice] Mined block #11969
INFO:full_node:[alice] Mined block #11970
INFO:full_node:[alice] Mined block #11971
INFO:full_node:[alice] Mined block #11972
INFO:full_node:[alice] Mined block #11973
INFO:full_node:[alice] Mined block #11974
INFO:full_node:[alice] Mined block #11975
INFO:full_node:[alice] Mined block #11976
INFO:full_node:[alice] Mined block #11977
INFO:full_node:[alice] Mined block #11978
INFO:full_node:[alice] Mined block #11979
INFO:full_node:[alice] Mined block #11980
INFO:full_node:[alice] Mined block #11981
INFO:full_node:[alice] Mined block #11982
INFO:full_node:[alice] Mined block #11983
INFO:full_node:[alice] Mined block #11984
INFO:full_node:[alice] Mined block #11985
INFO:full_node:[alice] Mined block #11986
INFO:full_node:[alice] Mined block #11987
INFO:full_node:[alice] Mined block #11988
INFO:full_node:[alice] Mined block #11989
INFO:full_node:[alice] Mined block #11990
INFO:full_node:[alice] Mined block #11991
INFO:full_node:[alice] Mined block #11992
INFO:full_node:[alice] Mined block #11993
INFO:full_node:[alice] Mined block #11994
INFO:full_node:[alice] Mined block #11995
INFO:full_node:[alice] Mined block #11996
INFO:full_node:[alice] Mined block #11997
INFO:full_node:[alice] Mined block #11998
INFO:full_node:[alice] Mined block #11999
INFO:full_node:[alice] Mined block #12000
INFO:full_node:[alice] Mined block #12001
INFO:full_node:[alice] Mined block #12002
INFO:full_node:[alice] Mined block #12003
INFO:full_node:[alice] Mined block #12004
INFO:full_node:[alice] Mined block #12005
INFO:full_node:[alice] Mined block #12006
INFO:full_node:[alice] Mined block #12007
INFO:full_node:[alice] Mined block #12008
INFO:full_node:[alice] Mined block #12009
INFO:full_node:[alice] Mined block #12010
INFO:full_node:[alice] Mined block #12011
INFO:full_node:[alice] Mined block #12012
INFO:full_node:[alice] Mined block #12013
INFO:full_node:[alice] Mined block #12014
INFO:full_node:[alice] Mined block #12015
INFO:full_node:[alice] Mined block #12016
INFO:full_node:[alice] Mined block #12017
INFO:full_node:[alice] Mined block #12018
INFO:full_node:[alice] Mined block #12019
INFO:full_node:[alice] Mined block #12020
INFO:full_node:[alice] Mined block #12021
INFO:full_node:[alice] Mined block #12022
INFO:full_node:[alice] Mined block #12023
INFO:full_node:[alice] Mined block #12024
INFO:full_node:[alice] Mined block #12025
INFO:full_node:[alice] Mined block #12026
INFO:full_node:[alice] Mined block #12027
INFO:full_node:[alice] Mined block #12028
INFO:full_node:[alice] Mined block #12029
INFO:full_node:[alice] Mined block #12030
INFO:full_node:[alice] Mined block #12031
INFO:full_node:[alice] Mined block #12032
INFO:full_node:[alice] Mined block #12033
INFO:full_node:[alice] Mined block #12034
INFO:full_node:[alice] Mined block #12035
INFO:full_node:[alice] Mined block #12036
INFO:full_node:[alice] Mined block #12037
INFO:full_node:[alice] Mined block #12038
INFO:full_node:[alice] Mined block #12039
INFO:full_node:[alice] Mined block #12040
INFO:full_node:[alice] Mined block #12041
INFO:full_node:[alice] Mined block #12042
INFO:full_node:[alice] Mined block #12043
INFO:full_node:[alice] Mined block #12044
INFO:full_node:[alice] Mined block #12045
INFO:full_node:[alice] Mined block #12046
INFO:full_node:[alice] Mined block #12047
INFO:full_node:[alice] Mined block #12048
INFO:full_node:[alice] Mined block #12049
INFO:full_node:[alice] Mined block #12050
INFO:full_node:[alice] Mined block #12051
INFO:full_node:[alice] Mined block #12052
INFO:full_node:[alice] Mined block #12053
INFO:full_node:[alice] Mined block #12054
INFO:full_node:[alice] Mined block #12055
INFO:full_node:[alice] Mined block #12056
INFO:full_node:[alice] Mined block #12057
INFO:full_node:[alice] Mined block #12058
INFO:full_node:[alice] Mined block #12059
INFO:full_node:[alice] Mined block #12060
INFO:full_node:[alice] Mined block #12061
INFO:full_node:[alice] Mined block #12062
INFO:full_node:[alice] Mined block #12063
INFO:full_node:[alice] Mined block #12064
INFO:full_node:[alice] Mined block #12065
INFO:full_node:[alice] Mined block #12066
INFO:full_node:[alice] Mined block #12067
INFO:full_node:[alice] Mined block #12068
INFO:full_node:[alice] Mined block #12069
INFO:full_node:[alice] Mined block #12070
INFO:full_node:[alice] Mined block #12071
INFO:full_node:[alice] Mined block #12072
INFO:full_node:[alice] Mined block #12073
INFO:full_node:[alice] Mined block #12074
INFO:full_node:[alice] Mined block #12075
INFO:full_node:[alice] Mined block #12076
INFO:full_node:[alice] Mined block #12077
INFO:full_node:[alice] Mined block #12078
INFO:full_node:[alice] Mined block #12079
INFO:full_node:[alice] Mined block #12080
INFO:full_node:[alice] Mined block #12081
INFO:full_node:[alice] Mined block #12082
INFO:full_node:[alice] Mined block #12083
INFO:full_node:[alice] Mined block #12084
INFO:full_node:[alice] Mined block #12085
INFO:full_node:[alice] Mined block #12086
INFO:full_node:[alice] Mined block #12087
INFO:full_node:[alice] Mined block #12088
INFO:full_node:[alice] Mined block #12089
INFO:full_node:[alice] Mined block #12090
INFO:full_node:[alice] Mined block #12091
INFO:full_node:[alice] Mined block #12092
INFO:full_node:[alice] Mined block #12093
INFO:full_node:[alice] Mined block #12094
INFO:full_node:[alice] Mined block #12095
INFO:full_node:[alice] Mined block #12096
INFO:full_node:[alice] Mined block #12097
INFO:full_node:[alice] Mined block #12098
INFO:full_node:[alice] Mined block #12099
INFO:full_node:[alice] Mined block #12100
INFO:full_node:[alice] Mined block #12101
INFO:full_node:[alice] Mined block #12102
INFO:full_node:[alice] Mined block #12103
INFO:full_node:[alice] Mined block #12104
INFO:full_node:[alice] Mined block #12105
INFO:full_node:[alice] Mined block #12106
INFO:full_node:[alice] Mined block #12107
INFO:full_node:[alice] Mined block #12108
INFO:full_node:[alice] Mined block #12109
INFO:full_node:[alice] Mined block #12110
INFO:full_node:[alice] Mined block #12111
INFO:full_node:[alice] Mined block #12112
INFO:full_node:[alice] Mined block #12113
INFO:full_node:[alice] Mined block #12114
INFO:full_node:[alice] Mined block #12115
INFO:full_node:[alice] Mined block #12116
INFO:full_node:[alice] Mined block #12117
INFO:full_node:[alice] Mined block #12118
INFO:full_node:[alice] Mined block #12119
INFO:full_node:[alice] Mined block #12120
INFO:full_node:[alice] Mined block #12121
INFO:full_node:[alice] Mined block #12122
INFO:full_node:[alice] Mined block #12123
INFO:full_node:[alice] Mined block #12124
INFO:full_node:[alice] Mined block #12125
INFO:full_node:[alice] Mined block #12126
INFO:full_node:[alice] Mined block #12127
INFO:full_node:[alice] Mined block #12128
INFO:full_node:[alice] Mined block #12129
INFO:full_node:[alice] Mined block #12130
INFO:full_node:[alice] Mined block #12131
INFO:full_node:[alice] Mined block #12132
INFO:full_node:[alice] Mined block #12133
INFO:full_node:[alice] Mined block #12134
INFO:full_node:[alice] Mined block #12135
INFO:full_node:[alice] Mined block #12136
INFO:full_node:[alice] Mined block #12137
INFO:full_node:[alice] Mined block #12138
INFO:full_node:[alice] Mined block #12139
INFO:full_node:[alice] Mined block #12140
INFO:full_node:[alice] Mined block #12141
INFO:full_node:[alice] Mined block #12142
INFO:full_node:[alice] Mined block #12143
INFO:full_node:[alice] Mined block #12144
INFO:full_node:[alice] Mined block #12145
INFO:full_node:[alice] Mined block #12146
INFO:full_node:[alice] Mined block #12147
INFO:full_node:[alice] Mined block #12148
INFO:full_node:[alice] Mined block #12149
INFO:full_node:[alice] Mined block #12150
INFO:full_node:[alice] Mined block #12151
INFO:full_node:[alice] Mined block #12152
INFO:full_node:[alice] Mined block #12153
INFO:full_node:[alice] Mined block #12154
INFO:full_node:[alice] Mined block #12155
INFO:full_node:[alice] Mined block #12156
INFO:full_node:[alice] Mined block #12157
INFO:full_node:[alice] Mined block #12158
INFO:full_node:[alice] Mined block #12159
INFO:full_node:[alice] Mined block #12160
INFO:full_node:[alice] Mined block #12161
INFO:full_node:[alice] Mined block #12162
INFO:full_node:[alice] Mined block #12163
INFO:full_node:[alice] Mined block #12164
INFO:full_node:[alice] Mined block #12165
INFO:full_node:[alice] Mined block #12166
INFO:full_node:[alice] Mined block #12167
INFO:full_node:[alice] Mined block #12168
INFO:full_node:[alice] Mined block #12169
INFO:full_node:[alice] Mined block #12170
INFO:full_node:[alice] Mined block #12171
INFO:full_node:[alice] Mined block #12172
INFO:full_node:[alice] Mined block #12173
INFO:full_node:[alice] Mined block #12174
INFO:full_node:[alice] Mined block #12175
INFO:full_node:[alice] Mined block #12176
INFO:full_node:[alice] Mined block #12177
INFO:full_node:[alice] Mined block #12178
INFO:full_node:[alice] Mined block #12179
INFO:full_node:[alice] Mined block #12180
INFO:full_node:[alice] Mined block #12181
INFO:full_node:[alice] Mined block #12182
INFO:full_node:[alice] Mined block #12183
INFO:full_node:[alice] Mined block #12184
INFO:full_node:[alice] Mined block #12185
INFO:full_node:[alice] Mined block #12186
INFO:full_node:[alice] Mined block #12187
INFO:full_node:[alice] Mined block #12188
INFO:full_node:[alice] Mined block #12189
INFO:full_node:[alice] Mined block #12190
INFO:full_node:[alice] Mined block #12191
INFO:full_node:[alice] Mined block #12192
INFO:full_node:[alice] Mined block #12193
INFO:full_node:[alice] Mined block #12194
INFO:full_node:[alice] Mined block #12195
INFO:full_node:[alice] Mined block #12196
INFO:full_node:[alice] Mined block #12197
INFO:full_node:[alice] Mined block #12198
INFO:full_node:[alice] Mined block #12199
INFO:full_node:[alice] Mined block #12200
INFO:full_node:[alice] Mined block #12201
INFO:full_node:[alice] Mined block #12202
INFO:full_node:[alice] Mined block #12203
INFO:full_node:[alice] Mined block #12204
INFO:full_node:[alice] Mined block #12205
INFO:full_node:[alice] Mined block #12206
INFO:full_node:[alice] Mined block #12207
INFO:full_node:[alice] Mined block #12208
INFO:full_node:[alice] Mined block #12209
INFO:full_node:[alice] Mined block #12210
INFO:full_node:[alice] Mined block #12211
INFO:full_node:[alice] Mined block #12212
INFO:full_node:[alice] Mined block #12213
INFO:full_node:[alice] Mined block #12214
INFO:full_node:[alice] Mined block #12215
INFO:full_node:[alice] Mined block #12216
INFO:full_node:[alice] Mined block #12217
INFO:full_node:[alice] Mined block #12218
INFO:full_node:[alice] Mined block #12219
INFO:full_node:[alice] Mined block #12220
INFO:full_node:[alice] Mined block #12221
INFO:full_node:[alice] Mined block #12222
INFO:full_node:[alice] Mined block #12223
INFO:full_node:[alice] Mined block #12224
INFO:full_node:[alice] Mined block #12225
INFO:full_node:[alice] Mined block #12226
INFO:full_node:[alice] Mined block #12227
INFO:full_node:[alice] Mined block #12228
INFO:full_node:[alice] Mined block #12229
INFO:full_node:[alice] Mined block #12230
INFO:full_node:[alice] Mined block #12231
INFO:full_node:[alice] Mined block #12232
INFO:full_node:[alice] Mined block #12233
INFO:full_node:[alice] Mined block #12234
INFO:full_node:[alice] Mined block #12235
INFO:full_node:[alice] Mined block #12236
INFO:full_node:[alice] Mined block #12237
INFO:full_node:[alice] Mined block #12238
INFO:full_node:[alice] Mined block #12239
INFO:full_node:[alice] Mined block #12240
INFO:full_node:[alice] Mined block #12241
INFO:full_node:[alice] Mined block #12242
INFO:full_node:[alice] Mined block #12243
INFO:full_node:[alice] Mined block #12244
INFO:full_node:[alice] Mined block #12245
INFO:full_node:[alice] Mined block #12246
INFO:full_node:[alice] Mined block #12247
INFO:full_node:[alice] Mined block #12248
INFO:full_node:[alice] Mined block #12249
INFO:full_node:[alice] Mined block #12250
INFO:full_node:[alice] Mined block #12251
INFO:full_node:[alice] Mined block #12252
INFO:full_node:[alice] Mined block #12253
INFO:full_node:[alice] Mined block #12254
INFO:full_node:[alice] Mined block #12255
INFO:full_node:[alice] Mined block #12256
INFO:full_node:[alice] Mined block #12257
INFO:full_node:[alice] Mined block #12258
INFO:full_node:[alice] Mined block #12259
INFO:full_node:[alice] Mined block #12260
INFO:full_node:[alice] Mined block #12261
INFO:full_node:[alice] Mined block #12262
INFO:full_node:[alice] Mined block #12263
INFO:full_node:[alice] Mined block #12264
INFO:full_node:[alice] Mined block #12265
INFO:full_node:[alice] Mined block #12266
INFO:full_node:[alice] Mined block #12267
INFO:full_node:[alice] Mined block #12268
INFO:full_node:[alice] Mined block #12269
INFO:full_node:[alice] Mined block #12270
INFO:full_node:[alice] Mined block #12271
INFO:full_node:[alice] Mined block #12272
INFO:full_node:[alice] Mined block #12273
INFO:full_node:[alice] Mined block #12274
INFO:full_node:[alice] Mined block #12275
INFO:full_node:[alice] Mined block #12276
INFO:full_node:[alice] Mined block #12277
INFO:full_node:[alice] Mined block #12278
INFO:full_node:[alice] Mined block #12279
INFO:full_node:[alice] Mined block #12280
INFO:full_node:[alice] Mined block #12281
INFO:full_node:[alice] Mined block #12282
INFO:full_node:[alice] Mined block #12283
INFO:full_node:[alice] Mined block #12284
INFO:full_node:[alice] Mined block #12285
INFO:full_node:[alice] Mined block #12286
INFO:full_node:[alice] Mined block #12287
INFO:full_node:[alice] Mined block #12288
INFO:full_node:[alice] Mined block #12289
INFO:full_node:[alice] Mined block #12290
INFO:full_node:[alice] Mined block #12291
INFO:full_node:[alice] Mined block #12292
INFO:full_node:[alice] Mined block #12293
INFO:full_node:[alice] Mined block #12294
INFO:full_node:[alice] Mined block #12295
INFO:full_node:[alice] Mined block #12296
INFO:full_node:[alice] Mined block #12297
INFO:full_node:[alice] Mined block #12298
INFO:full_node:[alice] Mined block #12299
INFO:full_node:[alice] Mined block #12300
INFO:full_node:[alice] Mined block #12301
INFO:full_node:[alice] Mined block #12302
INFO:full_node:[alice] Mined block #12303
INFO:full_node:[alice] Mined block #12304
INFO:full_node:[alice] Mined block #12305
INFO:full_node:[alice] Mined block #12306
INFO:full_node:[alice] Mined block #12307
INFO:full_node:[alice] Mined block #12308
INFO:full_node:[alice] Mined block #12309
INFO:full_node:[alice] Mined block #12310
INFO:full_node:[alice] Mined block #12311
INFO:full_node:[alice] Mined block #12312
INFO:full_node:[alice] Mined block #12313
INFO:full_node:[alice] Mined block #12314
INFO:full_node:[alice] Mined block #12315
INFO:full_node:[alice] Mined block #12316
INFO:full_node:[alice] Mined block #12317
INFO:full_node:[alice] Mined block #12318
INFO:full_node:[alice] Mined block #12319
INFO:full_node:[alice] Mined block #12320
INFO:full_node:[alice] Mined block #12321
INFO:full_node:[alice] Mined block #12322
INFO:full_node:[alice] Mined block #12323
INFO:full_node:[alice] Mined block #12324
INFO:full_node:[alice] Mined block #12325
INFO:full_node:[alice] Mined block #12326
INFO:full_node:[alice] Mined block #12327
INFO:full_node:[alice] Mined block #12328
INFO:full_node:[alice] Mined block #12329
INFO:full_node:[alice] Mined block #12330
INFO:full_node:[alice] Mined block #12331
INFO:full_node:[alice] Mined block #12332
INFO:full_node:[alice] Mined block #12333
INFO:full_node:[alice] Mined block #12334
INFO:full_node:[alice] Mined block #12335
INFO:full_node:[alice] Mined block #12336
INFO:full_node:[alice] Mined block #12337
INFO:full_node:[alice] Mined block #12338
INFO:full_node:[alice] Mined block #12339
INFO:full_node:[alice] Mined block #12340
INFO:full_node:[alice] Mined block #12341
INFO:full_node:[alice] Mined block #12342
INFO:full_node:[alice] Mined block #12343
INFO:full_node:[alice] Mined block #12344
INFO:full_node:[alice] Mined block #12345
INFO:full_node:[alice] Mined block #12346
INFO:full_node:[alice] Mined block #12347
INFO:full_node:[alice] Mined block #12348
INFO:full_node:[alice] Mined block #12349
INFO:full_node:[alice] Mined block #12350
INFO:full_node:[alice] Mined block #12351
INFO:full_node:[alice] Mined block #12352
INFO:full_node:[alice] Mined block #12353
INFO:full_node:[alice] Mined block #12354
INFO:full_node:[alice] Mined block #12355
INFO:full_node:[alice] Mined block #12356
INFO:full_node:[alice] Mined block #12357
INFO:full_node:[alice] Mined block #12358
INFO:full_node:[alice] Mined block #12359
INFO:full_node:[alice] Mined block #12360
INFO:full_node:[alice] Mined block #12361
INFO:full_node:[alice] Mined block #12362
INFO:full_node:[alice] Mined block #12363
INFO:full_node:[alice] Mined block #12364
INFO:full_node:[alice] Mined block #12365
INFO:full_node:[alice] Mined block #12366
INFO:full_node:[alice] Mined block #12367
INFO:full_node:[alice] Mined block #12368
INFO:full_node:[alice] Mined block #12369
INFO:full_node:[alice] Mined block #12370
INFO:full_node:[alice] Mined block #12371
INFO:full_node:[alice] Mined block #12372
INFO:full_node:[alice] Mined block #12373
INFO:full_node:[alice] Mined block #12374
INFO:full_node:[alice] Mined block #12375
INFO:full_node:[alice] Mined block #12376
INFO:full_node:[alice] Mined block #12377
INFO:full_node:[alice] Mined block #12378
INFO:full_node:[alice] Mined block #12379
INFO:full_node:[alice] Mined block #12380
INFO:full_node:[alice] Mined block #12381
INFO:full_node:[alice] Mined block #12382
INFO:full_node:[alice] Mined block #12383
INFO:full_node:[alice] Mined block #12384
INFO:full_node:[alice] Mined block #12385
INFO:full_node:[alice] Mined block #12386
INFO:full_node:[alice] Mined block #12387
INFO:full_node:[alice] Mined block #12388
INFO:full_node:[alice] Mined block #12389
INFO:full_node:[alice] Mined block #12390
INFO:full_node:[alice] Mined block #12391
INFO:full_node:[alice] Mined block #12392
INFO:full_node:[alice] Mined block #12393
INFO:full_node:[alice] Mined block #12394
INFO:full_node:[alice] Mined block #12395
INFO:full_node:[alice] Mined block #12396
INFO:full_node:[alice] Mined block #12397
INFO:full_node:[alice] Mined block #12398
INFO:full_node:[alice] Mined block #12399
INFO:full_node:[alice] Mined block #12400
INFO:full_node:[alice] Mined block #12401
INFO:full_node:[alice] Mined block #12402
INFO:full_node:[alice] Mined block #12403
INFO:full_node:[alice] Mined block #12404
INFO:full_node:[alice] Mined block #12405
INFO:full_node:[alice] Mined block #12406
INFO:full_node:[alice] Mined block #12407
INFO:full_node:[alice] Mined block #12408
INFO:full_node:[alice] Mined block #12409
INFO:full_node:[alice] Mined block #12410
INFO:full_node:[alice] Mined block #12411
INFO:full_node:[alice] Mined block #12412
INFO:full_node:[alice] Mined block #12413
INFO:full_node:[alice] Mined block #12414
INFO:full_node:[alice] Mined block #12415
INFO:full_node:[alice] Mined block #12416
INFO:full_node:[alice] Mined block #12417
INFO:full_node:[alice] Mined block #12418
INFO:full_node:[alice] Mined block #12419
INFO:full_node:[alice] Mined block #12420
INFO:full_node:[alice] Mined block #12421
INFO:full_node:[alice] Mined block #12422
INFO:full_node:[alice] Mined block #12423
INFO:full_node:[alice] Mined block #12424
INFO:full_node:[alice] Mined block #12425
INFO:full_node:[alice] Mined block #12426
INFO:full_node:[alice] Mined block #12427
INFO:full_node:[alice] Mined block #12428
INFO:full_node:[alice] Mined block #12429
INFO:full_node:[alice] Mined block #12430
INFO:full_node:[alice] Mined block #12431
INFO:full_node:[alice] Mined block #12432
INFO:full_node:[alice] Mined block #12433
INFO:full_node:[alice] Mined block #12434
INFO:full_node:[alice] Mined block #12435
INFO:full_node:[alice] Mined block #12436
INFO:full_node:[alice] Mined block #12437
INFO:full_node:[alice] Mined block #12438
INFO:full_node:[alice] Mined block #12439
INFO:full_node:[alice] Mined block #12440
INFO:full_node:[alice] Mined block #12441
INFO:full_node:[alice] Mined block #12442
INFO:full_node:[alice] Mined block #12443
INFO:full_node:[alice] Mined block #12444
INFO:full_node:[alice] Mined block #12445
INFO:full_node:[alice] Mined block #12446
INFO:full_node:[alice] Mined block #12447
INFO:full_node:[alice] Mined block #12448
INFO:full_node:[alice] Mined block #12449
INFO:full_node:[alice] Mined block #12450
INFO:full_node:[alice] Mined block #12451
INFO:full_node:[alice] Mined block #12452
INFO:full_node:[alice] Mined block #12453
INFO:full_node:[alice] Mined block #12454
INFO:full_node:[alice] Mined block #12455
INFO:full_node:[alice] Mined block #12456
INFO:full_node:[alice] Mined block #12457
INFO:full_node:[alice] Mined block #12458
INFO:full_node:[alice] Mined block #12459
INFO:full_node:[alice] Mined block #12460
INFO:full_node:[alice] Mined block #12461
INFO:full_node:[alice] Mined block #12462
INFO:full_node:[alice] Mined block #12463
INFO:full_node:[alice] Mined block #12464
INFO:full_node:[alice] Mined block #12465
INFO:full_node:[alice] Mined block #12466
INFO:full_node:[alice] Mined block #12467
INFO:full_node:[alice] Mined block #12468
INFO:full_node:[alice] Mined block #12469
INFO:full_node:[alice] Mined block #12470
INFO:full_node:[alice] Mined block #12471
INFO:full_node:[alice] Mined block #12472
INFO:full_node:[alice] Mined block #12473
INFO:full_node:[alice] Mined block #12474
INFO:full_node:[alice] Mined block #12475
INFO:full_node:[alice] Mined block #12476
INFO:full_node:[alice] Mined block #12477
INFO:full_node:[alice] Mined block #12478
INFO:full_node:[alice] Mined block #12479
INFO:full_node:[alice] Mined block #12480
INFO:full_node:[alice] Mined block #12481
INFO:full_node:[alice] Mined block #12482
INFO:full_node:[alice] Mined block #12483
INFO:full_node:[alice] Mined block #12484
INFO:full_node:[alice] Mined block #12485
INFO:full_node:[alice] Mined block #12486
INFO:full_node:[alice] Mined block #12487
INFO:full_node:[alice] Mined block #12488
INFO:full_node:[alice] Mined block #12489
INFO:full_node:[alice] Mined block #12490
INFO:full_node:[alice] Mined block #12491
INFO:full_node:[alice] Mined block #12492
INFO:full_node:[alice] Mined block #12493
INFO:full_node:[alice] Mined block #12494
INFO:full_node:[alice] Mined block #12495
INFO:full_node:[alice] Mined block #12496
INFO:full_node:[alice] Mined block #12497
INFO:full_node:[alice] Mined block #12498
INFO:full_node:[alice] Mined block #12499
INFO:full_node:[alice] Mined block #12500
INFO:full_node:[alice] Mined block #12501
INFO:full_node:[alice] Mined block #12502
INFO:full_node:[alice] Mined block #12503
INFO:full_node:[alice] Mined block #12504
INFO:full_node:[alice] Mined block #12505
INFO:full_node:[alice] Mined block #12506
INFO:full_node:[alice] Mined block #12507
INFO:full_node:[alice] Mined block #12508
INFO:full_node:[alice] Mined block #12509
INFO:full_node:[alice] Mined block #12510
INFO:full_node:[alice] Mined block #12511
INFO:full_node:[alice] Mined block #12512
INFO:full_node:[alice] Mined block #12513
INFO:full_node:[alice] Mined block #12514
INFO:full_node:[alice] Mined block #12515
INFO:full_node:[alice] Mined block #12516
INFO:full_node:[alice] Mined block #12517
INFO:full_node:[alice] Mined block #12518
INFO:full_node:[alice] Mined block #12519
INFO:full_node:[alice] Mined block #12520
INFO:full_node:[alice] Mined block #12521
INFO:full_node:[alice] Mined block #12522
INFO:full_node:[alice] Mined block #12523
INFO:full_node:[alice] Mined block #12524
INFO:full_node:[alice] Mined block #12525
INFO:full_node:[alice] Mined block #12526
INFO:full_node:[alice] Mined block #12527
INFO:full_node:[alice] Mined block #12528
INFO:full_node:[alice] Mined block #12529
INFO:full_node:[alice] Mined block #12530
INFO:full_node:[alice] Mined block #12531
INFO:full_node:[alice] Mined block #12532
INFO:full_node:[alice] Mined block #12533
INFO:full_node:[alice] Mined block #12534
INFO:full_node:[alice] Mined block #12535
INFO:full_node:[alice] Mined block #12536
INFO:full_node:[alice] Mined block #12537
INFO:full_node:[alice] Mined block #12538
INFO:full_node:[alice] Mined block #12539
INFO:full_node:[alice] Mined block #12540
INFO:full_node:[alice] Mined block #12541
INFO:full_node:[alice] Mined block #12542
INFO:full_node:[alice] Mined block #12543
INFO:full_node:[alice] Mined block #12544
INFO:full_node:[alice] Mined block #12545
INFO:full_node:[alice] Mined block #12546
INFO:full_node:[alice] Mined block #12547
INFO:full_node:[alice] Mined block #12548
INFO:full_node:[alice] Mined block #12549
INFO:full_node:[alice] Mined block #12550
INFO:full_node:[alice] Mined block #12551
INFO:full_node:[alice] Mined block #12552
INFO:full_node:[alice] Mined block #12553
INFO:full_node:[alice] Mined block #12554
INFO:full_node:[alice] Mined block #12555
INFO:full_node:[alice] Mined block #12556
INFO:full_node:[alice] Mined block #12557
INFO:full_node:[alice] Mined block #12558
INFO:full_node:[alice] Mined block #12559
INFO:full_node:[alice] Mined block #12560
INFO:full_node:[alice] Mined block #12561
INFO:full_node:[alice] Mined block #12562
INFO:full_node:[alice] Mined block #12563
INFO:full_node:[alice] Mined block #12564
INFO:full_node:[alice] Mined block #12565
INFO:full_node:[alice] Mined block #12566
INFO:full_node:[alice] Mined block #12567
INFO:full_node:[alice] Mined block #12568
INFO:full_node:[alice] Mined block #12569
INFO:full_node:[alice] Mined block #12570
INFO:full_node:[alice] Mined block #12571
INFO:full_node:[alice] Mined block #12572
INFO:full_node:[alice] Mined block #12573
INFO:full_node:[alice] Mined block #12574
INFO:full_node:[alice] Mined block #12575
INFO:full_node:[alice] Mined block #12576
INFO:full_node:[alice] Mined block #12577
INFO:full_node:[alice] Mined block #12578
INFO:full_node:[alice] Mined block #12579
INFO:full_node:[alice] Mined block #12580
INFO:full_node:[alice] Mined block #12581
INFO:full_node:[alice] Mined block #12582
INFO:full_node:[alice] Mined block #12583
INFO:full_node:[alice] Mined block #12584
INFO:full_node:[alice] Mined block #12585
INFO:full_node:[alice] Mined block #12586
INFO:full_node:[alice] Mined block #12587
INFO:full_node:[alice] Mined block #12588
INFO:full_node:[alice] Mined block #12589
INFO:full_node:[alice] Mined block #12590
INFO:full_node:[alice] Mined block #12591
INFO:full_node:[alice] Mined block #12592
INFO:full_node:[alice] Mined block #12593
INFO:full_node:[alice] Mined block #12594
INFO:full_node:[alice] Mined block #12595
INFO:full_node:[alice] Mined block #12596
INFO:full_node:[alice] Mined block #12597
INFO:full_node:[alice] Mined block #12598
INFO:full_node:[alice] Mined block #12599
INFO:full_node:[alice] Mined block #12600
INFO:full_node:[alice] Mined block #12601
INFO:full_node:[alice] Mined block #12602
INFO:full_node:[alice] Mined block #12603
INFO:full_node:[alice] Mined block #12604
INFO:full_node:[alice] Mined block #12605
INFO:full_node:[alice] Mined block #12606
INFO:full_node:[alice] Mined block #12607
INFO:full_node:[alice] Mined block #12608
INFO:full_node:[alice] Mined block #12609
INFO:full_node:[alice] Mined block #12610
INFO:full_node:[alice] Mined block #12611
INFO:full_node:[alice] Mined block #12612
INFO:full_node:[alice] Mined block #12613
INFO:full_node:[alice] Mined block #12614
INFO:full_node:[alice] Mined block #12615
INFO:full_node:[alice] Mined block #12616
INFO:full_node:[alice] Mined block #12617
INFO:full_node:[alice] Mined block #12618
INFO:full_node:[alice] Mined block #12619
INFO:full_node:[alice] Mined block #12620
INFO:full_node:[alice] Mined block #12621
INFO:full_node:[alice] Mined block #12622
INFO:full_node:[alice] Mined block #12623
INFO:full_node:[alice] Mined block #12624
INFO:full_node:[alice] Mined block #12625
INFO:full_node:[alice] Mined block #12626
INFO:full_node:[alice] Mined block #12627
INFO:full_node:[alice] Mined block #12628
INFO:full_node:[alice] Mined block #12629
INFO:full_node:[alice] Mined block #12630
INFO:full_node:[alice] Mined block #12631
INFO:full_node:[alice] Mined block #12632
INFO:full_node:[alice] Mined block #12633
INFO:full_node:[alice] Mined block #12634
INFO:full_node:[alice] Mined block #12635
INFO:full_node:[alice] Mined block #12636
INFO:full_node:[alice] Mined block #12637
INFO:full_node:[alice] Mined block #12638
INFO:full_node:[alice] Mined block #12639
INFO:full_node:[alice] Mined block #12640
INFO:full_node:[alice] Mined block #12641
INFO:full_node:[alice] Mined block #12642
INFO:full_node:[alice] Mined block #12643
INFO:full_node:[alice] Mined block #12644
INFO:full_node:[alice] Mined block #12645
INFO:full_node:[alice] Mined block #12646
INFO:full_node:[alice] Mined block #12647
INFO:full_node:[alice] Mined block #12648
INFO:full_node:[alice] Mined block #12649
INFO:full_node:[alice] Mined block #12650
INFO:full_node:[alice] Mined block #12651
INFO:full_node:[alice] Mined block #12652
INFO:full_node:[alice] Mined block #12653
INFO:full_node:[alice] Mined block #12654
INFO:full_node:[alice] Mined block #12655
INFO:full_node:[alice] Mined block #12656
INFO:full_node:[alice] Mined block #12657
INFO:full_node:[alice] Mined block #12658
INFO:full_node:[alice] Mined block #12659
INFO:full_node:[alice] Mined block #12660
INFO:full_node:[alice] Mined block #12661
INFO:full_node:[alice] Mined block #12662
INFO:full_node:[alice] Mined block #12663
INFO:full_node:[alice] Mined block #12664
INFO:full_node:[alice] Mined block #12665
INFO:full_node:[alice] Mined block #12666
INFO:full_node:[alice] Mined block #12667
INFO:full_node:[alice] Mined block #12668
INFO:full_node:[alice] Mined block #12669
INFO:full_node:[alice] Mined block #12670
INFO:full_node:[alice] Mined block #12671
INFO:full_node:[alice] Mined block #12672
INFO:full_node:[alice] Mined block #12673
INFO:full_node:[alice] Mined block #12674
INFO:full_node:[alice] Mined block #12675
INFO:full_node:[alice] Mined block #12676
INFO:full_node:[alice] Mined block #12677
INFO:full_node:[alice] Mined block #12678
INFO:full_node:[alice] Mined block #12679
INFO:full_node:[alice] Mined block #12680
INFO:full_node:[alice] Mined block #12681
INFO:full_node:[alice] Mined block #12682
INFO:full_node:[alice] Mined block #12683
INFO:full_node:[alice] Mined block #12684
INFO:full_node:[alice] Mined block #12685
INFO:full_node:[alice] Mined block #12686
INFO:full_node:[alice] Mined block #12687
INFO:full_node:[alice] Mined block #12688
INFO:full_node:[alice] Mined block #12689
INFO:full_node:[alice] Mined block #12690
INFO:full_node:[alice] Mined block #12691
INFO:full_node:[alice] Mined block #12692
INFO:full_node:[alice] Mined block #12693
INFO:full_node:[alice] Mined block #12694
INFO:full_node:[alice] Mined block #12695
INFO:full_node:[alice] Mined block #12696
INFO:full_node:[alice] Mined block #12697
INFO:full_node:[alice] Mined block #12698
INFO:full_node:[alice] Mined block #12699
INFO:full_node:[alice] Mined block #12700
INFO:full_node:[alice] Mined block #12701
INFO:full_node:[alice] Mined block #12702
INFO:full_node:[alice] Mined block #12703
INFO:full_node:[alice] Mined block #12704
INFO:full_node:[alice] Mined block #12705
INFO:full_node:[alice] Mined block #12706
INFO:full_node:[alice] Mined block #12707
INFO:full_node:[alice] Mined block #12708
INFO:full_node:[alice] Mined block #12709
INFO:full_node:[alice] Mined block #12710
INFO:full_node:[alice] Mined block #12711
INFO:full_node:[alice] Mined block #12712
INFO:full_node:[alice] Mined block #12713
INFO:full_node:[alice] Mined block #12714
INFO:full_node:[alice] Mined block #12715
INFO:full_node:[alice] Mined block #12716
INFO:full_node:[alice] Mined block #12717
INFO:full_node:[alice] Mined block #12718
INFO:full_node:[alice] Mined block #12719
INFO:full_node:[alice] Mined block #12720
INFO:full_node:[alice] Mined block #12721
INFO:full_node:[alice] Mined block #12722
INFO:full_node:[alice] Mined block #12723
INFO:full_node:[alice] Mined block #12724
INFO:full_node:[alice] Mined block #12725
INFO:full_node:[alice] Mined block #12726
INFO:full_node:[alice] Mined block #12727
INFO:full_node:[alice] Mined block #12728
INFO:full_node:[alice] Mined block #12729
INFO:full_node:[alice] Mined block #12730
INFO:full_node:[alice] Mined block #12731
INFO:full_node:[alice] Mined block #12732
INFO:full_node:[alice] Mined block #12733
INFO:full_node:[alice] Mined block #12734
INFO:full_node:[alice] Mined block #12735
INFO:full_node:[alice] Mined block #12736
INFO:full_node:[alice] Mined block #12737
INFO:full_node:[alice] Mined block #12738
INFO:full_node:[alice] Mined block #12739
INFO:full_node:[alice] Mined block #12740
INFO:full_node:[alice] Mined block #12741
INFO:full_node:[alice] Mined block #12742
INFO:full_node:[alice] Mined block #12743
INFO:full_node:[alice] Mined block #12744
INFO:full_node:[alice] Mined block #12745
INFO:full_node:[alice] Mined block #12746
INFO:full_node:[alice] Mined block #12747
INFO:full_node:[alice] Mined block #12748
INFO:full_node:[alice] Mined block #12749
INFO:full_node:[alice] Mined block #12750
INFO:full_node:[alice] Mined block #12751
INFO:full_node:[alice] Mined block #12752
INFO:full_node:[alice] Mined block #12753
INFO:full_node:[alice] Mined block #12754
INFO:full_node:[alice] Mined block #12755
INFO:full_node:[alice] Mined block #12756
INFO:full_node:[alice] Mined block #12757
INFO:full_node:[alice] Mined block #12758
INFO:full_node:[alice] Mined block #12759
INFO:full_node:[alice] Mined block #12760
INFO:full_node:[alice] Mined block #12761
INFO:full_node:[alice] Mined block #12762
INFO:full_node:[alice] Mined block #12763
INFO:full_node:[alice] Mined block #12764
INFO:full_node:[alice] Mined block #12765
INFO:full_node:[alice] Mined block #12766
INFO:full_node:[alice] Mined block #12767
INFO:full_node:[alice] Mined block #12768
INFO:full_node:[alice] Mined block #12769
INFO:full_node:[alice] Mined block #12770
INFO:full_node:[alice] Mined block #12771
INFO:full_node:[alice] Mined block #12772
INFO:full_node:[alice] Mined block #12773
INFO:full_node:[alice] Mined block #12774
INFO:full_node:[alice] Mined block #12775
INFO:full_node:[alice] Mined block #12776
INFO:full_node:[alice] Mined block #12777
INFO:full_node:[alice] Mined block #12778
INFO:full_node:[alice] Mined block #12779
INFO:full_node:[alice] Mined block #12780
INFO:full_node:[alice] Mined block #12781
INFO:full_node:[alice] Mined block #12782
INFO:full_node:[alice] Mined block #12783
INFO:full_node:[alice] Mined block #12784
INFO:full_node:[alice] Mined block #12785
INFO:full_node:[alice] Mined block #12786
INFO:full_node:[alice] Mined block #12787
INFO:full_node:[alice] Mined block #12788
INFO:full_node:[alice] Mined block #12789
INFO:full_node:[alice] Mined block #12790
INFO:full_node:[alice] Mined block #12791
INFO:full_node:[alice] Mined block #12792
INFO:full_node:[alice] Mined block #12793
INFO:full_node:[alice] Mined block #12794
INFO:full_node:[alice] Mined block #12795
INFO:full_node:[alice] Mined block #12796
INFO:full_node:[alice] Mined block #12797
INFO:full_node:[alice] Mined block #12798
INFO:full_node:[alice] Mined block #12799
INFO:full_node:[alice] Mined block #12800
INFO:full_node:[alice] Mined block #12801
INFO:full_node:[alice] Mined block #12802
INFO:full_node:[alice] Mined block #12803
INFO:full_node:[alice] Mined block #12804
INFO:full_node:[alice] Mined block #12805
INFO:full_node:[alice] Mined block #12806
INFO:full_node:[alice] Mined block #12807
INFO:full_node:[alice] Mined block #12808
INFO:full_node:[alice] Mined block #12809
INFO:full_node:[alice] Mined block #12810
INFO:full_node:[alice] Mined block #12811
INFO:full_node:[alice] Mined block #12812
INFO:full_node:[alice] Mined block #12813
INFO:full_node:[alice] Mined block #12814
INFO:full_node:[alice] Mined block #12815
INFO:full_node:[alice] Mined block #12816
INFO:full_node:[alice] Mined block #12817
INFO:full_node:[alice] Mined block #12818
INFO:full_node:[alice] Mined block #12819
INFO:full_node:[alice] Mined block #12820
INFO:full_node:[alice] Mined block #12821
INFO:full_node:[alice] Mined block #12822
INFO:full_node:[alice] Mined block #12823
INFO:full_node:[alice] Mined block #12824
INFO:full_node:[alice] Mined block #12825
INFO:full_node:[alice] Mined block #12826
INFO:full_node:[alice] Mined block #12827
INFO:full_node:[alice] Mined block #12828
INFO:full_node:[alice] Mined block #12829
INFO:full_node:[alice] Mined block #12830
INFO:full_node:[alice] Mined block #12831
INFO:full_node:[alice] Mined block #12832
INFO:full_node:[alice] Mined block #12833
INFO:full_node:[alice] Mined block #12834
INFO:full_node:[alice] Mined block #12835
INFO:full_node:[alice] Mined block #12836
INFO:full_node:[alice] Mined block #12837
INFO:full_node:[alice] Mined block #12838
INFO:full_node:[alice] Mined block #12839
INFO:full_node:[alice] Mined block #12840
INFO:full_node:[alice] Mined block #12841
INFO:full_node:[alice] Mined block #12842
INFO:full_node:[alice] Mined block #12843
INFO:full_node:[alice] Mined block #12844
INFO:full_node:[alice] Mined block #12845
INFO:full_node:[alice] Mined block #12846
INFO:full_node:[alice] Mined block #12847
INFO:full_node:[alice] Mined block #12848
INFO:full_node:[alice] Mined block #12849
INFO:full_node:[alice] Mined block #12850
INFO:full_node:[alice] Mined block #12851
INFO:full_node:[alice] Mined block #12852
INFO:full_node:[alice] Mined block #12853
INFO:full_node:[alice] Mined block #12854
INFO:full_node:[alice] Mined block #12855
INFO:full_node:[alice] Mined block #12856
INFO:full_node:[alice] Mined block #12857
INFO:full_node:[alice] Mined block #12858
INFO:full_node:[alice] Mined block #12859
INFO:full_node:[alice] Mined block #12860
INFO:full_node:[alice] Mined block #12861
INFO:full_node:[alice] Mined block #12862
INFO:full_node:[alice] Mined block #12863
INFO:full_node:[alice] Mined block #12864
INFO:full_node:[alice] Mined block #12865
INFO:full_node:[alice] Mined block #12866
INFO:full_node:[alice] Mined block #12867
INFO:full_node:[alice] Mined block #12868
INFO:full_node:[alice] Mined block #12869
INFO:full_node:[alice] Mined block #12870
INFO:full_node:[alice] Mined block #12871
INFO:full_node:[alice] Mined block #12872
INFO:full_node:[alice] Mined block #12873
INFO:full_node:[alice] Mined block #12874
INFO:full_node:[alice] Mined block #12875
INFO:full_node:[alice] Mined block #12876
INFO:full_node:[alice] Mined block #12877
INFO:full_node:[alice] Mined block #12878
INFO:full_node:[alice] Mined block #12879
INFO:full_node:[alice] Mined block #12880
INFO:full_node:[alice] Mined block #12881
INFO:full_node:[alice] Mined block #12882
INFO:full_node:[alice] Mined block #12883
INFO:full_node:[alice] Mined block #12884
INFO:full_node:[alice] Mined block #12885
INFO:full_node:[alice] Mined block #12886
INFO:full_node:[alice] Mined block #12887
INFO:full_node:[alice] Mined block #12888
INFO:full_node:[alice] Mined block #12889
INFO:full_node:[alice] Mined block #12890
INFO:full_node:[alice] Mined block #12891
INFO:full_node:[alice] Mined block #12892
INFO:full_node:[alice] Mined block #12893
INFO:full_node:[alice] Mined block #12894
INFO:full_node:[alice] Mined block #12895
INFO:full_node:[alice] Mined block #12896
INFO:full_node:[alice] Mined block #12897
INFO:full_node:[alice] Mined block #12898
INFO:full_node:[alice] Mined block #12899
INFO:full_node:[alice] Mined block #12900
INFO:full_node:[alice] Mined block #12901
INFO:full_node:[alice] Mined block #12902
INFO:full_node:[alice] Mined block #12903
INFO:full_node:[alice] Mined block #12904
INFO:full_node:[alice] Mined block #12905
INFO:full_node:[alice] Mined block #12906
INFO:full_node:[alice] Mined block #12907
INFO:full_node:[alice] Mined block #12908
INFO:full_node:[alice] Mined block #12909
INFO:full_node:[alice] Mined block #12910
INFO:full_node:[alice] Mined block #12911
INFO:full_node:[alice] Mined block #12912
INFO:full_node:[alice] Mined block #12913
INFO:full_node:[alice] Mined block #12914
INFO:full_node:[alice] Mined block #12915
INFO:full_node:[alice] Mined block #12916
INFO:full_node:[alice] Mined block #12917
INFO:full_node:[alice] Mined block #12918
INFO:full_node:[alice] Mined block #12919
INFO:full_node:[alice] Mined block #12920
INFO:full_node:[alice] Mined block #12921
INFO:full_node:[alice] Mined block #12922
INFO:full_node:[alice] Mined block #12923
INFO:full_node:[alice] Mined block #12924
INFO:full_node:[alice] Mined block #12925
INFO:full_node:[alice] Mined block #12926
INFO:full_node:[alice] Mined block #12927
INFO:full_node:[alice] Mined block #12928
INFO:full_node:[alice] Mined block #12929
INFO:full_node:[alice] Mined block #12930
INFO:full_node:[alice] Mined block #12931
INFO:full_node:[alice] Mined block #12932
INFO:full_node:[alice] Mined block #12933
INFO:full_node:[alice] Mined block #12934
INFO:full_node:[alice] Mined block #12935
INFO:full_node:[alice] Mined block #12936
INFO:full_node:[alice] Mined block #12937
INFO:full_node:[alice] Mined block #12938
INFO:full_node:[alice] Mined block #12939
INFO:full_node:[alice] Mined block #12940
INFO:full_node:[alice] Mined block #12941
INFO:full_node:[alice] Mined block #12942
INFO:full_node:[alice] Mined block #12943
INFO:full_node:[alice] Mined block #12944
INFO:full_node:[alice] Mined block #12945
INFO:full_node:[alice] Mined block #12946
INFO:full_node:[alice] Mined block #12947
INFO:full_node:[alice] Mined block #12948
INFO:full_node:[alice] Mined block #12949
INFO:full_node:[alice] Mined block #12950
INFO:full_node:[alice] Mined block #12951
INFO:full_node:[alice] Mined block #12952
INFO:full_node:[alice] Mined block #12953
INFO:full_node:[alice] Mined block #12954
INFO:full_node:[alice] Mined block #12955
INFO:full_node:[alice] Mined block #12956
INFO:full_node:[alice] Mined block #12957
INFO:full_node:[alice] Mined block #12958
INFO:full_node:[alice] Mined block #12959
INFO:full_node:[alice] Mined block #12960
INFO:full_node:[alice] Mined block #12961
INFO:full_node:[alice] Mined block #12962
INFO:full_node:[alice] Mined block #12963
INFO:full_node:[alice] Mined block #12964
INFO:full_node:[alice] Mined block #12965
INFO:full_node:[alice] Mined block #12966
INFO:full_node:[alice] Mined block #12967
INFO:full_node:[alice] Mined block #12968
INFO:full_node:[alice] Mined block #12969
INFO:full_node:[alice] Mined block #12970
INFO:full_node:[alice] Mined block #12971
INFO:full_node:[alice] Mined block #12972
INFO:full_node:[alice] Mined block #12973
INFO:full_node:[alice] Mined block #12974
INFO:full_node:[alice] Mined block #12975
INFO:full_node:[alice] Mined block #12976
INFO:full_node:[alice] Mined block #12977
INFO:full_node:[alice] Mined block #12978
INFO:full_node:[alice] Mined block #12979
INFO:full_node:[alice] Mined block #12980
INFO:full_node:[alice] Mined block #12981
INFO:full_node:[alice] Mined block #12982
INFO:full_node:[alice] Mined block #12983
INFO:full_node:[alice] Mined block #12984
INFO:full_node:[alice] Mined block #12985
INFO:full_node:[alice] Mined block #12986
INFO:full_node:[alice] Mined block #12987
INFO:full_node:[alice] Mined block #12988
INFO:full_node:[alice] Mined block #12989
INFO:full_node:[alice] Mined block #12990
INFO:full_node:[alice] Mined block #12991
INFO:full_node:[alice] Mined block #12992
INFO:full_node:[alice] Mined block #12993
INFO:full_node:[alice] Mined block #12994
INFO:full_node:[alice] Mined block #12995
INFO:full_node:[alice] Mined block #12996
INFO:full_node:[alice] Mined block #12997
INFO:full_node:[alice] Mined block #12998
INFO:full_node:[alice] Mined block #12999
INFO:full_node:[alice] Mined block #13000
INFO:full_node:[alice] Mined block #13001
INFO:full_node:[alice] Mined block #13002
INFO:full_node:[alice] Mined block #13003
INFO:full_node:[alice] Mined block #13004
INFO:full_node:[alice] Mined block #13005
INFO:full_node:[alice] Mined block #13006
INFO:full_node:[alice] Mined block #13007
INFO:full_node:[alice] Mined block #13008
INFO:full_node:[alice] Mined block #13009
INFO:full_node:[alice] Mined block #13010
INFO:full_node:[alice] Mined block #13011
INFO:full_node:[alice] Mined block #13012
INFO:full_node:[alice] Mined block #13013
INFO:full_node:[alice] Mined block #13014
INFO:full_node:[alice] Mined block #13015
INFO:full_node:[alice] Mined block #13016
INFO:full_node:[alice] Mined block #13017
INFO:full_node:[alice] Mined block #13018
INFO:full_node:[alice] Mined block #13019
INFO:full_node:[alice] Mined block #13020
INFO:full_node:[alice] Mined block #13021
INFO:full_node:[alice] Mined block #13022
INFO:full_node:[alice] Mined block #13023
INFO:full_node:[alice] Mined block #13024
INFO:full_node:[alice] Mined block #13025
INFO:full_node:[alice] Mined block #13026
INFO:full_node:[alice] Mined block #13027
INFO:full_node:[alice] Mined block #13028
INFO:full_node:[alice] Mined block #13029
INFO:full_node:[alice] Mined block #13030
INFO:full_node:[alice] Mined block #13031
INFO:full_node:[alice] Mined block #13032
INFO:full_node:[alice] Mined block #13033
INFO:full_node:[alice] Mined block #13034
INFO:full_node:[alice] Mined block #13035
INFO:full_node:[alice] Mined block #13036
INFO:full_node:[alice] Mined block #13037
INFO:full_node:[alice] Mined block #13038
INFO:full_node:[alice] Mined block #13039
INFO:full_node:[alice] Mined block #13040
INFO:full_node:[alice] Mined block #13041
INFO:full_node:[alice] Mined block #13042
INFO:full_node:[alice] Mined block #13043
INFO:full_node:[alice] Mined block #13044
INFO:full_node:[alice] Mined block #13045
INFO:full_node:[alice] Mined block #13046
INFO:full_node:[alice] Mined block #13047
INFO:full_node:[alice] Mined block #13048
INFO:full_node:[alice] Mined block #13049
INFO:full_node:[alice] Mined block #13050
INFO:full_node:[alice] Mined block #13051
INFO:full_node:[alice] Mined block #13052
INFO:full_node:[alice] Mined block #13053
INFO:full_node:[alice] Mined block #13054
INFO:full_node:[alice] Mined block #13055
INFO:full_node:[alice] Mined block #13056
INFO:full_node:[alice] Mined block #13057
INFO:full_node:[alice] Mined block #13058
INFO:full_node:[alice] Mined block #13059
INFO:full_node:[alice] Mined block #13060
INFO:full_node:[alice] Mined block #13061
INFO:full_node:[alice] Mined block #13062
INFO:full_node:[alice] Mined block #13063
INFO:full_node:[alice] Mined block #13064
INFO:full_node:[alice] Mined block #13065
INFO:full_node:[alice] Mined block #13066
INFO:full_node:[alice] Mined block #13067
INFO:full_node:[alice] Mined block #13068
INFO:full_node:[alice] Mined block #13069
INFO:full_node:[alice] Mined block #13070
INFO:full_node:[alice] Mined block #13071
INFO:full_node:[alice] Mined block #13072
INFO:full_node:[alice] Mined block #13073
INFO:full_node:[alice] Mined block #13074
INFO:full_node:[alice] Mined block #13075
INFO:full_node:[alice] Mined block #13076
INFO:full_node:[alice] Mined block #13077
INFO:full_node:[alice] Mined block #13078
INFO:full_node:[alice] Mined block #13079
INFO:full_node:[alice] Mined block #13080
INFO:full_node:[alice] Mined block #13081
INFO:full_node:[alice] Mined block #13082
INFO:full_node:[alice] Mined block #13083
INFO:full_node:[alice] Mined block #13084
INFO:full_node:[alice] Mined block #13085
INFO:full_node:[alice] Mined block #13086
INFO:full_node:[alice] Mined block #13087
INFO:full_node:[alice] Mined block #13088
INFO:full_node:[alice] Mined block #13089
INFO:full_node:[alice] Mined block #13090
INFO:full_node:[alice] Mined block #13091
INFO:full_node:[alice] Mined block #13092
INFO:full_node:[alice] Mined block #13093
INFO:full_node:[alice] Mined block #13094
INFO:full_node:[alice] Mined block #13095
INFO:full_node:[alice] Mined block #13096
INFO:full_node:[alice] Mined block #13097
INFO:full_node:[alice] Mined block #13098
INFO:full_node:[alice] Mined block #13099
INFO:full_node:[alice] Mined block #13100
INFO:full_node:[alice] Mined block #13101
INFO:full_node:[alice] Mined block #13102
INFO:full_node:[alice] Mined block #13103
INFO:full_node:[alice] Mined block #13104
INFO:full_node:[alice] Mined block #13105
INFO:full_node:[alice] Mined block #13106
INFO:full_node:[alice] Mined block #13107
INFO:full_node:[alice] Mined block #13108
INFO:full_node:[alice] Mined block #13109
INFO:full_node:[alice] Mined block #13110
INFO:full_node:[alice] Mined block #13111
INFO:full_node:[alice] Mined block #13112
INFO:full_node:[alice] Mined block #13113
INFO:full_node:[alice] Mined block #13114
INFO:full_node:[alice] Mined block #13115
INFO:full_node:[alice] Mined block #13116
INFO:full_node:[alice] Mined block #13117
INFO:full_node:[alice] Mined block #13118
INFO:full_node:[alice] Mined block #13119
INFO:full_node:[alice] Mined block #13120
INFO:full_node:[alice] Mined block #13121
INFO:full_node:[alice] Mined block #13122
INFO:full_node:[alice] Mined block #13123
INFO:full_node:[alice] Mined block #13124
INFO:full_node:[alice] Mined block #13125
INFO:full_node:[alice] Mined block #13126
INFO:full_node:[alice] Mined block #13127
INFO:full_node:[alice] Mined block #13128
INFO:full_node:[alice] Mined block #13129
INFO:full_node:[alice] Mined block #13130
INFO:full_node:[alice] Mined block #13131
INFO:full_node:[alice] Mined block #13132
INFO:full_node:[alice] Mined block #13133
INFO:full_node:[alice] Mined block #13134
INFO:full_node:[alice] Mined block #13135
INFO:full_node:[alice] Mined block #13136
INFO:full_node:[alice] Mined block #13137
INFO:full_node:[alice] Mined block #13138
INFO:full_node:[alice] Mined block #13139
INFO:full_node:[alice] Mined block #13140
INFO:full_node:[alice] Mined block #13141
INFO:full_node:[alice] Mined block #13142
INFO:full_node:[alice] Mined block #13143
INFO:full_node:[alice] Mined block #13144
INFO:full_node:[alice] Mined block #13145
INFO:full_node:[alice] Mined block #13146
INFO:full_node:[alice] Mined block #13147
INFO:full_node:[alice] Mined block #13148
INFO:full_node:[alice] Mined block #13149
INFO:full_node:[alice] Mined block #13150
INFO:full_node:[alice] Mined block #13151
INFO:full_node:[alice] Mined block #13152
INFO:full_node:[alice] Mined block #13153
INFO:full_node:[alice] Mined block #13154
INFO:full_node:[alice] Mined block #13155
INFO:full_node:[alice] Mined block #13156
INFO:full_node:[alice] Mined block #13157
INFO:full_node:[alice] Mined block #13158
INFO:full_node:[alice] Mined block #13159
INFO:full_node:[alice] Mined block #13160
INFO:full_node:[alice] Mined block #13161
INFO:full_node:[alice] Mined block #13162
INFO:full_node:[alice] Mined block #13163
INFO:full_node:[alice] Mined block #13164
INFO:full_node:[alice] Mined block #13165
INFO:full_node:[alice] Mined block #13166
INFO:full_node:[alice] Mined block #13167
INFO:full_node:[alice] Mined block #13168
INFO:full_node:[alice] Mined block #13169
INFO:full_node:[alice] Mined block #13170
INFO:full_node:[alice] Mined block #13171
INFO:full_node:[alice] Mined block #13172
INFO:full_node:[alice] Mined block #13173
INFO:full_node:[alice] Mined block #13174
INFO:full_node:[alice] Mined block #13175
INFO:full_node:[alice] Mined block #13176
INFO:full_node:[alice] Mined block #13177
INFO:full_node:[alice] Mined block #13178
INFO:full_node:[alice] Mined block #13179
INFO:full_node:[alice] Mined block #13180
INFO:full_node:[alice] Mined block #13181
INFO:full_node:[alice] Mined block #13182
INFO:full_node:[alice] Mined block #13183
INFO:full_node:[alice] Mined block #13184
INFO:full_node:[alice] Mined block #13185
INFO:full_node:[alice] Mined block #13186
INFO:full_node:[alice] Mined block #13187
INFO:full_node:[alice] Mined block #13188
INFO:full_node:[alice] Mined block #13189
INFO:full_node:[alice] Mined block #13190
INFO:full_node:[alice] Mined block #13191
INFO:full_node:[alice] Mined block #13192
INFO:full_node:[alice] Mined block #13193
INFO:full_node:[alice] Mined block #13194
INFO:full_node:[alice] Mined block #13195
INFO:full_node:[alice] Mined block #13196
INFO:full_node:[alice] Mined block #13197
INFO:full_node:[alice] Mined block #13198
INFO:full_node:[alice] Mined block #13199
INFO:full_node:[alice] Mined block #13200
INFO:full_node:[alice] Mined block #13201
INFO:full_node:[alice] Mined block #13202
INFO:full_node:[alice] Mined block #13203
INFO:full_node:[alice] Mined block #13204
INFO:full_node:[alice] Mined block #13205
INFO:full_node:[alice] Mined block #13206
INFO:full_node:[alice] Mined block #13207
INFO:full_node:[alice] Mined block #13208
INFO:full_node:[alice] Mined block #13209
INFO:full_node:[alice] Mined block #13210
INFO:full_node:[alice] Mined block #13211
INFO:full_node:[alice] Mined block #13212
INFO:full_node:[alice] Mined block #13213
INFO:full_node:[alice] Mined block #13214
INFO:full_node:[alice] Mined block #13215
INFO:full_node:[alice] Mined block #13216
INFO:full_node:[alice] Mined block #13217
INFO:full_node:[alice] Mined block #13218
INFO:full_node:[alice] Mined block #13219
INFO:full_node:[alice] Mined block #13220
INFO:full_node:[alice] Mined block #13221
INFO:full_node:[alice] Mined block #13222
INFO:full_node:[alice] Mined block #13223
INFO:full_node:[alice] Mined block #13224
INFO:full_node:[alice] Mined block #13225
INFO:full_node:[alice] Mined block #13226
INFO:full_node:[alice] Mined block #13227
INFO:full_node:[alice] Mined block #13228
INFO:full_node:[alice] Mined block #13229
INFO:full_node:[alice] Mined block #13230
INFO:full_node:[alice] Mined block #13231
INFO:full_node:[alice] Mined block #13232
INFO:full_node:[alice] Mined block #13233
INFO:full_node:[alice] Mined block #13234
INFO:full_node:[alice] Mined block #13235
INFO:full_node:[alice] Mined block #13236
INFO:full_node:[alice] Mined block #13237
INFO:full_node:[alice] Mined block #13238
INFO:full_node:[alice] Mined block #13239
INFO:full_node:[alice] Mined block #13240
INFO:full_node:[alice] Mined block #13241
INFO:full_node:[alice] Mined block #13242
INFO:full_node:[alice] Mined block #13243
INFO:full_node:[alice] Mined block #13244
INFO:full_node:[alice] Mined block #13245
INFO:full_node:[alice] Mined block #13246
INFO:full_node:[alice] Mined block #13247
INFO:full_node:[alice] Mined block #13248
INFO:full_node:[alice] Mined block #13249
INFO:full_node:[alice] Mined block #13250
INFO:full_node:[alice] Mined block #13251
INFO:full_node:[alice] Mined block #13252
INFO:full_node:[alice] Mined block #13253
INFO:full_node:[alice] Mined block #13254
INFO:full_node:[alice] Mined block #13255
INFO:full_node:[alice] Mined block #13256
INFO:full_node:[alice] Mined block #13257
INFO:full_node:[alice] Mined block #13258
INFO:full_node:[alice] Mined block #13259
INFO:full_node:[alice] Mined block #13260
INFO:full_node:[alice] Mined block #13261
INFO:full_node:[alice] Mined block #13262
INFO:full_node:[alice] Mined block #13263
INFO:full_node:[alice] Mined block #13264
INFO:full_node:[alice] Mined block #13265
INFO:full_node:[alice] Mined block #13266
INFO:full_node:[alice] Mined block #13267
INFO:full_node:[alice] Mined block #13268
INFO:full_node:[alice] Mined block #13269
INFO:full_node:[alice] Mined block #13270
INFO:full_node:[alice] Mined block #13271
INFO:full_node:[alice] Mined block #13272
INFO:full_node:[alice] Mined block #13273
INFO:full_node:[alice] Mined block #13274
INFO:full_node:[alice] Mined block #13275
INFO:full_node:[alice] Mined block #13276
INFO:full_node:[alice] Mined block #13277
INFO:full_node:[alice] Mined block #13278
INFO:full_node:[alice] Mined block #13279
INFO:full_node:[alice] Mined block #13280
INFO:full_node:[alice] Mined block #13281
INFO:full_node:[alice] Mined block #13282
INFO:full_node:[alice] Mined block #13283
INFO:full_node:[alice] Mined block #13284
INFO:full_node:[alice] Mined block #13285
INFO:full_node:[alice] Mined block #13286
INFO:full_node:[alice] Mined block #13287
INFO:full_node:[alice] Mined block #13288
INFO:full_node:[alice] Mined block #13289
INFO:full_node:[alice] Mined block #13290
INFO:full_node:[alice] Mined block #13291
INFO:full_node:[alice] Mined block #13292
INFO:full_node:[alice] Mined block #13293
INFO:full_node:[alice] Mined block #13294
INFO:full_node:[alice] Mined block #13295
INFO:full_node:[alice] Mined block #13296
INFO:full_node:[alice] Mined block #13297
INFO:full_node:[alice] Mined block #13298
INFO:full_node:[alice] Mined block #13299
INFO:full_node:[alice] Mined block #13300
INFO:full_node:[alice] Mined block #13301
INFO:full_node:[alice] Mined block #13302
INFO:full_node:[alice] Mined block #13303
INFO:full_node:[alice] Mined block #13304
INFO:full_node:[alice] Mined block #13305
INFO:full_node:[alice] Mined block #13306
INFO:full_node:[alice] Mined block #13307
INFO:full_node:[alice] Mined block #13308
INFO:full_node:[alice] Mined block #13309
INFO:full_node:[alice] Mined block #13310
INFO:full_node:[alice] Mined block #13311
INFO:full_node:[alice] Mined block #13312
INFO:full_node:[alice] Mined block #13313
INFO:full_node:[alice] Mined block #13314
INFO:full_node:[alice] Mined block #13315
INFO:full_node:[alice] Mined block #13316
INFO:full_node:[alice] Mined block #13317
INFO:full_node:[alice] Mined block #13318
INFO:full_node:[alice] Mined block #13319
INFO:full_node:[alice] Mined block #13320
INFO:full_node:[alice] Mined block #13321
INFO:full_node:[alice] Mined block #13322
INFO:full_node:[alice] Mined block #13323
INFO:full_node:[alice] Mined block #13324
INFO:full_node:[alice] Mined block #13325
INFO:full_node:[alice] Mined block #13326
INFO:full_node:[alice] Mined block #13327
INFO:full_node:[alice] Mined block #13328
INFO:full_node:[alice] Mined block #13329
INFO:full_node:[alice] Mined block #13330
INFO:full_node:[alice] Mined block #13331
INFO:full_node:[alice] Mined block #13332
INFO:full_node:[alice] Mined block #13333
INFO:full_node:[alice] Mined block #13334
INFO:full_node:[alice] Mined block #13335
INFO:full_node:[alice] Mined block #13336
INFO:full_node:[alice] Mined block #13337
INFO:full_node:[alice] Mined block #13338
INFO:full_node:[alice] Mined block #13339
INFO:full_node:[alice] Mined block #13340
INFO:full_node:[alice] Mined block #13341
INFO:full_node:[alice] Mined block #13342
INFO:full_node:[alice] Mined block #13343
INFO:full_node:[alice] Mined block #13344
INFO:full_node:[alice] Mined block #13345
INFO:full_node:[alice] Mined block #13346
INFO:full_node:[alice] Mined block #13347
INFO:full_node:[alice] Mined block #13348
INFO:full_node:[alice] Mined block #13349
INFO:full_node:[alice] Mined block #13350
INFO:full_node:[alice] Mined block #13351
INFO:full_node:[alice] Mined block #13352
INFO:full_node:[alice] Mined block #13353
INFO:full_node:[alice] Mined block #13354
INFO:full_node:[alice] Mined block #13355
INFO:full_node:[alice] Mined block #13356
INFO:full_node:[alice] Mined block #13357
INFO:full_node:[alice] Mined block #13358
INFO:full_node:[alice] Mined block #13359
INFO:full_node:[alice] Mined block #13360
INFO:full_node:[alice] Mined block #13361
INFO:full_node:[alice] Mined block #13362
INFO:full_node:[alice] Mined block #13363
INFO:full_node:[alice] Mined block #13364
INFO:full_node:[alice] Mined block #13365
INFO:full_node:[alice] Mined block #13366
INFO:full_node:[alice] Mined block #13367
INFO:full_node:[alice] Mined block #13368
INFO:full_node:[alice] Mined block #13369
INFO:full_node:[alice] Mined block #13370
INFO:full_node:[alice] Mined block #13371
INFO:full_node:[alice] Mined block #13372
INFO:full_node:[alice] Mined block #13373
INFO:full_node:[alice] Mined block #13374
INFO:full_node:[alice] Mined block #13375
INFO:full_node:[alice] Mined block #13376
INFO:full_node:[alice] Mined block #13377
INFO:full_node:[alice] Mined block #13378
INFO:full_node:[alice] Mined block #13379
INFO:full_node:[alice] Mined block #13380
INFO:full_node:[alice] Mined block #13381
INFO:full_node:[alice] Mined block #13382
INFO:full_node:[alice] Mined block #13383
INFO:full_node:[alice] Mined block #13384
INFO:full_node:[alice] Mined block #13385
INFO:full_node:[alice] Mined block #13386
INFO:full_node:[alice] Mined block #13387
INFO:full_node:[alice] Mined block #13388
INFO:full_node:[alice] Mined block #13389
INFO:full_node:[alice] Mined block #13390
INFO:full_node:[alice] Mined block #13391
INFO:full_node:[alice] Mined block #13392
INFO:full_node:[alice] Mined block #13393
INFO:full_node:[alice] Mined block #13394
INFO:full_node:[alice] Mined block #13395
INFO:full_node:[alice] Mined block #13396
INFO:full_node:[alice] Mined block #13397
INFO:full_node:[alice] Mined block #13398
INFO:full_node:[alice] Mined block #13399
INFO:full_node:[alice] Mined block #13400
INFO:full_node:[alice] Mined block #13401
INFO:full_node:[alice] Mined block #13402
INFO:full_node:[alice] Mined block #13403
INFO:full_node:[alice] Mined block #13404
INFO:full_node:[alice] Mined block #13405
INFO:full_node:[alice] Mined block #13406
INFO:full_node:[alice] Mined block #13407
INFO:full_node:[alice] Mined block #13408
INFO:full_node:[alice] Mined block #13409
INFO:full_node:[alice] Mined block #13410
INFO:full_node:[alice] Mined block #13411
INFO:full_node:[alice] Mined block #13412
INFO:full_node:[alice] Mined block #13413
INFO:full_node:[alice] Mined block #13414
INFO:full_node:[alice] Mined block #13415
INFO:full_node:[alice] Mined block #13416
INFO:full_node:[alice] Mined block #13417
INFO:full_node:[alice] Mined block #13418
INFO:full_node:[alice] Mined block #13419
INFO:full_node:[alice] Mined block #13420
INFO:full_node:[alice] Mined block #13421
INFO:full_node:[alice] Mined block #13422
INFO:full_node:[alice] Mined block #13423
INFO:full_node:[alice] Mined block #13424
INFO:full_node:[alice] Mined block #13425
INFO:full_node:[alice] Mined block #13426
INFO:full_node:[alice] Mined block #13427
INFO:full_node:[alice] Mined block #13428
INFO:full_node:[alice] Mined block #13429
INFO:full_node:[alice] Mined block #13430
INFO:full_node:[alice] Mined block #13431
INFO:full_node:[alice] Mined block #13432
INFO:full_node:[alice] Mined block #13433
INFO:full_node:[alice] Mined block #13434
INFO:full_node:[alice] Mined block #13435
INFO:full_node:[alice] Mined block #13436
INFO:full_node:[alice] Mined block #13437
INFO:full_node:[alice] Mined block #13438
INFO:full_node:[alice] Mined block #13439
INFO:full_node:[alice] Mined block #13440
INFO:full_node:[alice] Mined block #13441
INFO:full_node:[alice] Mined block #13442
INFO:full_node:[alice] Mined block #13443
INFO:full_node:[alice] Mined block #13444
INFO:full_node:[alice] Mined block #13445
INFO:full_node:[alice] Mined block #13446
INFO:full_node:[alice] Mined block #13447
INFO:full_node:[alice] Mined block #13448
INFO:full_node:[alice] Mined block #13449
INFO:full_node:[alice] Mined block #13450
INFO:full_node:[alice] Mined block #13451
INFO:full_node:[alice] Mined block #13452
INFO:full_node:[alice] Mined block #13453
INFO:full_node:[alice] Mined block #13454
INFO:full_node:[alice] Mined block #13455
INFO:full_node:[alice] Mined block #13456
INFO:full_node:[alice] Mined block #13457
INFO:full_node:[alice] Mined block #13458
INFO:full_node:[alice] Mined block #13459
INFO:full_node:[alice] Mined block #13460
INFO:full_node:[alice] Mined block #13461
INFO:full_node:[alice] Mined block #13462
INFO:full_node:[alice] Mined block #13463
INFO:full_node:[alice] Mined block #13464
INFO:full_node:[alice] Mined block #13465
INFO:full_node:[alice] Mined block #13466
INFO:full_node:[alice] Mined block #13467
INFO:full_node:[alice] Mined block #13468
INFO:full_node:[alice] Mined block #13469
INFO:full_node:[alice] Mined block #13470
INFO:full_node:[alice] Mined block #13471
INFO:full_node:[alice] Mined block #13472
INFO:full_node:[alice] Mined block #13473
INFO:full_node:[alice] Mined block #13474
INFO:full_node:[alice] Mined block #13475
INFO:full_node:[alice] Mined block #13476
INFO:full_node:[alice] Mined block #13477
INFO:full_node:[alice] Mined block #13478
INFO:full_node:[alice] Mined block #13479
INFO:full_node:[alice] Mined block #13480
INFO:full_node:[alice] Mined block #13481
INFO:full_node:[alice] Mined block #13482
INFO:full_node:[alice] Mined block #13483
INFO:full_node:[alice] Mined block #13484
INFO:full_node:[alice] Mined block #13485
INFO:full_node:[alice] Mined block #13486
INFO:full_node:[alice] Mined block #13487
INFO:full_node:[alice] Mined block #13488
INFO:full_node:[alice] Mined block #13489
INFO:full_node:[alice] Mined block #13490
INFO:full_node:[alice] Mined block #13491
INFO:full_node:[alice] Mined block #13492
INFO:full_node:[alice] Mined block #13493
INFO:full_node:[alice] Mined block #13494
INFO:full_node:[alice] Mined block #13495
INFO:full_node:[alice] Mined block #13496
INFO:full_node:[alice] Mined block #13497
INFO:full_node:[alice] Mined block #13498
INFO:full_node:[alice] Mined block #13499
INFO:full_node:[alice] Mined block #13500
INFO:full_node:[alice] Mined block #13501
INFO:full_node:[alice] Mined block #13502
INFO:full_node:[alice] Mined block #13503
INFO:full_node:[alice] Mined block #13504
INFO:full_node:[alice] Mined block #13505
INFO:full_node:[alice] Mined block #13506
INFO:full_node:[alice] Mined block #13507
INFO:full_node:[alice] Mined block #13508
INFO:full_node:[alice] Mined block #13509
INFO:full_node:[alice] Mined block #13510
INFO:full_node:[alice] Mined block #13511
INFO:full_node:[alice] Mined block #13512
INFO:full_node:[alice] Mined block #13513
INFO:full_node:[alice] Mined block #13514
INFO:full_node:[alice] Mined block #13515
INFO:full_node:[alice] Mined block #13516
INFO:full_node:[alice] Mined block #13517
INFO:full_node:[alice] Mined block #13518
INFO:full_node:[alice] Mined block #13519
INFO:full_node:[alice] Mined block #13520
INFO:full_node:[alice] Mined block #13521
INFO:full_node:[alice] Mined block #13522
INFO:full_node:[alice] Mined block #13523
INFO:full_node:[alice] Mined block #13524
INFO:full_node:[alice] Mined block #13525
INFO:full_node:[alice] Mined block #13526
INFO:full_node:[alice] Mined block #13527
INFO:full_node:[alice] Mined block #13528
INFO:full_node:[alice] Mined block #13529
INFO:full_node:[alice] Mined block #13530
INFO:full_node:[alice] Mined block #13531
INFO:full_node:[alice] Mined block #13532
INFO:full_node:[alice] Mined block #13533
INFO:full_node:[alice] Mined block #13534
INFO:full_node:[alice] Mined block #13535
INFO:full_node:[alice] Mined block #13536
INFO:full_node:[alice] Mined block #13537
INFO:full_node:[alice] Mined block #13538
INFO:full_node:[alice] Mined block #13539
INFO:full_node:[alice] Mined block #13540
INFO:full_node:[alice] Mined block #13541
INFO:full_node:[alice] Mined block #13542
INFO:full_node:[alice] Mined block #13543
INFO:full_node:[alice] Mined block #13544
INFO:full_node:[alice] Mined block #13545
INFO:full_node:[alice] Mined block #13546
INFO:full_node:[alice] Mined block #13547
INFO:full_node:[alice] Mined block #13548
INFO:full_node:[alice] Mined block #13549
INFO:full_node:[alice] Mined block #13550
INFO:full_node:[alice] Mined block #13551
INFO:full_node:[alice] Mined block #13552
INFO:full_node:[alice] Mined block #13553
INFO:full_node:[alice] Mined block #13554
INFO:full_node:[alice] Mined block #13555
INFO:full_node:[alice] Mined block #13556
INFO:full_node:[alice] Mined block #13557
INFO:full_node:[alice] Mined block #13558
INFO:full_node:[alice] Mined block #13559
INFO:full_node:[alice] Mined block #13560
INFO:full_node:[alice] Mined block #13561
INFO:full_node:[alice] Mined block #13562
INFO:full_node:[alice] Mined block #13563
INFO:full_node:[alice] Mined block #13564
INFO:full_node:[alice] Mined block #13565
INFO:full_node:[alice] Mined block #13566
INFO:full_node:[alice] Mined block #13567
INFO:full_node:[alice] Mined block #13568
INFO:full_node:[alice] Mined block #13569
INFO:full_node:[alice] Mined block #13570
INFO:full_node:[alice] Mined block #13571
INFO:full_node:[alice] Mined block #13572
INFO:full_node:[alice] Mined block #13573
INFO:full_node:[alice] Mined block #13574
INFO:full_node:[alice] Mined block #13575
INFO:full_node:[alice] Mined block #13576
INFO:full_node:[alice] Mined block #13577
INFO:full_node:[alice] Mined block #13578
INFO:full_node:[alice] Mined block #13579
INFO:full_node:[alice] Mined block #13580
INFO:full_node:[alice] Mined block #13581
INFO:full_node:[alice] Mined block #13582
INFO:full_node:[alice] Mined block #13583
INFO:full_node:[alice] Mined block #13584
INFO:full_node:[alice] Mined block #13585
INFO:full_node:[alice] Mined block #13586
INFO:full_node:[alice] Mined block #13587
INFO:full_node:[alice] Mined block #13588
INFO:full_node:[alice] Mined block #13589
INFO:full_node:[alice] Mined block #13590
INFO:full_node:[alice] Mined block #13591
INFO:full_node:[alice] Mined block #13592
INFO:full_node:[alice] Mined block #13593
INFO:full_node:[alice] Mined block #13594
INFO:full_node:[alice] Mined block #13595
INFO:full_node:[alice] Mined block #13596
INFO:full_node:[alice] Mined block #13597
INFO:full_node:[alice] Mined block #13598
INFO:full_node:[alice] Mined block #13599
INFO:full_node:[alice] Mined block #13600
INFO:full_node:[alice] Mined block #13601
INFO:full_node:[alice] Mined block #13602
INFO:full_node:[alice] Mined block #13603
INFO:full_node:[alice] Mined block #13604
INFO:full_node:[alice] Mined block #13605
INFO:full_node:[alice] Mined block #13606
INFO:full_node:[alice] Mined block #13607
INFO:full_node:[alice] Mined block #13608
INFO:full_node:[alice] Mined block #13609
INFO:full_node:[alice] Mined block #13610
INFO:full_node:[alice] Mined block #13611
INFO:full_node:[alice] Mined block #13612
INFO:full_node:[alice] Mined block #13613
INFO:full_node:[alice] Mined block #13614
INFO:full_node:[alice] Mined block #13615
INFO:full_node:[alice] Mined block #13616
INFO:full_node:[alice] Mined block #13617
INFO:full_node:[alice] Mined block #13618
INFO:full_node:[alice] Mined block #13619
INFO:full_node:[alice] Mined block #13620
INFO:full_node:[alice] Mined block #13621
INFO:full_node:[alice] Mined block #13622
INFO:full_node:[alice] Mined block #13623
INFO:full_node:[alice] Mined block #13624
INFO:full_node:[alice] Mined block #13625
INFO:full_node:[alice] Mined block #13626
INFO:full_node:[alice] Mined block #13627
INFO:full_node:[alice] Mined block #13628
INFO:full_node:[alice] Mined block #13629
INFO:full_node:[alice] Mined block #13630
INFO:full_node:[alice] Mined block #13631
INFO:full_node:[alice] Mined block #13632
INFO:full_node:[alice] Mined block #13633
INFO:full_node:[alice] Mined block #13634
INFO:full_node:[alice] Mined block #13635
INFO:full_node:[alice] Mined block #13636
INFO:full_node:[alice] Mined block #13637
INFO:full_node:[alice] Mined block #13638
INFO:full_node:[alice] Mined block #13639
INFO:full_node:[alice] Mined block #13640
INFO:full_node:[alice] Mined block #13641
INFO:full_node:[alice] Mined block #13642
INFO:full_node:[alice] Mined block #13643
INFO:full_node:[alice] Mined block #13644
INFO:full_node:[alice] Mined block #13645
INFO:full_node:[alice] Mined block #13646
INFO:full_node:[alice] Mined block #13647
INFO:full_node:[alice] Mined block #13648
INFO:full_node:[alice] Mined block #13649
INFO:full_node:[alice] Mined block #13650
INFO:full_node:[alice] Mined block #13651
INFO:full_node:[alice] Mined block #13652
INFO:full_node:[alice] Mined block #13653
INFO:full_node:[alice] Mined block #13654
INFO:full_node:[alice] Mined block #13655
INFO:full_node:[alice] Mined block #13656
INFO:full_node:[alice] Mined block #13657
INFO:full_node:[alice] Mined block #13658
INFO:full_node:[alice] Mined block #13659
INFO:full_node:[alice] Mined block #13660
INFO:full_node:[alice] Mined block #13661
INFO:full_node:[alice] Mined block #13662
INFO:full_node:[alice] Mined block #13663
INFO:full_node:[alice] Mined block #13664
INFO:full_node:[alice] Mined block #13665
INFO:full_node:[alice] Mined block #13666
INFO:full_node:[alice] Mined block #13667
INFO:full_node:[alice] Mined block #13668
INFO:full_node:[alice] Mined block #13669
INFO:full_node:[alice] Mined block #13670
INFO:full_node:[alice] Mined block #13671
INFO:full_node:[alice] Mined block #13672
INFO:full_node:[alice] Mined block #13673
INFO:full_node:[alice] Mined block #13674
INFO:full_node:[alice] Mined block #13675
INFO:full_node:[alice] Mined block #13676
INFO:full_node:[alice] Mined block #13677
INFO:full_node:[alice] Mined block #13678
INFO:full_node:[alice] Mined block #13679
INFO:full_node:[alice] Mined block #13680
INFO:full_node:[alice] Mined block #13681
INFO:full_node:[alice] Mined block #13682
INFO:full_node:[alice] Mined block #13683
INFO:full_node:[alice] Mined block #13684
INFO:full_node:[alice] Mined block #13685
INFO:full_node:[alice] Mined block #13686
INFO:full_node:[alice] Mined block #13687
INFO:full_node:[alice] Mined block #13688
INFO:full_node:[alice] Mined block #13689
INFO:full_node:[alice] Mined block #13690
INFO:full_node:[alice] Mined block #13691
INFO:full_node:[alice] Mined block #13692
INFO:full_node:[alice] Mined block #13693
INFO:full_node:[alice] Mined block #13694
INFO:full_node:[alice] Mined block #13695
INFO:full_node:[alice] Mined block #13696
INFO:full_node:[alice] Mined block #13697
INFO:full_node:[alice] Mined block #13698
INFO:full_node:[alice] Mined block #13699
INFO:full_node:[alice] Mined block #13700
INFO:full_node:[alice] Mined block #13701
INFO:full_node:[alice] Mined block #13702
INFO:full_node:[alice] Mined block #13703
INFO:full_node:[alice] Mined block #13704
INFO:full_node:[alice] Mined block #13705
INFO:full_node:[alice] Mined block #13706
INFO:full_node:[alice] Mined block #13707
INFO:full_node:[alice] Mined block #13708
INFO:full_node:[alice] Mined block #13709
INFO:full_node:[alice] Mined block #13710
INFO:full_node:[alice] Mined block #13711
INFO:full_node:[alice] Mined block #13712
INFO:full_node:[alice] Mined block #13713
INFO:full_node:[alice] Mined block #13714
INFO:full_node:[alice] Mined block #13715
INFO:full_node:[alice] Mined block #13716
INFO:full_node:[alice] Mined block #13717
INFO:full_node:[alice] Mined block #13718
INFO:full_node:[alice] Mined block #13719
INFO:full_node:[alice] Mined block #13720
INFO:full_node:[alice] Mined block #13721
INFO:full_node:[alice] Mined block #13722
INFO:full_node:[alice] Mined block #13723
INFO:full_node:[alice] Mined block #13724
INFO:full_node:[alice] Mined block #13725
INFO:full_node:[alice] Mined block #13726
INFO:full_node:[alice] Mined block #13727
INFO:full_node:[alice] Mined block #13728
INFO:full_node:[alice] Mined block #13729
INFO:full_node:[alice] Mined block #13730
INFO:full_node:[alice] Mined block #13731
INFO:full_node:[alice] Mined block #13732
INFO:full_node:[alice] Mined block #13733
INFO:full_node:[alice] Mined block #13734
INFO:full_node:[alice] Mined block #13735
INFO:full_node:[alice] Mined block #13736
INFO:full_node:[alice] Mined block #13737
INFO:full_node:[alice] Mined block #13738
INFO:full_node:[alice] Mined block #13739
INFO:full_node:[alice] Mined block #13740
INFO:full_node:[alice] Mined block #13741
INFO:full_node:[alice] Mined block #13742
INFO:full_node:[alice] Mined block #13743
INFO:full_node:[alice] Mined block #13744
INFO:full_node:[alice] Mined block #13745
INFO:full_node:[alice] Mined block #13746
INFO:full_node:[alice] Mined block #13747
INFO:full_node:[alice] Mined block #13748
INFO:full_node:[alice] Mined block #13749
INFO:full_node:[alice] Mined block #13750
INFO:full_node:[alice] Mined block #13751
INFO:full_node:[alice] Mined block #13752
INFO:full_node:[alice] Mined block #13753
INFO:full_node:[alice] Mined block #13754
INFO:full_node:[alice] Mined block #13755
INFO:full_node:[alice] Mined block #13756
INFO:full_node:[alice] Mined block #13757
INFO:full_node:[alice] Mined block #13758
INFO:full_node:[alice] Mined block #13759
INFO:full_node:[alice] Mined block #13760
INFO:full_node:[alice] Mined block #13761
INFO:full_node:[alice] Mined block #13762
INFO:full_node:[alice] Mined block #13763
INFO:full_node:[alice] Mined block #13764
INFO:full_node:[alice] Mined block #13765
INFO:full_node:[alice] Mined block #13766
INFO:full_node:[alice] Mined block #13767
INFO:full_node:[alice] Mined block #13768
INFO:full_node:[alice] Mined block #13769
INFO:full_node:[alice] Mined block #13770
INFO:full_node:[alice] Mined block #13771
INFO:full_node:[alice] Mined block #13772
INFO:full_node:[alice] Mined block #13773
INFO:full_node:[alice] Mined block #13774
INFO:full_node:[alice] Mined block #13775
INFO:full_node:[alice] Mined block #13776
INFO:full_node:[alice] Mined block #13777
INFO:full_node:[alice] Mined block #13778
INFO:full_node:[alice] Mined block #13779
INFO:full_node:[alice] Mined block #13780
INFO:full_node:[alice] Mined block #13781
INFO:full_node:[alice] Mined block #13782
INFO:full_node:[alice] Mined block #13783
INFO:full_node:[alice] Mined block #13784
INFO:full_node:[alice] Mined block #13785
INFO:full_node:[alice] Mined block #13786
INFO:full_node:[alice] Mined block #13787
INFO:full_node:[alice] Mined block #13788
INFO:full_node:[alice] Mined block #13789
INFO:full_node:[alice] Mined block #13790
INFO:full_node:[alice] Mined block #13791
INFO:full_node:[alice] Mined block #13792
INFO:full_node:[alice] Mined block #13793
INFO:full_node:[alice] Mined block #13794
INFO:full_node:[alice] Mined block #13795
INFO:full_node:[alice] Mined block #13796
INFO:full_node:[alice] Mined block #13797
INFO:full_node:[alice] Mined block #13798
INFO:full_node:[alice] Mined block #13799
INFO:full_node:[alice] Mined block #13800
INFO:full_node:[alice] Mined block #13801
INFO:full_node:[alice] Mined block #13802
INFO:full_node:[alice] Mined block #13803
INFO:full_node:[alice] Mined block #13804
INFO:full_node:[alice] Mined block #13805
INFO:full_node:[alice] Mined block #13806
INFO:full_node:[alice] Mined block #13807
INFO:full_node:[alice] Mined block #13808
INFO:full_node:[alice] Mined block #13809
INFO:full_node:[alice] Mined block #13810
INFO:full_node:[alice] Mined block #13811
INFO:full_node:[alice] Mined block #13812
INFO:full_node:[alice] Mined block #13813
INFO:full_node:[alice] Mined block #13814
INFO:full_node:[alice] Mined block #13815
INFO:full_node:[alice] Mined block #13816
INFO:full_node:[alice] Mined block #13817
INFO:full_node:[alice] Mined block #13818
INFO:full_node:[alice] Mined block #13819
INFO:full_node:[alice] Mined block #13820
INFO:full_node:[alice] Mined block #13821
INFO:full_node:[alice] Mined block #13822
INFO:full_node:[alice] Mined block #13823
INFO:full_node:[alice] Mined block #13824
INFO:full_node:[alice] Mined block #13825
INFO:full_node:[alice] Mined block #13826
INFO:full_node:[alice] Mined block #13827
INFO:full_node:[alice] Mined block #13828
INFO:full_node:[alice] Mined block #13829
INFO:full_node:[alice] Mined block #13830
INFO:full_node:[alice] Mined block #13831
INFO:full_node:[alice] Mined block #13832
INFO:full_node:[alice] Mined block #13833
INFO:full_node:[alice] Mined block #13834
INFO:full_node:[alice] Mined block #13835
INFO:full_node:[alice] Mined block #13836
INFO:full_node:[alice] Mined block #13837
INFO:full_node:[alice] Mined block #13838
INFO:full_node:[alice] Mined block #13839
INFO:full_node:[alice] Mined block #13840
INFO:full_node:[alice] Mined block #13841
INFO:full_node:[alice] Mined block #13842
INFO:full_node:[alice] Mined block #13843
INFO:full_node:[alice] Mined block #13844
INFO:full_node:[alice] Mined block #13845
INFO:full_node:[alice] Mined block #13846
INFO:full_node:[alice] Mined block #13847
INFO:full_node:[alice] Mined block #13848
INFO:full_node:[alice] Mined block #13849
INFO:full_node:[alice] Mined block #13850
INFO:full_node:[alice] Mined block #13851
INFO:full_node:[alice] Mined block #13852
INFO:full_node:[alice] Mined block #13853
INFO:full_node:[alice] Mined block #13854
INFO:full_node:[alice] Mined block #13855
INFO:full_node:[alice] Mined block #13856
INFO:full_node:[alice] Mined block #13857
INFO:full_node:[alice] Mined block #13858
INFO:full_node:[alice] Mined block #13859
INFO:full_node:[alice] Mined block #13860
INFO:full_node:[alice] Mined block #13861
INFO:full_node:[alice] Mined block #13862
INFO:full_node:[alice] Mined block #13863
INFO:full_node:[alice] Mined block #13864
INFO:full_node:[alice] Mined block #13865
INFO:full_node:[alice] Mined block #13866
INFO:full_node:[alice] Mined block #13867
INFO:full_node:[alice] Mined block #13868
INFO:full_node:[alice] Mined block #13869
INFO:full_node:[alice] Mined block #13870
INFO:full_node:[alice] Mined block #13871
INFO:full_node:[alice] Mined block #13872
INFO:full_node:[alice] Mined block #13873
INFO:full_node:[alice] Mined block #13874
INFO:full_node:[alice] Mined block #13875
INFO:full_node:[alice] Mined block #13876
INFO:full_node:[alice] Mined block #13877
INFO:full_node:[alice] Mined block #13878
INFO:full_node:[alice] Mined block #13879
INFO:full_node:[alice] Mined block #13880
INFO:full_node:[alice] Mined block #13881
INFO:full_node:[alice] Mined block #13882
INFO:full_node:[alice] Mined block #13883
INFO:full_node:[alice] Mined block #13884
INFO:full_node:[alice] Mined block #13885
INFO:full_node:[alice] Mined block #13886
INFO:full_node:[alice] Mined block #13887
INFO:full_node:[alice] Mined block #13888
INFO:full_node:[alice] Mined block #13889
INFO:full_node:[alice] Mined block #13890
INFO:full_node:[alice] Mined block #13891
INFO:full_node:[alice] Mined block #13892
INFO:full_node:[alice] Mined block #13893
INFO:full_node:[alice] Mined block #13894
INFO:full_node:[alice] Mined block #13895
INFO:full_node:[alice] Mined block #13896
INFO:full_node:[alice] Mined block #13897
INFO:full_node:[alice] Mined block #13898
INFO:full_node:[alice] Mined block #13899
INFO:full_node:[alice] Mined block #13900
INFO:full_node:[alice] Mined block #13901
INFO:full_node:[alice] Mined block #13902
INFO:full_node:[alice] Mined block #13903
INFO:full_node:[alice] Mined block #13904
INFO:full_node:[alice] Mined block #13905
INFO:full_node:[alice] Mined block #13906
INFO:full_node:[alice] Mined block #13907
INFO:full_node:[alice] Mined block #13908
INFO:full_node:[alice] Mined block #13909
INFO:full_node:[alice] Mined block #13910
INFO:full_node:[alice] Mined block #13911
INFO:full_node:[alice] Mined block #13912
INFO:full_node:[alice] Mined block #13913
INFO:full_node:[alice] Mined block #13914
INFO:full_node:[alice] Mined block #13915
INFO:full_node:[alice] Mined block #13916
INFO:full_node:[alice] Mined block #13917
INFO:full_node:[alice] Mined block #13918
INFO:full_node:[alice] Mined block #13919
INFO:full_node:[alice] Mined block #13920
INFO:full_node:[alice] Mined block #13921
INFO:full_node:[alice] Mined block #13922
INFO:full_node:[alice] Mined block #13923
INFO:full_node:[alice] Mined block #13924
INFO:full_node:[alice] Mined block #13925
INFO:full_node:[alice] Mined block #13926
INFO:full_node:[alice] Mined block #13927
INFO:full_node:[alice] Mined block #13928
INFO:full_node:[alice] Mined block #13929
INFO:full_node:[alice] Mined block #13930
INFO:full_node:[alice] Mined block #13931
INFO:full_node:[alice] Mined block #13932
INFO:full_node:[alice] Mined block #13933
INFO:full_node:[alice] Mined block #13934
INFO:full_node:[alice] Mined block #13935
INFO:full_node:[alice] Mined block #13936
INFO:full_node:[alice] Mined block #13937
INFO:full_node:[alice] Mined block #13938
INFO:full_node:[alice] Mined block #13939
INFO:full_node:[alice] Mined block #13940
INFO:full_node:[alice] Mined block #13941
INFO:full_node:[alice] Mined block #13942
INFO:full_node:[alice] Mined block #13943
INFO:full_node:[alice] Mined block #13944
INFO:full_node:[alice] Mined block #13945
INFO:full_node:[alice] Mined block #13946
INFO:full_node:[alice] Mined block #13947
INFO:full_node:[alice] Mined block #13948
INFO:full_node:[alice] Mined block #13949
INFO:full_node:[alice] Mined block #13950
INFO:full_node:[alice] Mined block #13951
INFO:full_node:[alice] Mined block #13952
INFO:full_node:[alice] Mined block #13953
INFO:full_node:[alice] Mined block #13954
INFO:full_node:[alice] Mined block #13955
INFO:full_node:[alice] Mined block #13956
INFO:full_node:[alice] Mined block #13957
INFO:full_node:[alice] Mined block #13958
INFO:full_node:[alice] Mined block #13959
INFO:full_node:[alice] Mined block #13960
INFO:full_node:[alice] Mined block #13961
INFO:full_node:[alice] Mined block #13962
INFO:full_node:[alice] Mined block #13963
INFO:full_node:[alice] Mined block #13964
INFO:full_node:[alice] Mined block #13965
INFO:full_node:[alice] Mined block #13966
INFO:full_node:[alice] Mined block #13967
INFO:full_node:[alice] Mined block #13968
INFO:full_node:[alice] Mined block #13969
INFO:full_node:[alice] Mined block #13970
INFO:full_node:[alice] Mined block #13971
INFO:full_node:[alice] Mined block #13972
INFO:full_node:[alice] Mined block #13973
INFO:full_node:[alice] Mined block #13974
INFO:full_node:[alice] Mined block #13975
INFO:full_node:[alice] Mined block #13976
INFO:full_node:[alice] Mined block #13977
INFO:full_node:[alice] Mined block #13978
INFO:full_node:[alice] Mined block #13979
INFO:full_node:[alice] Mined block #13980
INFO:full_node:[alice] Mined block #13981
INFO:full_node:[alice] Mined block #13982
INFO:full_node:[alice] Mined block #13983
INFO:full_node:[alice] Mined block #13984
INFO:full_node:[alice] Mined block #13985
INFO:full_node:[alice] Mined block #13986
INFO:full_node:[alice] Mined block #13987
INFO:full_node:[alice] Mined block #13988
INFO:full_node:[alice] Mined block #13989
INFO:full_node:[alice] Mined block #13990
INFO:full_node:[alice] Mined block #13991
INFO:full_node:[alice] Mined block #13992
INFO:full_node:[alice] Mined block #13993
INFO:full_node:[alice] Mined block #13994
INFO:full_node:[alice] Mined block #13995
INFO:full_node:[alice] Mined block #13996
INFO:full_node:[alice] Mined block #13997
INFO:full_node:[alice] Mined block #13998
INFO:full_node:[alice] Mined block #13999
INFO:full_node:[alice] Mined block #14000
INFO:full_node:[alice] Mined block #14001
INFO:full_node:[alice] Mined block #14002
INFO:full_node:[alice] Mined block #14003
INFO:full_node:[alice] Mined block #14004
INFO:full_node:[alice] Mined block #14005
INFO:full_node:[alice] Mined block #14006
INFO:full_node:[alice] Mined block #14007
INFO:full_node:[alice] Mined block #14008
INFO:full_node:[alice] Mined block #14009
INFO:full_node:[alice] Mined block #14010
INFO:full_node:[alice] Mined block #14011
INFO:full_node:[alice] Mined block #14012
INFO:full_node:[alice] Mined block #14013
INFO:full_node:[alice] Mined block #14014
INFO:full_node:[alice] Mined block #14015
INFO:full_node:[alice] Mined block #14016
INFO:full_node:[alice] Mined block #14017
INFO:full_node:[alice] Mined block #14018
INFO:full_node:[alice] Mined block #14019
INFO:full_node:[alice] Mined block #14020
INFO:full_node:[alice] Mined block #14021
INFO:full_node:[alice] Mined block #14022
INFO:full_node:[alice] Mined block #14023
INFO:full_node:[alice] Mined block #14024
INFO:full_node:[alice] Mined block #14025
INFO:full_node:[alice] Mined block #14026
INFO:full_node:[alice] Mined block #14027
INFO:full_node:[alice] Mined block #14028
INFO:full_node:[alice] Mined block #14029
INFO:full_node:[alice] Mined block #14030
INFO:full_node:[alice] Mined block #14031
INFO:full_node:[alice] Mined block #14032
INFO:full_node:[alice] Mined block #14033
INFO:full_node:[alice] Mined block #14034
INFO:full_node:[alice] Mined block #14035
INFO:full_node:[alice] Mined block #14036
INFO:full_node:[alice] Mined block #14037
INFO:full_node:[alice] Mined block #14038
INFO:full_node:[alice] Mined block #14039
INFO:full_node:[alice] Mined block #14040
INFO:full_node:[alice] Mined block #14041
INFO:full_node:[alice] Mined block #14042
INFO:full_node:[alice] Mined block #14043
INFO:full_node:[alice] Mined block #14044
INFO:full_node:[alice] Mined block #14045
INFO:full_node:[alice] Mined block #14046
INFO:full_node:[alice] Mined block #14047
INFO:full_node:[alice] Mined block #14048
INFO:full_node:[alice] Mined block #14049
INFO:full_node:[alice] Mined block #14050
INFO:full_node:[alice] Mined block #14051
INFO:full_node:[alice] Mined block #14052
INFO:full_node:[alice] Mined block #14053
INFO:full_node:[alice] Mined block #14054
INFO:full_node:[alice] Mined block #14055
INFO:full_node:[alice] Mined block #14056
INFO:full_node:[alice] Mined block #14057
INFO:full_node:[alice] Mined block #14058
INFO:full_node:[alice] Mined block #14059
INFO:full_node:[alice] Mined block #14060
INFO:full_node:[alice] Mined block #14061
INFO:full_node:[alice] Mined block #14062
INFO:full_node:[alice] Mined block #14063
INFO:full_node:[alice] Mined block #14064
INFO:full_node:[alice] Mined block #14065
INFO:full_node:[alice] Mined block #14066
INFO:full_node:[alice] Mined block #14067
INFO:full_node:[alice] Mined block #14068
INFO:full_node:[alice] Mined block #14069
INFO:full_node:[alice] Mined block #14070
INFO:full_node:[alice] Mined block #14071
INFO:full_node:[alice] Mined block #14072
INFO:full_node:[alice] Mined block #14073
INFO:full_node:[alice] Mined block #14074
INFO:full_node:[alice] Mined block #14075
INFO:full_node:[alice] Mined block #14076
INFO:full_node:[alice] Mined block #14077
INFO:full_node:[alice] Mined block #14078
INFO:full_node:[alice] Mined block #14079
INFO:full_node:[alice] Mined block #14080
INFO:full_node:[alice] Mined block #14081
INFO:full_node:[alice] Mined block #14082
INFO:full_node:[alice] Mined block #14083
INFO:full_node:[alice] Mined block #14084
INFO:full_node:[alice] Mined block #14085
INFO:full_node:[alice] Mined block #14086
INFO:full_node:[alice] Mined block #14087
INFO:full_node:[alice] Mined block #14088
INFO:full_node:[alice] Mined block #14089
INFO:full_node:[alice] Mined block #14090
INFO:full_node:[alice] Mined block #14091
INFO:full_node:[alice] Mined block #14092
INFO:full_node:[alice] Mined block #14093
INFO:full_node:[alice] Mined block #14094
INFO:full_node:[alice] Mined block #14095
INFO:full_node:[alice] Mined block #14096
INFO:full_node:[alice] Mined block #14097
INFO:full_node:[alice] Mined block #14098
INFO:full_node:[alice] Mined block #14099
INFO:full_node:[alice] Mined block #14100
INFO:full_node:[alice] Mined block #14101
INFO:full_node:[alice] Mined block #14102
INFO:full_node:[alice] Mined block #14103
INFO:full_node:[alice] Mined block #14104
INFO:full_node:[alice] Mined block #14105
INFO:full_node:[alice] Mined block #14106
INFO:full_node:[alice] Mined block #14107
INFO:full_node:[alice] Mined block #14108
INFO:full_node:[alice] Mined block #14109
INFO:full_node:[alice] Mined block #14110
INFO:full_node:[alice] Mined block #14111
INFO:full_node:[alice] Mined block #14112
INFO:full_node:[alice] Mined block #14113
INFO:full_node:[alice] Mined block #14114
INFO:full_node:[alice] Mined block #14115
INFO:full_node:[alice] Mined block #14116
INFO:full_node:[alice] Mined block #14117
INFO:full_node:[alice] Mined block #14118
INFO:full_node:[alice] Mined block #14119
INFO:full_node:[alice] Mined block #14120
INFO:full_node:[alice] Mined block #14121
INFO:full_node:[alice] Mined block #14122
INFO:full_node:[alice] Mined block #14123
INFO:full_node:[alice] Mined block #14124
INFO:full_node:[alice] Mined block #14125
INFO:full_node:[alice] Mined block #14126
INFO:full_node:[alice] Mined block #14127
INFO:full_node:[alice] Mined block #14128
INFO:full_node:[alice] Mined block #14129
INFO:full_node:[alice] Mined block #14130
INFO:full_node:[alice] Mined block #14131
INFO:full_node:[alice] Mined block #14132
INFO:full_node:[alice] Mined block #14133
INFO:full_node:[alice] Mined block #14134
INFO:full_node:[alice] Mined block #14135
INFO:full_node:[alice] Mined block #14136
INFO:full_node:[alice] Mined block #14137
INFO:full_node:[alice] Mined block #14138
INFO:full_node:[alice] Mined block #14139
INFO:full_node:[alice] Mined block #14140
INFO:full_node:[alice] Mined block #14141
INFO:full_node:[alice] Mined block #14142
INFO:full_node:[alice] Mined block #14143
INFO:full_node:[alice] Mined block #14144
INFO:full_node:[alice] Mined block #14145
INFO:full_node:[alice] Mined block #14146
INFO:full_node:[alice] Mined block #14147
INFO:full_node:[alice] Mined block #14148
INFO:full_node:[alice] Mined block #14149
INFO:full_node:[alice] Mined block #14150
INFO:full_node:[alice] Mined block #14151
INFO:full_node:[alice] Mined block #14152
INFO:full_node:[alice] Mined block #14153
INFO:full_node:[alice] Mined block #14154
INFO:full_node:[alice] Mined block #14155
INFO:full_node:[alice] Mined block #14156
INFO:full_node:[alice] Mined block #14157
INFO:full_node:[alice] Mined block #14158
INFO:full_node:[alice] Mined block #14159
INFO:full_node:[alice] Mined block #14160
INFO:full_node:[alice] Mined block #14161
INFO:full_node:[alice] Mined block #14162
INFO:full_node:[alice] Mined block #14163
INFO:full_node:[alice] Mined block #14164
INFO:full_node:[alice] Mined block #14165
INFO:full_node:[alice] Mined block #14166
INFO:full_node:[alice] Mined block #14167
INFO:full_node:[alice] Mined block #14168
INFO:full_node:[alice] Mined block #14169
INFO:full_node:[alice] Mined block #14170
INFO:full_node:[alice] Mined block #14171
INFO:full_node:[alice] Mined block #14172
INFO:full_node:[alice] Mined block #14173
INFO:full_node:[alice] Mined block #14174
INFO:full_node:[alice] Mined block #14175
INFO:full_node:[alice] Mined block #14176
INFO:full_node:[alice] Mined block #14177
INFO:full_node:[alice] Mined block #14178
INFO:full_node:[alice] Mined block #14179
INFO:full_node:[alice] Mined block #14180
INFO:full_node:[alice] Mined block #14181
INFO:full_node:[alice] Mined block #14182
INFO:full_node:[alice] Mined block #14183
INFO:full_node:[alice] Mined block #14184
INFO:full_node:[alice] Mined block #14185
INFO:full_node:[alice] Mined block #14186
INFO:full_node:[alice] Mined block #14187
INFO:full_node:[alice] Mined block #14188
INFO:full_node:[alice] Mined block #14189
INFO:full_node:[alice] Mined block #14190
INFO:full_node:[alice] Mined block #14191
INFO:full_node:[alice] Mined block #14192
INFO:full_node:[alice] Mined block #14193
INFO:full_node:[alice] Mined block #14194
INFO:full_node:[alice] Mined block #14195
INFO:full_node:[alice] Mined block #14196
INFO:full_node:[alice] Mined block #14197
INFO:full_node:[alice] Mined block #14198
INFO:full_node:[alice] Mined block #14199
INFO:full_node:[alice] Mined block #14200
INFO:full_node:[alice] Mined block #14201
INFO:full_node:[alice] Mined block #14202
INFO:full_node:[alice] Mined block #14203
INFO:full_node:[alice] Mined block #14204
INFO:full_node:[alice] Mined block #14205
INFO:full_node:[alice] Mined block #14206
INFO:full_node:[alice] Mined block #14207
INFO:full_node:[alice] Mined block #14208
INFO:full_node:[alice] Mined block #14209
INFO:full_node:[alice] Mined block #14210
INFO:full_node:[alice] Mined block #14211
INFO:full_node:[alice] Mined block #14212
INFO:full_node:[alice] Mined block #14213
INFO:full_node:[alice] Mined block #14214
INFO:full_node:[alice] Mined block #14215
INFO:full_node:[alice] Mined block #14216
INFO:full_node:[alice] Mined block #14217
INFO:full_node:[alice] Mined block #14218
INFO:full_node:[alice] Mined block #14219
INFO:full_node:[alice] Mined block #14220
INFO:full_node:[alice] Mined block #14221
INFO:full_node:[alice] Mined block #14222
INFO:full_node:[alice] Mined block #14223
INFO:full_node:[alice] Mined block #14224
INFO:full_node:[alice] Mined block #14225
INFO:full_node:[alice] Mined block #14226
INFO:full_node:[alice] Mined block #14227
INFO:full_node:[alice] Mined block #14228
INFO:full_node:[alice] Mined block #14229
INFO:full_node:[alice] Mined block #14230
INFO:full_node:[alice] Mined block #14231
INFO:full_node:[alice] Mined block #14232
INFO:full_node:[alice] Mined block #14233
INFO:full_node:[alice] Mined block #14234
INFO:full_node:[alice] Mined block #14235
INFO:full_node:[alice] Mined block #14236
INFO:full_node:[alice] Mined block #14237
INFO:full_node:[alice] Mined block #14238
INFO:full_node:[alice] Mined block #14239
INFO:full_node:[alice] Mined block #14240
INFO:full_node:[alice] Mined block #14241
INFO:full_node:[alice] Mined block #14242
INFO:full_node:[alice] Mined block #14243
INFO:full_node:[alice] Mined block #14244
INFO:full_node:[alice] Mined block #14245
INFO:full_node:[alice] Mined block #14246
INFO:full_node:[alice] Mined block #14247
INFO:full_node:[alice] Mined block #14248
INFO:full_node:[alice] Mined block #14249
INFO:full_node:[alice] Mined block #14250
INFO:full_node:[alice] Mined block #14251
INFO:full_node:[alice] Mined block #14252
INFO:full_node:[alice] Mined block #14253
INFO:full_node:[alice] Mined block #14254
INFO:full_node:[alice] Mined block #14255
INFO:full_node:[alice] Mined block #14256
INFO:full_node:[alice] Mined block #14257
INFO:full_node:[alice] Mined block #14258
INFO:full_node:[alice] Mined block #14259
INFO:full_node:[alice] Mined block #14260
INFO:full_node:[alice] Mined block #14261
INFO:full_node:[alice] Mined block #14262
INFO:full_node:[alice] Mined block #14263
INFO:full_node:[alice] Mined block #14264
INFO:full_node:[alice] Mined block #14265
INFO:full_node:[alice] Mined block #14266
INFO:full_node:[alice] Mined block #14267
INFO:full_node:[alice] Mined block #14268
INFO:full_node:[alice] Mined block #14269
INFO:full_node:[alice] Mined block #14270
INFO:full_node:[alice] Mined block #14271
INFO:full_node:[alice] Mined block #14272
INFO:full_node:[alice] Mined block #14273
INFO:full_node:[alice] Mined block #14274
INFO:full_node:[alice] Mined block #14275
INFO:full_node:[alice] Mined block #14276
INFO:full_node:[alice] Mined block #14277
INFO:full_node:[alice] Mined block #14278
INFO:full_node:[alice] Mined block #14279
INFO:full_node:[alice] Mined block #14280
INFO:full_node:[alice] Mined block #14281
INFO:full_node:[alice] Mined block #14282
INFO:full_node:[alice] Mined block #14283
INFO:full_node:[alice] Mined block #14284
INFO:full_node:[alice] Mined block #14285
INFO:full_node:[alice] Mined block #14286
INFO:full_node:[alice] Mined block #14287
INFO:full_node:[alice] Mined block #14288
INFO:full_node:[alice] Mined block #14289
INFO:full_node:[alice] Mined block #14290
INFO:full_node:[alice] Mined block #14291
INFO:full_node:[alice] Mined block #14292
INFO:full_node:[alice] Mined block #14293
INFO:full_node:[alice] Mined block #14294
INFO:full_node:[alice] Mined block #14295
INFO:full_node:[alice] Mined block #14296
INFO:full_node:[alice] Mined block #14297
INFO:full_node:[alice] Mined block #14298
INFO:full_node:[alice] Mined block #14299
INFO:full_node:[alice] Mined block #14300
INFO:full_node:[alice] Mined block #14301
INFO:full_node:[alice] Mined block #14302
INFO:full_node:[alice] Mined block #14303
INFO:full_node:[alice] Mined block #14304
INFO:full_node:[alice] Mined block #14305
INFO:full_node:[alice] Mined block #14306
INFO:full_node:[alice] Mined block #14307
INFO:full_node:[alice] Mined block #14308
INFO:full_node:[alice] Mined block #14309
INFO:full_node:[alice] Mined block #14310
INFO:full_node:[alice] Mined block #14311
INFO:full_node:[alice] Mined block #14312
INFO:full_node:[alice] Mined block #14313
INFO:full_node:[alice] Mined block #14314
INFO:full_node:[alice] Mined block #14315
INFO:full_node:[alice] Mined block #14316
INFO:full_node:[alice] Mined block #14317
INFO:full_node:[alice] Mined block #14318
INFO:full_node:[alice] Mined block #14319
INFO:full_node:[alice] Mined block #14320
INFO:full_node:[alice] Mined block #14321
INFO:full_node:[alice] Mined block #14322
INFO:full_node:[alice] Mined block #14323
INFO:full_node:[alice] Mined block #14324
INFO:full_node:[alice] Mined block #14325
INFO:full_node:[alice] Mined block #14326
INFO:full_node:[alice] Mined block #14327
INFO:full_node:[alice] Mined block #14328
INFO:full_node:[alice] Mined block #14329
INFO:full_node:[alice] Mined block #14330
INFO:full_node:[alice] Mined block #14331
INFO:full_node:[alice] Mined block #14332
INFO:full_node:[alice] Mined block #14333
INFO:full_node:[alice] Mined block #14334
INFO:full_node:[alice] Mined block #14335
INFO:full_node:[alice] Mined block #14336
INFO:full_node:[alice] Mined block #14337
INFO:full_node:[alice] Mined block #14338
INFO:full_node:[alice] Mined block #14339
INFO:full_node:[alice] Mined block #14340
INFO:full_node:[alice] Mined block #14341
INFO:full_node:[alice] Mined block #14342
INFO:full_node:[alice] Mined block #14343
INFO:full_node:[alice] Mined block #14344
INFO:full_node:[alice] Mined block #14345
INFO:full_node:[alice] Mined block #14346
INFO:full_node:[alice] Mined block #14347
INFO:full_node:[alice] Mined block #14348
INFO:full_node:[alice] Mined block #14349
INFO:full_node:[alice] Mined block #14350
INFO:full_node:[alice] Mined block #14351
INFO:full_node:[alice] Mined block #14352
INFO:full_node:[alice] Mined block #14353
INFO:full_node:[alice] Mined block #14354
INFO:full_node:[alice] Mined block #14355
INFO:full_node:[alice] Mined block #14356
INFO:full_node:[alice] Mined block #14357
INFO:full_node:[alice] Mined block #14358
INFO:full_node:[alice] Mined block #14359
INFO:full_node:[alice] Mined block #14360
INFO:full_node:[alice] Mined block #14361
INFO:full_node:[alice] Mined block #14362
INFO:full_node:[alice] Mined block #14363
INFO:full_node:[alice] Mined block #14364
INFO:full_node:[alice] Mined block #14365
INFO:full_node:[alice] Mined block #14366
INFO:full_node:[alice] Mined block #14367
INFO:full_node:[alice] Mined block #14368
INFO:full_node:[alice] Mined block #14369
INFO:full_node:[alice] Mined block #14370
INFO:full_node:[alice] Mined block #14371
INFO:full_node:[alice] Mined block #14372
INFO:full_node:[alice] Mined block #14373
INFO:full_node:[alice] Mined block #14374
INFO:full_node:[alice] Mined block #14375
INFO:full_node:[alice] Mined block #14376
INFO:full_node:[alice] Mined block #14377
INFO:full_node:[alice] Mined block #14378
INFO:full_node:[alice] Mined block #14379
INFO:full_node:[alice] Mined block #14380
INFO:full_node:[alice] Mined block #14381
INFO:full_node:[alice] Mined block #14382
INFO:full_node:[alice] Mined block #14383
INFO:full_node:[alice] Mined block #14384
INFO:full_node:[alice] Mined block #14385
INFO:full_node:[alice] Mined block #14386
INFO:full_node:[alice] Mined block #14387
INFO:full_node:[alice] Mined block #14388
INFO:full_node:[alice] Mined block #14389
INFO:full_node:[alice] Mined block #14390
INFO:full_node:[alice] Mined block #14391
INFO:full_node:[alice] Mined block #14392
INFO:full_node:[alice] Mined block #14393
INFO:full_node:[alice] Mined block #14394
INFO:full_node:[alice] Mined block #14395
INFO:full_node:[alice] Mined block #14396
INFO:full_node:[alice] Mined block #14397
INFO:full_node:[alice] Mined block #14398
INFO:full_node:[alice] Mined block #14399
INFO:full_node:[alice] Mined block #14400
INFO:full_node:[alice] Mined block #14401
INFO:full_node:[alice] Mined block #14402
INFO:full_node:[alice] Mined block #14403
INFO:full_node:[alice] Mined block #14404
INFO:full_node:[alice] Mined block #14405
INFO:full_node:[alice] Mined block #14406
INFO:full_node:[alice] Mined block #14407
INFO:full_node:[alice] Mined block #14408
INFO:full_node:[alice] Mined block #14409
INFO:full_node:[alice] Mined block #14410
INFO:full_node:[alice] Mined block #14411
INFO:full_node:[alice] Mined block #14412
INFO:full_node:[alice] Mined block #14413
INFO:full_node:[alice] Mined block #14414
INFO:full_node:[alice] Mined block #14415
INFO:full_node:[alice] Mined block #14416
INFO:full_node:[alice] Mined block #14417
INFO:full_node:[alice] Mined block #14418
INFO:full_node:[alice] Mined block #14419
INFO:full_node:[alice] Mined block #14420
INFO:full_node:[alice] Mined block #14421
INFO:full_node:[alice] Mined block #14422
INFO:full_node:[alice] Mined block #14423
INFO:full_node:[alice] Mined block #14424
INFO:full_node:[alice] Mined block #14425
INFO:full_node:[alice] Mined block #14426
INFO:full_node:[alice] Mined block #14427
INFO:full_node:[alice] Mined block #14428
INFO:full_node:[alice] Mined block #14429
INFO:full_node:[alice] Mined block #14430
INFO:full_node:[alice] Mined block #14431
INFO:full_node:[alice] Mined block #14432
INFO:full_node:[alice] Mined block #14433
INFO:full_node:[alice] Mined block #14434
INFO:full_node:[alice] Mined block #14435
INFO:full_node:[alice] Mined block #14436
INFO:full_node:[alice] Mined block #14437
INFO:full_node:[alice] Mined block #14438
INFO:full_node:[alice] Mined block #14439
INFO:full_node:[alice] Mined block #14440
INFO:full_node:[alice] Mined block #14441
INFO:full_node:[alice] Mined block #14442
INFO:full_node:[alice] Mined block #14443
INFO:full_node:[alice] Mined block #14444
INFO:full_node:[alice] Mined block #14445
INFO:full_node:[alice] Mined block #14446
INFO:full_node:[alice] Mined block #14447
INFO:full_node:[alice] Mined block #14448
INFO:full_node:[alice] Mined block #14449
INFO:full_node:[alice] Mined block #14450
INFO:full_node:[alice] Mined block #14451
INFO:full_node:[alice] Mined block #14452
INFO:full_node:[alice] Mined block #14453
INFO:full_node:[alice] Mined block #14454
INFO:full_node:[alice] Mined block #14455
INFO:full_node:[alice] Mined block #14456
INFO:full_node:[alice] Mined block #14457
INFO:full_node:[alice] Mined block #14458
INFO:full_node:[alice] Mined block #14459
INFO:full_node:[alice] Mined block #14460
INFO:full_node:[alice] Mined block #14461
INFO:full_node:[alice] Mined block #14462
INFO:full_node:[alice] Mined block #14463
INFO:full_node:[alice] Mined block #14464
INFO:full_node:[alice] Mined block #14465
INFO:full_node:[alice] Mined block #14466
INFO:full_node:[alice] Mined block #14467
INFO:full_node:[alice] Mined block #14468
INFO:full_node:[alice] Mined block #14469
INFO:full_node:[alice] Mined block #14470
INFO:full_node:[alice] Mined block #14471
INFO:full_node:[alice] Mined block #14472
INFO:full_node:[alice] Mined block #14473
INFO:full_node:[alice] Mined block #14474
INFO:full_node:[alice] Mined block #14475
INFO:full_node:[alice] Mined block #14476
INFO:full_node:[alice] Mined block #14477
INFO:full_node:[alice] Mined block #14478
INFO:full_node:[alice] Mined block #14479
INFO:full_node:[alice] Mined block #14480
INFO:full_node:[alice] Mined block #14481
INFO:full_node:[alice] Mined block #14482
INFO:full_node:[alice] Mined block #14483
INFO:full_node:[alice] Mined block #14484
INFO:full_node:[alice] Mined block #14485
INFO:full_node:[alice] Mined block #14486
INFO:full_node:[alice] Mined block #14487
INFO:full_node:[alice] Mined block #14488
INFO:full_node:[alice] Mined block #14489
INFO:full_node:[alice] Mined block #14490
INFO:full_node:[alice] Mined block #14491
INFO:full_node:[alice] Mined block #14492
INFO:full_node:[alice] Mined block #14493
INFO:full_node:[alice] Mined block #14494
INFO:full_node:[alice] Mined block #14495
INFO:full_node:[alice] Mined block #14496
INFO:full_node:[alice] Mined block #14497
INFO:full_node:[alice] Mined block #14498
INFO:full_node:[alice] Mined block #14499
INFO:full_node:[alice] Mined block #14500
INFO:full_node:[alice] Mined block #14501
INFO:full_node:[alice] Mined block #14502
INFO:full_node:[alice] Mined block #14503
INFO:full_node:[alice] Mined block #14504
INFO:full_node:[alice] Mined block #14505
INFO:full_node:[alice] Mined block #14506
INFO:full_node:[alice] Mined block #14507
INFO:full_node:[alice] Mined block #14508
INFO:full_node:[alice] Mined block #14509
INFO:full_node:[alice] Mined block #14510
INFO:full_node:[alice] Mined block #14511
INFO:full_node:[alice] Mined block #14512
INFO:full_node:[alice] Mined block #14513
INFO:full_node:[alice] Mined block #14514
INFO:full_node:[alice] Mined block #14515
INFO:full_node:[alice] Mined block #14516
INFO:full_node:[alice] Mined block #14517
INFO:full_node:[alice] Mined block #14518
INFO:full_node:[alice] Mined block #14519
INFO:full_node:[alice] Mined block #14520
INFO:full_node:[alice] Mined block #14521
INFO:full_node:[alice] Mined block #14522
INFO:full_node:[alice] Mined block #14523
INFO:full_node:[alice] Mined block #14524
INFO:full_node:[alice] Mined block #14525
INFO:full_node:[alice] Mined block #14526
INFO:full_node:[alice] Mined block #14527
INFO:full_node:[alice] Mined block #14528
INFO:full_node:[alice] Mined block #14529
INFO:full_node:[alice] Mined block #14530
INFO:full_node:[alice] Mined block #14531
INFO:full_node:[alice] Mined block #14532
INFO:full_node:[alice] Mined block #14533
INFO:full_node:[alice] Mined block #14534
INFO:full_node:[alice] Mined block #14535
INFO:full_node:[alice] Mined block #14536
INFO:full_node:[alice] Mined block #14537
INFO:full_node:[alice] Mined block #14538
INFO:full_node:[alice] Mined block #14539
INFO:full_node:[alice] Mined block #14540
INFO:full_node:[alice] Mined block #14541
INFO:full_node:[alice] Mined block #14542
INFO:full_node:[alice] Mined block #14543
INFO:full_node:[alice] Mined block #14544
INFO:full_node:[alice] Mined block #14545
INFO:full_node:[alice] Mined block #14546
INFO:full_node:[alice] Mined block #14547
INFO:full_node:[alice] Mined block #14548
INFO:full_node:[alice] Mined block #14549
INFO:full_node:[alice] Mined block #14550
INFO:full_node:[alice] Mined block #14551
INFO:full_node:[alice] Mined block #14552
INFO:full_node:[alice] Mined block #14553
INFO:full_node:[alice] Mined block #14554
INFO:full_node:[alice] Mined block #14555
INFO:full_node:[alice] Mined block #14556
INFO:full_node:[alice] Mined block #14557
INFO:full_node:[alice] Mined block #14558
INFO:full_node:[alice] Mined block #14559
INFO:full_node:[alice] Mined block #14560
INFO:full_node:[alice] Mined block #14561
INFO:full_node:[alice] Mined block #14562
INFO:full_node:[alice] Mined block #14563
INFO:full_node:[alice] Mined block #14564
INFO:full_node:[alice] Mined block #14565
ERROR:full_node:[alice] Mining error: 
ERROR:full_node:[alice] Mining error: 
INFO:full_node:[alice] Mined block #14566
INFO:full_node:[alice] Mined block #14567
INFO:full_node:[alice] Mined block #14568
INFO:full_node:[alice] Mined block #14569
INFO:full_node:[alice] Mined block #14570
INFO:full_node:[alice] Mined block #14571
INFO:full_node:[alice] Mined block #14572
ERROR:full_node:[alice] Mining error: 
INFO:full_node:[alice] Mined block #14573
ERROR:full_node:[alice] Mining error: 
INFO:full_node:[alice] Mined block #14574
INFO:full_node:[alice] Mined block #14575
INFO:full_node:[alice] Mined block #14576
INFO:full_node:[alice] Mined block #14577
INFO:full_node:[alice] Mined block #14578
ERROR:full_node:[alice] Mining error: 
INFO:full_node:[alice] Mined block #14579
INFO:full_node:[alice] Mined block #14580
INFO:full_node:[alice] Mined block #14581
INFO:full_node:[alice] Mined block #14582
INFO:full_node:[alice] Mined block #14583
INFO:full_node:[alice] Mined block #14584
INFO:full_node:[alice] Mined block #14585
INFO:full_node:[alice] Mined block #14586
INFO:full_node:[alice] Mined block #14587
INFO:full_node:[alice] Mined block #14588
INFO:full_node:[alice] Mined block #14589
INFO:full_node:[alice] Mined block #14590
INFO:full_node:[alice] Mined block #14591
INFO:full_node:[alice] Mined block #14592
INFO:full_node:[alice] Mined block #14593
INFO:full_node:[alice] Mined block #14594
INFO:full_node:[alice] Mined block #14595
INFO:full_node:[alice] Mined block #14596
INFO:full_node:[alice] Mined block #14597
INFO:full_node:[alice] Mined block #14598
INFO:full_node:[alice] Mined block #14599
INFO:full_node:[alice] Mined block #14600
INFO:full_node:[alice] Mined block #14601
INFO:full_node:[alice] Mined block #14602
INFO:full_node:[alice] Mined block #14603
INFO:full_node:[alice] Mined block #14604
INFO:full_node:[alice] Mined block #14605
INFO:full_node:[alice] Mined block #14606
INFO:full_node:[alice] Mined block #14607
INFO:full_node:[alice] Mined block #14608
INFO:full_node:[alice] Mined block #14609
INFO:full_node:[alice] Mined block #14610
INFO:full_node:[alice] Mined block #14611
INFO:full_node:[alice] Mined block #14612
