[2026-08-01 14:27:30] ================================================================================
[2026-08-01 14:27:30] RETARGET WATCHER STARTED
[2026-08-01 14:27:30] ================================================================================
[2026-08-01 14:27:30] Target: Retarget at block 2016
[2026-08-01 14:27:30] Log file: retarget_watcher.log
[2026-08-01 14:27:30] ================================================================================
[2026-08-01 14:28:27] H:  508 |  508/2016 ( 25.2%) | 1508 blocks to retarget | Supply:    25450
[2026-08-01 14:29:29] H:  528 |  528/2016 ( 26.2%) | 1488 blocks to retarget | Supply:    26450
[2026-08-01 14:30:29] H:  549 |  549/2016 ( 27.2%) | 1467 blocks to retarget | Supply:    27500
[2026-08-01 14:31:30] H:  574 |  574/2016 ( 28.5%) | 1442 blocks to retarget | Supply:    28750
[2026-08-01 14:32:31] H:  603 |  603/2016 ( 29.9%) | 1413 blocks to retarget | Supply:    30200
[2026-08-01 14:33:32] H:  607 |  607/2016 ( 30.1%) | 1409 blocks to retarget | Supply:    30400
[2026-08-01 14:34:31] H:  607 |  607/2016 ( 30.1%) | 1409 blocks to retarget | Supply:    30400
[2026-08-01 14:35:32] H:  613 |  613/2016 ( 30.4%) | 1403 blocks to retarget | Supply:    30700
[2026-08-01 14:36:33] H:  644 |  644/2016 ( 31.9%) | 1372 blocks to retarget | Supply:    32250
[2026-08-01 14:37:34] H:  668 |  668/2016 ( 33.1%) | 1348 blocks to retarget | Supply:    33450
[2026-08-01 14:38:35] H:  699 |  699/2016 ( 34.7%) | 1317 blocks to retarget | Supply:    35000
[2026-08-01 14:39:36] H:  712 |  712/2016 ( 35.3%) | 1304 blocks to retarget | Supply:    35650
[2026-08-01 14:40:37] H:  739 |  739/2016 ( 36.7%) | 1277 blocks to retarget | Supply:    37000
[2026-08-01 14:41:43] H:  772 |  772/2016 ( 38.3%) | 1244 blocks to retarget | Supply:    38650
[2026-08-01 14:42:47] H:  794 |  794/2016 ( 39.4%) | 1222 blocks to retarget | Supply:    39750
[2026-08-01 14:44:00] H:  807 |  807/2016 ( 40.0%) | 1209 blocks to retarget | Supply:    40400
[2026-08-01 14:45:20] H:  807 |  807/2016 ( 40.0%) | 1209 blocks to retarget | Supply:    40400
[2026-08-01 14:46:35] H:  807 |  807/2016 ( 40.0%) | 1209 blocks to retarget | Supply:    40400
[2026-08-01 14:47:58] H:  807 |  807/2016 ( 40.0%) | 1209 blocks to retarget | Supply:    40400
[2026-08-01 14:49:13] H:  807 |  807/2016 ( 40.0%) | 1209 blocks to retarget | Supply:    40400
[2026-08-01 14:50:26] H:  807 |  807/2016 ( 40.0%) | 1209 blocks to retarget | Supply:    40400
[2026-08-01 14:51:47] H:  807 |  807/2016 ( 40.0%) | 1209 blocks to retarget | Supply:    40400
[2026-08-01 14:53:01] H:  807 |  807/2016 ( 40.0%) | 1209 blocks to retarget | Supply:    40400
[2026-08-01 14:54:09] H:  807 |  807/2016 ( 40.0%) | 1209 blocks to retarget | Supply:    40400
[2026-08-01 14:55:38] H:  807 |  807/2016 ( 40.0%) | 1209 blocks to retarget | Supply:    40400
[2026-08-01 14:56:59] H:  807 |  807/2016 ( 40.0%) | 1209 blocks to retarget | Supply:    40400
[2026-08-01 14:58:26] H:  807 |  807/2016 ( 40.0%) | 1209 blocks to retarget | Supply:    40400
[2026-08-01 14:59:42] H:  807 |  807/2016 ( 40.0%) | 1209 blocks to retarget | Supply:    40400
[2026-08-01 15:01:00] H:  807 |  807/2016 ( 40.0%) | 1209 blocks to retarget | Supply:    40400
[2026-08-01 15:02:20] H:  807 |  807/2016 ( 40.0%) | 1209 blocks to retarget | Supply:    40400
[2026-08-01 15:03:44] H:  807 |  807/2016 ( 40.0%) | 1209 blocks to retarget | Supply:    40400
[2026-08-01 15:05:02] H:  807 |  807/2016 ( 40.0%) | 1209 blocks to retarget | Supply:    40400
[2026-08-01 15:06:17] H:  807 |  807/2016 ( 40.0%) | 1209 blocks to retarget | Supply:    40400
[2026-08-01 15:07:36] H:  807 |  807/2016 ( 40.0%) | 1209 blocks to retarget | Supply:    40400
[2026-08-01 15:08:53] H:  807 |  807/2016 ( 40.0%) | 1209 blocks to retarget | Supply:    40400
[2026-08-01 15:10:02] H:  807 |  807/2016 ( 40.0%) | 1209 blocks to retarget | Supply:    40400
[2026-08-01 15:11:10] H:  807 |  807/2016 ( 40.0%) | 1209 blocks to retarget | Supply:    40400
[2026-08-01 15:12:18] H:  807 |  807/2016 ( 40.0%) | 1209 blocks to retarget | Supply:    40400
[2026-08-01 15:13:23] H:  807 |  807/2016 ( 40.0%) | 1209 blocks to retarget | Supply:    40400
[2026-08-01 15:14:29] H:  807 |  807/2016 ( 40.0%) | 1209 blocks to retarget | Supply:    40400
[2026-08-01 15:15:02] ERROR: HTTPSConnectionPool(host='moonbite.org', port=443): Max retries exceeded with url: /api/blockchain/info (Caused by SSLError(SSLCertVerificationError(1, "[SSL: CERTIFICATE_VERIFY_FAILED] certificate verify failed: Hostname mismatch, certificate is not valid for 'moonbite.org'. (_ssl.c:1081)")))
[2026-08-01 15:15:08] ERROR: HTTPSConnectionPool(host='moonbite.org', port=443): Max retries exceeded with url: /api/blockchain/info (Caused by SSLError(SSLCertVerificationError(1, "[SSL: CERTIFICATE_VERIFY_FAILED] certificate verify failed: Hostname mismatch, certificate is not valid for 'moonbite.org'. (_ssl.c:1081)")))
[2026-08-01 15:15:14] ERROR: HTTPSConnectionPool(host='moonbite.org', port=443): Max retries exceeded with url: /api/blockchain/info (Caused by SSLError(SSLCertVerificationError(1, "[SSL: CERTIFICATE_VERIFY_FAILED] certificate verify failed: Hostname mismatch, certificate is not valid for 'moonbite.org'. (_ssl.c:1081)")))
[2026-08-01 15:15:20] ERROR: HTTPSConnectionPool(host='moonbite.org', port=443): Max retries exceeded with url: /api/blockchain/info (Caused by SSLError(SSLCertVerificationError(1, "[SSL: CERTIFICATE_VERIFY_FAILED] certificate verify failed: Hostname mismatch, certificate is not valid for 'moonbite.org'. (_ssl.c:1081)")))
[2026-08-01 15:15:26] ERROR: HTTPSConnectionPool(host='moonbite.org', port=443): Max retries exceeded with url: /api/blockchain/info (Caused by SSLError(SSLCertVerificationError(1, "[SSL: CERTIFICATE_VERIFY_FAILED] certificate verify failed: Hostname mismatch, certificate is not valid for 'moonbite.org'. (_ssl.c:1081)")))
[2026-08-01 15:15:32] ERROR: HTTPSConnectionPool(host='moonbite.org', port=443): Max retries exceeded with url: /api/blockchain/info (Caused by SSLError(SSLCertVerificationError(1, "[SSL: CERTIFICATE_VERIFY_FAILED] certificate verify failed: Hostname mismatch, certificate is not valid for 'moonbite.org'. (_ssl.c:1081)")))
[2026-08-01 15:15:38] ERROR: HTTPSConnectionPool(host='moonbite.org', port=443): Max retries exceeded with url: /api/blockchain/info (Caused by SSLError(SSLCertVerificationError(1, "[SSL: CERTIFICATE_VERIFY_FAILED] certificate verify failed: Hostname mismatch, certificate is not valid for 'moonbite.org'. (_ssl.c:1081)")))
[2026-08-01 15:15:44] ERROR: HTTPSConnectionPool(host='moonbite.org', port=443): Max retries exceeded with url: /api/blockchain/info (Caused by SSLError(SSLCertVerificationError(1, "[SSL: CERTIFICATE_VERIFY_FAILED] certificate verify failed: Hostname mismatch, certificate is not valid for 'moonbite.org'. (_ssl.c:1081)")))
[2026-08-01 15:15:50] ERROR: HTTPSConnectionPool(host='moonbite.org', port=443): Max retries exceeded with url: /api/blockchain/info (Caused by SSLError(SSLCertVerificationError(1, "[SSL: CERTIFICATE_VERIFY_FAILED] certificate verify failed: Hostname mismatch, certificate is not valid for 'moonbite.org'. (_ssl.c:1081)")))
[2026-08-01 15:15:56] ERROR: HTTPSConnectionPool(host='moonbite.org', port=443): Max retries exceeded with url: /api/blockchain/info (Caused by SSLError(SSLCertVerificationError(1, "[SSL: CERTIFICATE_VERIFY_FAILED] certificate verify failed: Hostname mismatch, certificate is not valid for 'moonbite.org'. (_ssl.c:1081)")))
[2026-08-01 15:16:35] H:  807 |  807/2016 ( 40.0%) | 1209 blocks to retarget | Supply:    40400
[2026-08-01 15:17:41] H:  807 |  807/2016 ( 40.0%) | 1209 blocks to retarget | Supply:    40400
[2026-08-01 15:18:53] H:  807 |  807/2016 ( 40.0%) | 1209 blocks to retarget | Supply:    40400
[2026-08-01 15:20:21] H:  807 |  807/2016 ( 40.0%) | 1209 blocks to retarget | Supply:    40400
[2026-08-01 15:21:26] H:  807 |  807/2016 ( 40.0%) | 1209 blocks to retarget | Supply:    40400
[2026-08-01 15:22:32] H:  807 |  807/2016 ( 40.0%) | 1209 blocks to retarget | Supply:    40400
[2026-08-01 15:23:44] H:  807 |  807/2016 ( 40.0%) | 1209 blocks to retarget | Supply:    40400
[2026-08-01 15:24:59] H:  807 |  807/2016 ( 40.0%) | 1209 blocks to retarget | Supply:    40400
[2026-08-01 15:26:14] H:  807 |  807/2016 ( 40.0%) | 1209 blocks to retarget | Supply:    40400
[2026-08-01 15:27:42] H:  807 |  807/2016 ( 40.0%) | 1209 blocks to retarget | Supply:    40400
[2026-08-01 15:28:56] H:  807 |  807/2016 ( 40.0%) | 1209 blocks to retarget | Supply:    40400
[2026-08-01 15:30:13] H:  807 |  807/2016 ( 40.0%) | 1209 blocks to retarget | Supply:    40400
[2026-08-01 15:31:30] H:  807 |  807/2016 ( 40.0%) | 1209 blocks to retarget | Supply:    40400
[2026-08-01 15:32:44] H:  807 |  807/2016 ( 40.0%) | 1209 blocks to retarget | Supply:    40400
[2026-08-01 15:33:56] H:  807 |  807/2016 ( 40.0%) | 1209 blocks to retarget | Supply:    40400
[2026-08-01 15:35:05] H:  807 |  807/2016 ( 40.0%) | 1209 blocks to retarget | Supply:    40400
[2026-08-01 15:36:12] H:  807 |  807/2016 ( 40.0%) | 1209 blocks to retarget | Supply:    40400
[2026-08-01 15:37:18] H:  807 |  807/2016 ( 40.0%) | 1209 blocks to retarget | Supply:    40400
[2026-08-01 15:38:21] H:  807 |  807/2016 ( 40.0%) | 1209 blocks to retarget | Supply:    40400
[2026-08-01 15:39:26] H:  807 |  807/2016 ( 40.0%) | 1209 blocks to retarget | Supply:    40400
[2026-08-01 15:40:29] H:  807 |  807/2016 ( 40.0%) | 1209 blocks to retarget | Supply:    40400
[2026-08-01 15:41:32] H:  807 |  807/2016 ( 40.0%) | 1209 blocks to retarget | Supply:    40400
[2026-08-01 15:42:35] H:  807 |  807/2016 ( 40.0%) | 1209 blocks to retarget | Supply:    40400
[2026-08-01 15:43:40] H:  807 |  807/2016 ( 40.0%) | 1209 blocks to retarget | Supply:    40400
[2026-08-01 15:44:44] H:  807 |  807/2016 ( 40.0%) | 1209 blocks to retarget | Supply:    40400
[2026-08-01 15:45:48] H:  807 |  807/2016 ( 40.0%) | 1209 blocks to retarget | Supply:    40400
[2026-08-01 15:46:52] H:  807 |  807/2016 ( 40.0%) | 1209 blocks to retarget | Supply:    40400
[2026-08-01 15:47:55] H:  807 |  807/2016 ( 40.0%) | 1209 blocks to retarget | Supply:    40400
[2026-08-01 15:48:58] H:  807 |  807/2016 ( 40.0%) | 1209 blocks to retarget | Supply:    40400
[2026-08-01 15:50:01] H:  807 |  807/2016 ( 40.0%) | 1209 blocks to retarget | Supply:    40400
[2026-08-01 15:51:05] H:  807 |  807/2016 ( 40.0%) | 1209 blocks to retarget | Supply:    40400
[2026-08-01 15:52:47] H:  807 |  807/2016 ( 40.0%) | 1209 blocks to retarget | Supply:    40400
[2026-08-01 15:54:00] H:  807 |  807/2016 ( 40.0%) | 1209 blocks to retarget | Supply:    40400
[2026-08-01 15:55:21] H:  807 |  807/2016 ( 40.0%) | 1209 blocks to retarget | Supply:    40400
[2026-08-01 15:56:27] H:  807 |  807/2016 ( 40.0%) | 1209 blocks to retarget | Supply:    40400
[2026-08-01 15:57:31] H:  807 |  807/2016 ( 40.0%) | 1209 blocks to retarget | Supply:    40400
[2026-08-01 15:58:36] H:  807 |  807/2016 ( 40.0%) | 1209 blocks to retarget | Supply:    40400
[2026-08-01 15:59:40] H:  807 |  807/2016 ( 40.0%) | 1209 blocks to retarget | Supply:    40400
[2026-08-01 16:00:45] H:  807 |  807/2016 ( 40.0%) | 1209 blocks to retarget | Supply:    40400
[2026-08-01 16:01:50] H:  807 |  807/2016 ( 40.0%) | 1209 blocks to retarget | Supply:    40400
[2026-08-01 16:02:56] H:  807 |  807/2016 ( 40.0%) | 1209 blocks to retarget | Supply:    40400
[2026-08-01 16:03:58] H:  807 |  807/2016 ( 40.0%) | 1209 blocks to retarget | Supply:    40400
[2026-08-01 16:05:01] H:  807 |  807/2016 ( 40.0%) | 1209 blocks to retarget | Supply:    40400
[2026-08-01 16:06:05] H:  807 |  807/2016 ( 40.0%) | 1209 blocks to retarget | Supply:    40400
[2026-08-01 16:07:09] H:  807 |  807/2016 ( 40.0%) | 1209 blocks to retarget | Supply:    40400
[2026-08-01 16:08:13] H:  807 |  807/2016 ( 40.0%) | 1209 blocks to retarget | Supply:    40400
[2026-08-01 16:09:19] H:  814 |  814/2016 ( 40.4%) | 1202 blocks to retarget | Supply:    40750
[2026-08-01 16:10:24] H:  832 |  832/2016 ( 41.3%) | 1184 blocks to retarget | Supply:    41650
[2026-08-01 16:11:32] H:  860 |  860/2016 ( 42.7%) | 1156 blocks to retarget | Supply:    43050
[2026-08-01 16:12:37] H:  893 |  893/2016 ( 44.3%) | 1123 blocks to retarget | Supply:    44700
[2026-08-01 16:13:41] H:  917 |  917/2016 ( 45.5%) | 1099 blocks to retarget | Supply:    45900
[2026-08-01 16:14:43] H:  917 |  917/2016 ( 45.5%) | 1099 blocks to retarget | Supply:    45900
[2026-08-01 16:15:48] H:  917 |  917/2016 ( 45.5%) | 1099 blocks to retarget | Supply:    45900
[2026-08-01 16:16:01] ERROR: HTTPSConnectionPool(host='moonbite.org', port=443): Max retries exceeded with url: /api/blockchain/info (Caused by SSLError(SSLCertVerificationError(1, "[SSL: CERTIFICATE_VERIFY_FAILED] certificate verify failed: Hostname mismatch, certificate is not valid for 'moonbite.org'. (_ssl.c:1081)")))
[2026-08-01 16:16:06] ERROR: HTTPSConnectionPool(host='moonbite.org', port=443): Max retries exceeded with url: /api/blockchain/info (Caused by SSLError(SSLCertVerificationError(1, "[SSL: CERTIFICATE_VERIFY_FAILED] certificate verify failed: Hostname mismatch, certificate is not valid for 'moonbite.org'. (_ssl.c:1081)")))
[2026-08-01 16:16:12] ERROR: HTTPSConnectionPool(host='moonbite.org', port=443): Max retries exceeded with url: /api/blockchain/info (Caused by SSLError(SSLCertVerificationError(1, "[SSL: CERTIFICATE_VERIFY_FAILED] certificate verify failed: Hostname mismatch, certificate is not valid for 'moonbite.org'. (_ssl.c:1081)")))
[2026-08-01 16:16:18] ERROR: HTTPSConnectionPool(host='moonbite.org', port=443): Max retries exceeded with url: /api/blockchain/info (Caused by SSLError(SSLCertVerificationError(1, "[SSL: CERTIFICATE_VERIFY_FAILED] certificate verify failed: Hostname mismatch, certificate is not valid for 'moonbite.org'. (_ssl.c:1081)")))
[2026-08-01 16:16:24] ERROR: HTTPSConnectionPool(host='moonbite.org', port=443): Max retries exceeded with url: /api/blockchain/info (Caused by SSLError(SSLCertVerificationError(1, "[SSL: CERTIFICATE_VERIFY_FAILED] certificate verify failed: Hostname mismatch, certificate is not valid for 'moonbite.org'. (_ssl.c:1081)")))
[2026-08-01 16:16:30] ERROR: HTTPSConnectionPool(host='moonbite.org', port=443): Max retries exceeded with url: /api/blockchain/info (Caused by SSLError(SSLCertVerificationError(1, "[SSL: CERTIFICATE_VERIFY_FAILED] certificate verify failed: Hostname mismatch, certificate is not valid for 'moonbite.org'. (_ssl.c:1081)")))
[2026-08-01 16:16:36] ERROR: HTTPSConnectionPool(host='moonbite.org', port=443): Max retries exceeded with url: /api/blockchain/info (Caused by SSLError(SSLCertVerificationError(1, "[SSL: CERTIFICATE_VERIFY_FAILED] certificate verify failed: Hostname mismatch, certificate is not valid for 'moonbite.org'. (_ssl.c:1081)")))
[2026-08-01 16:16:42] ERROR: HTTPSConnectionPool(host='moonbite.org', port=443): Max retries exceeded with url: /api/blockchain/info (Caused by SSLError(SSLCertVerificationError(1, "[SSL: CERTIFICATE_VERIFY_FAILED] certificate verify failed: Hostname mismatch, certificate is not valid for 'moonbite.org'. (_ssl.c:1081)")))
[2026-08-01 16:16:48] ERROR: HTTPSConnectionPool(host='moonbite.org', port=443): Max retries exceeded with url: /api/blockchain/info (Caused by SSLError(SSLCertVerificationError(1, "[SSL: CERTIFICATE_VERIFY_FAILED] certificate verify failed: Hostname mismatch, certificate is not valid for 'moonbite.org'. (_ssl.c:1081)")))
[2026-08-01 16:16:54] ERROR: HTTPSConnectionPool(host='moonbite.org', port=443): Max retries exceeded with url: /api/blockchain/info (Caused by SSLError(SSLCertVerificationError(1, "[SSL: CERTIFICATE_VERIFY_FAILED] certificate verify failed: Hostname mismatch, certificate is not valid for 'moonbite.org'. (_ssl.c:1081)")))
[2026-08-01 16:17:00] ERROR: HTTPSConnectionPool(host='moonbite.org', port=443): Max retries exceeded with url: /api/blockchain/info (Caused by SSLError(SSLCertVerificationError(1, "[SSL: CERTIFICATE_VERIFY_FAILED] certificate verify failed: Hostname mismatch, certificate is not valid for 'moonbite.org'. (_ssl.c:1081)")))
[2026-08-01 16:17:06] ERROR: HTTPSConnectionPool(host='moonbite.org', port=443): Max retries exceeded with url: /api/blockchain/info (Caused by SSLError(SSLCertVerificationError(1, "[SSL: CERTIFICATE_VERIFY_FAILED] certificate verify failed: Hostname mismatch, certificate is not valid for 'moonbite.org'. (_ssl.c:1081)")))
[2026-08-01 16:17:11] ERROR: HTTPSConnectionPool(host='moonbite.org', port=443): Max retries exceeded with url: /api/blockchain/info (Caused by SSLError(SSLCertVerificationError(1, "[SSL: CERTIFICATE_VERIFY_FAILED] certificate verify failed: Hostname mismatch, certificate is not valid for 'moonbite.org'. (_ssl.c:1081)")))
[2026-08-01 16:17:17] ERROR: HTTPSConnectionPool(host='moonbite.org', port=443): Max retries exceeded with url: /api/blockchain/info (Caused by SSLError(SSLCertVerificationError(1, "[SSL: CERTIFICATE_VERIFY_FAILED] certificate verify failed: Hostname mismatch, certificate is not valid for 'moonbite.org'. (_ssl.c:1081)")))
[2026-08-01 16:17:23] ERROR: HTTPSConnectionPool(host='moonbite.org', port=443): Max retries exceeded with url: /api/blockchain/info (Caused by SSLError(SSLCertVerificationError(1, "[SSL: CERTIFICATE_VERIFY_FAILED] certificate verify failed: Hostname mismatch, certificate is not valid for 'moonbite.org'. (_ssl.c:1081)")))
[2026-08-01 16:17:29] ERROR: HTTPSConnectionPool(host='moonbite.org', port=443): Max retries exceeded with url: /api/blockchain/info (Caused by SSLError(SSLCertVerificationError(1, "[SSL: CERTIFICATE_VERIFY_FAILED] certificate verify failed: Hostname mismatch, certificate is not valid for 'moonbite.org'. (_ssl.c:1081)")))
[2026-08-01 16:17:35] ERROR: HTTPSConnectionPool(host='moonbite.org', port=443): Max retries exceeded with url: /api/blockchain/info (Caused by SSLError(SSLCertVerificationError(1, "[SSL: CERTIFICATE_VERIFY_FAILED] certificate verify failed: Hostname mismatch, certificate is not valid for 'moonbite.org'. (_ssl.c:1081)")))
[2026-08-01 16:17:40] ERROR: HTTPSConnectionPool(host='moonbite.org', port=443): Max retries exceeded with url: /api/blockchain/info (Caused by SSLError(SSLCertVerificationError(1, "[SSL: CERTIFICATE_VERIFY_FAILED] certificate verify failed: Hostname mismatch, certificate is not valid for 'moonbite.org'. (_ssl.c:1081)")))
[2026-08-01 16:17:46] ERROR: HTTPSConnectionPool(host='moonbite.org', port=443): Max retries exceeded with url: /api/blockchain/info (Caused by SSLError(SSLCertVerificationError(1, "[SSL: CERTIFICATE_VERIFY_FAILED] certificate verify failed: Hostname mismatch, certificate is not valid for 'moonbite.org'. (_ssl.c:1081)")))
[2026-08-01 16:17:52] ERROR: HTTPSConnectionPool(host='moonbite.org', port=443): Max retries exceeded with url: /api/blockchain/info (Caused by SSLError(SSLCertVerificationError(1, "[SSL: CERTIFICATE_VERIFY_FAILED] certificate verify failed: Hostname mismatch, certificate is not valid for 'moonbite.org'. (_ssl.c:1081)")))
[2026-08-01 16:17:58] ERROR: HTTPSConnectionPool(host='moonbite.org', port=443): Max retries exceeded with url: /api/blockchain/info (Caused by SSLError(SSLCertVerificationError(1, "[SSL: CERTIFICATE_VERIFY_FAILED] certificate verify failed: Hostname mismatch, certificate is not valid for 'moonbite.org'. (_ssl.c:1081)")))
[2026-08-01 16:18:54] H:  917 |  917/2016 ( 45.5%) | 1099 blocks to retarget | Supply:    45900
[2026-08-01 16:19:58] H:  928 |  928/2016 ( 46.0%) | 1088 blocks to retarget | Supply:    46450
[2026-08-01 16:21:02] H:  958 |  958/2016 ( 47.5%) | 1058 blocks to retarget | Supply:    47950
[2026-08-01 16:22:06] H:  981 |  981/2016 ( 48.7%) | 1035 blocks to retarget | Supply:    49100
[2026-08-01 16:23:07] H:  997 |  997/2016 ( 49.5%) | 1019 blocks to retarget | Supply:    49900
[2026-08-01 16:24:09] H: 1024 | 1024/2016 ( 50.8%) |  992 blocks to retarget | Supply:    51250
[2026-08-01 16:25:12] H: 1044 | 1044/2016 ( 51.8%) |  972 blocks to retarget | Supply:    52250
[2026-08-01 16:26:15] H: 1067 | 1067/2016 ( 52.9%) |  949 blocks to retarget | Supply:    53400
[2026-08-01 16:27:17] H: 1088 | 1088/2016 ( 54.0%) |  928 blocks to retarget | Supply:    54450
[2026-08-01 16:28:20] H: 1110 | 1110/2016 ( 55.1%) |  906 blocks to retarget | Supply:    55550
[2026-08-01 16:29:23] H: 1117 | 1117/2016 ( 55.4%) |  899 blocks to retarget | Supply:    55900
[2026-08-01 16:30:26] H: 1117 | 1117/2016 ( 55.4%) |  899 blocks to retarget | Supply:    55900
[2026-08-01 16:31:29] H: 1117 | 1117/2016 ( 55.4%) |  899 blocks to retarget | Supply:    55900
[2026-08-01 16:32:33] H: 1117 | 1117/2016 ( 55.4%) |  899 blocks to retarget | Supply:    55900
[2026-08-01 16:33:38] H: 1117 | 1117/2016 ( 55.4%) |  899 blocks to retarget | Supply:    55900
[2026-08-01 16:34:42] H: 1117 | 1117/2016 ( 55.4%) |  899 blocks to retarget | Supply:    55900
[2026-08-01 16:35:45] H: 1118 | 1118/2016 ( 55.5%) |  898 blocks to retarget | Supply:    55950
[2026-08-01 16:36:49] H: 1144 | 1144/2016 ( 56.7%) |  872 blocks to retarget | Supply:    57250
[2026-08-01 16:37:51] H: 1162 | 1162/2016 ( 57.6%) |  854 blocks to retarget | Supply:    58150
[2026-08-01 16:38:34] ERROR: HTTPSConnectionPool(host='moonbite.org', port=443): Max retries exceeded with url: /api/blockchain/info (Caused by NewConnectionError("HTTPSConnection(host='moonbite.org', port=443): Failed to establish a new connection: [WinError 10048] Only one usage of each socket address (protocol/network address/port) is normally permitted"))
[2026-08-01 16:38:59] H: 1193 | 1193/2016 ( 59.2%) |  823 blocks to retarget | Supply:    59700
[2026-08-01 16:40:01] H: 1217 | 1217/2016 ( 60.4%) |  799 blocks to retarget | Supply:    60900
[2026-08-01 16:41:04] H: 1217 | 1217/2016 ( 60.4%) |  799 blocks to retarget | Supply:    60900
[2026-08-01 16:42:06] H: 1234 | 1234/2016 ( 61.2%) |  782 blocks to retarget | Supply:    61750
[2026-08-01 16:43:09] H: 1261 | 1261/2016 ( 62.5%) |  755 blocks to retarget | Supply:    63100
[2026-08-01 16:44:12] H: 1286 | 1286/2016 ( 63.8%) |  730 blocks to retarget | Supply:    64350
[2026-08-01 16:45:16] H: 1309 | 1309/2016 ( 64.9%) |  707 blocks to retarget | Supply:    65500
[2026-08-01 16:46:21] H: 1330 | 1330/2016 ( 66.0%) |  686 blocks to retarget | Supply:    66550
[2026-08-01 16:47:24] H: 1360 | 1360/2016 ( 67.5%) |  656 blocks to retarget | Supply:    68050
[2026-08-01 16:48:27] H: 1395 | 1395/2016 ( 69.2%) |  621 blocks to retarget | Supply:    69800
[2026-08-01 16:49:29] H: 1417 | 1417/2016 ( 70.3%) |  599 blocks to retarget | Supply:    70900
[2026-08-01 16:50:32] H: 1418 | 1418/2016 ( 70.3%) |  598 blocks to retarget | Supply:    70950
[2026-08-01 16:51:34] H: 1445 | 1445/2016 ( 71.7%) |  571 blocks to retarget | Supply:    72300
[2026-08-01 16:52:36] H: 1466 | 1466/2016 ( 72.7%) |  550 blocks to retarget | Supply:    73350
[2026-08-01 16:53:38] H: 1486 | 1486/2016 ( 73.7%) |  530 blocks to retarget | Supply:    74350
[2026-08-01 16:54:42] H: 1507 | 1507/2016 ( 74.8%) |  509 blocks to retarget | Supply:    75400
[2026-08-01 16:55:44] H: 1526 | 1526/2016 ( 75.7%) |  490 blocks to retarget | Supply:    76350
[2026-08-01 16:56:47] H: 1549 | 1549/2016 ( 76.8%) |  467 blocks to retarget | Supply:    77500
[2026-08-01 16:57:50] H: 1569 | 1569/2016 ( 77.8%) |  447 blocks to retarget | Supply:    78500
[2026-08-01 16:58:53] H: 1598 | 1598/2016 ( 79.3%) |  418 blocks to retarget | Supply:    79950
[2026-08-01 16:59:55] H: 1617 | 1617/2016 ( 80.2%) |  399 blocks to retarget | Supply:    80900
[2026-08-01 17:00:57] H: 1632 | 1632/2016 ( 81.0%) |  384 blocks to retarget | Supply:    81650
[2026-08-01 17:02:00] H: 1652 | 1652/2016 ( 81.9%) |  364 blocks to retarget | Supply:    82650
[2026-08-01 17:03:02] H: 1680 | 1680/2016 ( 83.3%) |  336 blocks to retarget | Supply:    84050
[2026-08-01 17:04:04] H: 1706 | 1706/2016 ( 84.6%) |  310 blocks to retarget | Supply:    85350
[2026-08-01 17:05:08] H: 1734 | 1734/2016 ( 86.0%) |  282 blocks to retarget | Supply:    86750
[2026-08-01 17:06:11] H: 1752 | 1752/2016 ( 86.9%) |  264 blocks to retarget | Supply:    87650
[2026-08-01 17:07:16] H: 1775 | 1775/2016 ( 88.0%) |  241 blocks to retarget | Supply:    88800
[2026-08-01 17:08:21] H: 1803 | 1803/2016 ( 89.4%) |  213 blocks to retarget | Supply:    90200
[2026-08-01 17:09:25] H: 1821 | 1821/2016 ( 90.3%) |  195 blocks to retarget | Supply:    91100
[2026-08-01 17:10:28] H: 1839 | 1839/2016 ( 91.2%) |  177 blocks to retarget | Supply:    92000
[2026-08-01 17:11:31] H: 1861 | 1861/2016 ( 92.3%) |  155 blocks to retarget | Supply:    93100
[2026-08-01 17:12:32] H: 1887 | 1887/2016 ( 93.6%) |  129 blocks to retarget | Supply:    94400
[2026-08-01 17:13:35] H: 1911 | 1911/2016 ( 94.8%) |  105 blocks to retarget | Supply:    95600
[2026-08-01 17:14:40] H: 1917 | 1917/2016 ( 95.1%) |   99 blocks to retarget | Supply:    95900
[2026-08-01 17:15:41] H: 1933 | 1933/2016 ( 95.9%) |   83 blocks to retarget | Supply:    96700
[2026-08-01 17:16:44] H: 1961 | 1961/2016 ( 97.3%) |   55 blocks to retarget | Supply:    98100
[2026-08-01 17:17:45] H: 1988 | 1988/2016 ( 98.6%) |   28 blocks to retarget | Supply:    99450
[2026-08-01 17:18:48] H: 2006 | 2006/2016 ( 99.5%) |   10 blocks to retarget | Supply:   100350
[2026-08-01 17:19:01] 
!!!!!!!!!!!!!!!!!!!!!!!!!!!!!!!!!!!!!!!!!!!!!!!!!!!!!!!!!!!!!!!!!!!!!!!!!!!!!!!!
*** RETARGET EVENT DETECTED ***
Height: 2016 | Epoch: #1
Previous Difficulty: 65536
New Difficulty: 32768 (bits: 15)
Change: -32768 (-50.00%)
!!!!!!!!!!!!!!!!!!!!!!!!!!!!!!!!!!!!!!!!!!!!!!!!!!!!!!!!!!!!!!!!!!!!!!!!!!!!!!!!
[2026-08-01 17:19:49] H: 2031 |   15/2016 (  0.7%) | 2001 blocks to retarget | Supply:   101600
[2026-08-01 17:20:51] H: 2070 |   54/2016 (  2.7%) | 1962 blocks to retarget | Supply:   103550
[2026-08-01 17:21:53] H: 2113 |   97/2016 (  4.8%) | 1919 blocks to retarget | Supply:   105700
[2026-08-01 17:22:53] H: 2117 |  101/2016 (  5.0%) | 1915 blocks to retarget | Supply:   105900
[2026-08-01 17:23:56] H: 2117 |  101/2016 (  5.0%) | 1915 blocks to retarget | Supply:   105900
[2026-08-01 17:24:58] H: 2117 |  101/2016 (  5.0%) | 1915 blocks to retarget | Supply:   105900
[2026-08-01 17:26:01] H: 2117 |  101/2016 (  5.0%) | 1915 blocks to retarget | Supply:   105900
[2026-08-01 17:27:03] H: 2140 |  124/2016 (  6.2%) | 1892 blocks to retarget | Supply:   107050
[2026-08-01 17:28:05] H: 2175 |  159/2016 (  7.9%) | 1857 blocks to retarget | Supply:   108800
[2026-08-01 17:29:06] H: 2217 |  201/2016 ( 10.0%) | 1815 blocks to retarget | Supply:   110900
[2026-08-01 17:30:06] H: 2217 |  201/2016 ( 10.0%) | 1815 blocks to retarget | Supply:   110900
[2026-08-01 17:31:07] H: 2217 |  201/2016 ( 10.0%) | 1815 blocks to retarget | Supply:   110900
[2026-08-01 17:32:08] H: 2217 |  201/2016 ( 10.0%) | 1815 blocks to retarget | Supply:   110900
[2026-08-01 17:33:10] H: 2217 |  201/2016 ( 10.0%) | 1815 blocks to retarget | Supply:   110900
[2026-08-01 17:34:10] H: 2217 |  201/2016 ( 10.0%) | 1815 blocks to retarget | Supply:   110900
[2026-08-01 17:35:11] H: 2217 |  201/2016 ( 10.0%) | 1815 blocks to retarget | Supply:   110900
[2026-08-01 17:36:12] H: 2217 |  201/2016 ( 10.0%) | 1815 blocks to retarget | Supply:   110900
[2026-08-01 17:37:13] H: 2217 |  201/2016 ( 10.0%) | 1815 blocks to retarget | Supply:   110900
[2026-08-01 17:38:14] H: 2217 |  201/2016 ( 10.0%) | 1815 blocks to retarget | Supply:   110900
[2026-08-01 17:39:15] H: 2217 |  201/2016 ( 10.0%) | 1815 blocks to retarget | Supply:   110900
[2026-08-01 17:40:16] H: 2217 |  201/2016 ( 10.0%) | 1815 blocks to retarget | Supply:   110900
[2026-08-01 17:41:16] H: 2217 |  201/2016 ( 10.0%) | 1815 blocks to retarget | Supply:   110900
[2026-08-01 17:42:17] H: 2217 |  201/2016 ( 10.0%) | 1815 blocks to retarget | Supply:   110900
[2026-08-01 17:43:17] H: 2217 |  201/2016 ( 10.0%) | 1815 blocks to retarget | Supply:   110900
[2026-08-01 17:44:19] H: 2217 |  201/2016 ( 10.0%) | 1815 blocks to retarget | Supply:   110900
[2026-08-01 17:45:19] H: 2217 |  201/2016 ( 10.0%) | 1815 blocks to retarget | Supply:   110900
[2026-08-01 17:46:20] H: 2217 |  201/2016 ( 10.0%) | 1815 blocks to retarget | Supply:   110900
[2026-08-01 17:47:21] H: 2217 |  201/2016 ( 10.0%) | 1815 blocks to retarget | Supply:   110900
[2026-08-01 17:48:21] H: 2217 |  201/2016 ( 10.0%) | 1815 blocks to retarget | Supply:   110900
[2026-08-01 17:49:22] H: 2217 |  201/2016 ( 10.0%) | 1815 blocks to retarget | Supply:   110900
[2026-08-01 17:50:22] H: 2217 |  201/2016 ( 10.0%) | 1815 blocks to retarget | Supply:   110900
[2026-08-01 17:51:23] H: 2217 |  201/2016 ( 10.0%) | 1815 blocks to retarget | Supply:   110900
[2026-08-01 17:52:24] H: 2217 |  201/2016 ( 10.0%) | 1815 blocks to retarget | Supply:   110900
[2026-08-01 17:53:24] H: 2217 |  201/2016 ( 10.0%) | 1815 blocks to retarget | Supply:   110900
[2026-08-01 17:54:25] H: 2217 |  201/2016 ( 10.0%) | 1815 blocks to retarget | Supply:   110900
[2026-08-01 17:55:25] H: 2217 |  201/2016 ( 10.0%) | 1815 blocks to retarget | Supply:   110900
[2026-08-01 17:56:26] H: 2217 |  201/2016 ( 10.0%) | 1815 blocks to retarget | Supply:   110900
[2026-08-01 17:57:26] H: 2217 |  201/2016 ( 10.0%) | 1815 blocks to retarget | Supply:   110900
[2026-08-01 17:58:27] H: 2217 |  201/2016 ( 10.0%) | 1815 blocks to retarget | Supply:   110900
[2026-08-01 17:59:27] H: 2217 |  201/2016 ( 10.0%) | 1815 blocks to retarget | Supply:   110900
[2026-08-01 18:00:28] H: 2217 |  201/2016 ( 10.0%) | 1815 blocks to retarget | Supply:   110900
[2026-08-01 18:01:29] H: 2217 |  201/2016 ( 10.0%) | 1815 blocks to retarget | Supply:   110900
[2026-08-01 18:02:30] H: 2217 |  201/2016 ( 10.0%) | 1815 blocks to retarget | Supply:   110900
[2026-08-01 18:03:31] H: 2217 |  201/2016 ( 10.0%) | 1815 blocks to retarget | Supply:   110900
[2026-08-01 18:04:32] H: 2217 |  201/2016 ( 10.0%) | 1815 blocks to retarget | Supply:   110900
[2026-08-01 18:05:34] H: 2217 |  201/2016 ( 10.0%) | 1815 blocks to retarget | Supply:   110900
[2026-08-01 18:06:35] H: 2217 |  201/2016 ( 10.0%) | 1815 blocks to retarget | Supply:   110900
[2026-08-01 18:07:36] H: 2217 |  201/2016 ( 10.0%) | 1815 blocks to retarget | Supply:   110900
[2026-08-01 18:08:39] H: 2217 |  201/2016 ( 10.0%) | 1815 blocks to retarget | Supply:   110900
[2026-08-01 18:09:40] H: 2217 |  201/2016 ( 10.0%) | 1815 blocks to retarget | Supply:   110900
[2026-08-01 18:10:40] H: 2217 |  201/2016 ( 10.0%) | 1815 blocks to retarget | Supply:   110900
[2026-08-01 18:11:41] H: 2217 |  201/2016 ( 10.0%) | 1815 blocks to retarget | Supply:   110900
[2026-08-01 18:12:41] H: 2217 |  201/2016 ( 10.0%) | 1815 blocks to retarget | Supply:   110900
[2026-08-01 18:13:42] H: 2217 |  201/2016 ( 10.0%) | 1815 blocks to retarget | Supply:   110900
[2026-08-01 18:14:43] H: 2217 |  201/2016 ( 10.0%) | 1815 blocks to retarget | Supply:   110900
[2026-08-01 18:15:43] H: 2217 |  201/2016 ( 10.0%) | 1815 blocks to retarget | Supply:   110900
[2026-08-01 18:16:48] H: 2217 |  201/2016 ( 10.0%) | 1815 blocks to retarget | Supply:   110900
[2026-08-01 18:17:49] H: 2217 |  201/2016 ( 10.0%) | 1815 blocks to retarget | Supply:   110900
[2026-08-01 18:18:50] H: 2217 |  201/2016 ( 10.0%) | 1815 blocks to retarget | Supply:   110900
[2026-08-01 18:19:53] H: 2217 |  201/2016 ( 10.0%) | 1815 blocks to retarget | Supply:   110900
[2026-08-01 18:20:54] H: 2217 |  201/2016 ( 10.0%) | 1815 blocks to retarget | Supply:   110900
[2026-08-01 18:21:56] H: 2217 |  201/2016 ( 10.0%) | 1815 blocks to retarget | Supply:   110900
[2026-08-01 18:22:58] H: 2217 |  201/2016 ( 10.0%) | 1815 blocks to retarget | Supply:   110900
[2026-08-01 18:24:00] H: 2217 |  201/2016 ( 10.0%) | 1815 blocks to retarget | Supply:   110900
[2026-08-01 18:25:02] H: 2217 |  201/2016 ( 10.0%) | 1815 blocks to retarget | Supply:   110900
[2026-08-01 18:26:05] H: 2217 |  201/2016 ( 10.0%) | 1815 blocks to retarget | Supply:   110900
[2026-08-01 18:27:07] H: 2217 |  201/2016 ( 10.0%) | 1815 blocks to retarget | Supply:   110900
[2026-08-01 18:28:09] H: 2217 |  201/2016 ( 10.0%) | 1815 blocks to retarget | Supply:   110900
[2026-08-01 18:29:11] H: 2217 |  201/2016 ( 10.0%) | 1815 blocks to retarget | Supply:   110900
[2026-08-01 18:30:13] H: 2217 |  201/2016 ( 10.0%) | 1815 blocks to retarget | Supply:   110900
[2026-08-01 18:31:14] H: 2217 |  201/2016 ( 10.0%) | 1815 blocks to retarget | Supply:   110900
[2026-08-01 18:32:15] H: 2217 |  201/2016 ( 10.0%) | 1815 blocks to retarget | Supply:   110900
[2026-08-01 18:33:16] H: 2217 |  201/2016 ( 10.0%) | 1815 blocks to retarget | Supply:   110900
[2026-08-01 18:34:17] H: 2217 |  201/2016 ( 10.0%) | 1815 blocks to retarget | Supply:   110900
[2026-08-01 18:35:19] H: 2217 |  201/2016 ( 10.0%) | 1815 blocks to retarget | Supply:   110900
[2026-08-01 18:36:21] H: 2217 |  201/2016 ( 10.0%) | 1815 blocks to retarget | Supply:   110900
[2026-08-01 18:37:23] H: 2217 |  201/2016 ( 10.0%) | 1815 blocks to retarget | Supply:   110900
[2026-08-01 18:38:24] H: 2217 |  201/2016 ( 10.0%) | 1815 blocks to retarget | Supply:   110900
[2026-08-01 18:39:26] H: 2217 |  201/2016 ( 10.0%) | 1815 blocks to retarget | Supply:   110900
[2026-08-01 18:40:27] H: 2217 |  201/2016 ( 10.0%) | 1815 blocks to retarget | Supply:   110900
[2026-08-01 18:41:28] H: 2217 |  201/2016 ( 10.0%) | 1815 blocks to retarget | Supply:   110900
[2026-08-01 18:42:30] H: 2217 |  201/2016 ( 10.0%) | 1815 blocks to retarget | Supply:   110900
[2026-08-01 18:43:31] H: 2217 |  201/2016 ( 10.0%) | 1815 blocks to retarget | Supply:   110900
[2026-08-01 18:44:31] H: 2217 |  201/2016 ( 10.0%) | 1815 blocks to retarget | Supply:   110900
[2026-08-01 18:45:32] H: 2217 |  201/2016 ( 10.0%) | 1815 blocks to retarget | Supply:   110900
[2026-08-01 18:46:34] H: 2217 |  201/2016 ( 10.0%) | 1815 blocks to retarget | Supply:   110900
[2026-08-01 18:47:34] H: 2217 |  201/2016 ( 10.0%) | 1815 blocks to retarget | Supply:   110900
[2026-08-01 18:48:36] H: 2217 |  201/2016 ( 10.0%) | 1815 blocks to retarget | Supply:   110900
[2026-08-01 18:49:37] H: 2217 |  201/2016 ( 10.0%) | 1815 blocks to retarget | Supply:   110900
[2026-08-01 18:50:37] H: 2217 |  201/2016 ( 10.0%) | 1815 blocks to retarget | Supply:   110900
[2026-08-01 18:51:39] H: 2217 |  201/2016 ( 10.0%) | 1815 blocks to retarget | Supply:   110900
[2026-08-01 18:52:41] H: 2217 |  201/2016 ( 10.0%) | 1815 blocks to retarget | Supply:   110900
[2026-08-01 18:53:42] H: 2217 |  201/2016 ( 10.0%) | 1815 blocks to retarget | Supply:   110900
[2026-08-01 18:54:43] H: 2217 |  201/2016 ( 10.0%) | 1815 blocks to retarget | Supply:   110900
[2026-08-01 18:55:45] H: 2217 |  201/2016 ( 10.0%) | 1815 blocks to retarget | Supply:   110900
[2026-08-01 18:56:47] H: 2217 |  201/2016 ( 10.0%) | 1815 blocks to retarget | Supply:   110900
[2026-08-01 18:57:48] H: 2217 |  201/2016 ( 10.0%) | 1815 blocks to retarget | Supply:   110900
[2026-08-01 18:58:49] H: 2217 |  201/2016 ( 10.0%) | 1815 blocks to retarget | Supply:   110900
[2026-08-01 18:59:50] H: 2217 |  201/2016 ( 10.0%) | 1815 blocks to retarget | Supply:   110900
[2026-08-01 19:00:51] H: 2217 |  201/2016 ( 10.0%) | 1815 blocks to retarget | Supply:   110900
[2026-08-01 19:01:53] H: 2217 |  201/2016 ( 10.0%) | 1815 blocks to retarget | Supply:   110900
[2026-08-01 19:02:53] H: 2217 |  201/2016 ( 10.0%) | 1815 blocks to retarget | Supply:   110900
[2026-08-01 19:03:56] H: 2217 |  201/2016 ( 10.0%) | 1815 blocks to retarget | Supply:   110900
[2026-08-01 19:04:57] H: 2217 |  201/2016 ( 10.0%) | 1815 blocks to retarget | Supply:   110900
[2026-08-01 19:05:58] H: 2217 |  201/2016 ( 10.0%) | 1815 blocks to retarget | Supply:   110900
[2026-08-01 19:07:00] H: 2217 |  201/2016 ( 10.0%) | 1815 blocks to retarget | Supply:   110900
[2026-08-01 19:08:01] H: 2217 |  201/2016 ( 10.0%) | 1815 blocks to retarget | Supply:   110900
[2026-08-01 19:09:03] H: 2217 |  201/2016 ( 10.0%) | 1815 blocks to retarget | Supply:   110900
[2026-08-01 19:10:03] H: 2217 |  201/2016 ( 10.0%) | 1815 blocks to retarget | Supply:   110900
[2026-08-01 19:11:05] H: 2217 |  201/2016 ( 10.0%) | 1815 blocks to retarget | Supply:   110900
[2026-08-01 19:12:06] H: 2217 |  201/2016 ( 10.0%) | 1815 blocks to retarget | Supply:   110900
[2026-08-01 19:13:08] H: 2217 |  201/2016 ( 10.0%) | 1815 blocks to retarget | Supply:   110900
[2026-08-01 19:14:09] H: 2217 |  201/2016 ( 10.0%) | 1815 blocks to retarget | Supply:   110900
[2026-08-01 19:15:10] H: 2217 |  201/2016 ( 10.0%) | 1815 blocks to retarget | Supply:   110900
[2026-08-01 19:16:10] H: 2217 |  201/2016 ( 10.0%) | 1815 blocks to retarget | Supply:   110900
[2026-08-01 19:17:11] H: 2217 |  201/2016 ( 10.0%) | 1815 blocks to retarget | Supply:   110900
[2026-08-01 19:18:12] H: 2217 |  201/2016 ( 10.0%) | 1815 blocks to retarget | Supply:   110900
[2026-08-01 19:18:42] ERROR: HTTPSConnectionPool(host='moonbite.org', port=443): Max retries exceeded with url: /api/blockchain/info (Caused by SSLError(SSLCertVerificationError(1, "[SSL: CERTIFICATE_VERIFY_FAILED] certificate verify failed: Hostname mismatch, certificate is not valid for 'moonbite.org'. (_ssl.c:1081)")))
[2026-08-01 19:18:48] ERROR: HTTPSConnectionPool(host='moonbite.org', port=443): Max retries exceeded with url: /api/blockchain/info (Caused by SSLError(SSLCertVerificationError(1, "[SSL: CERTIFICATE_VERIFY_FAILED] certificate verify failed: Hostname mismatch, certificate is not valid for 'moonbite.org'. (_ssl.c:1081)")))
[2026-08-01 19:18:53] ERROR: HTTPSConnectionPool(host='moonbite.org', port=443): Max retries exceeded with url: /api/blockchain/info (Caused by SSLError(SSLCertVerificationError(1, "[SSL: CERTIFICATE_VERIFY_FAILED] certificate verify failed: Hostname mismatch, certificate is not valid for 'moonbite.org'. (_ssl.c:1081)")))
[2026-08-01 19:18:59] ERROR: HTTPSConnectionPool(host='moonbite.org', port=443): Max retries exceeded with url: /api/blockchain/info (Caused by SSLError(SSLCertVerificationError(1, "[SSL: CERTIFICATE_VERIFY_FAILED] certificate verify failed: Hostname mismatch, certificate is not valid for 'moonbite.org'. (_ssl.c:1081)")))
[2026-08-01 19:19:05] ERROR: HTTPSConnectionPool(host='moonbite.org', port=443): Max retries exceeded with url: /api/blockchain/info (Caused by SSLError(SSLCertVerificationError(1, "[SSL: CERTIFICATE_VERIFY_FAILED] certificate verify failed: Hostname mismatch, certificate is not valid for 'moonbite.org'. (_ssl.c:1081)")))
[2026-08-01 19:19:11] ERROR: HTTPSConnectionPool(host='moonbite.org', port=443): Max retries exceeded with url: /api/blockchain/info (Caused by SSLError(SSLCertVerificationError(1, "[SSL: CERTIFICATE_VERIFY_FAILED] certificate verify failed: Hostname mismatch, certificate is not valid for 'moonbite.org'. (_ssl.c:1081)")))
[2026-08-01 19:19:16] ERROR: HTTPSConnectionPool(host='moonbite.org', port=443): Max retries exceeded with url: /api/blockchain/info (Caused by SSLError(SSLCertVerificationError(1, "[SSL: CERTIFICATE_VERIFY_FAILED] certificate verify failed: Hostname mismatch, certificate is not valid for 'moonbite.org'. (_ssl.c:1081)")))
[2026-08-01 19:19:22] ERROR: HTTPSConnectionPool(host='moonbite.org', port=443): Max retries exceeded with url: /api/blockchain/info (Caused by SSLError(SSLCertVerificationError(1, "[SSL: CERTIFICATE_VERIFY_FAILED] certificate verify failed: Hostname mismatch, certificate is not valid for 'moonbite.org'. (_ssl.c:1081)")))
[2026-08-01 19:19:28] ERROR: HTTPSConnectionPool(host='moonbite.org', port=443): Max retries exceeded with url: /api/blockchain/info (Caused by SSLError(SSLCertVerificationError(1, "[SSL: CERTIFICATE_VERIFY_FAILED] certificate verify failed: Hostname mismatch, certificate is not valid for 'moonbite.org'. (_ssl.c:1081)")))
[2026-08-01 19:19:34] ERROR: HTTPSConnectionPool(host='moonbite.org', port=443): Max retries exceeded with url: /api/blockchain/info (Caused by SSLError(SSLCertVerificationError(1, "[SSL: CERTIFICATE_VERIFY_FAILED] certificate verify failed: Hostname mismatch, certificate is not valid for 'moonbite.org'. (_ssl.c:1081)")))
[2026-08-01 19:19:39] ERROR: HTTPSConnectionPool(host='moonbite.org', port=443): Max retries exceeded with url: /api/blockchain/info (Caused by SSLError(SSLCertVerificationError(1, "[SSL: CERTIFICATE_VERIFY_FAILED] certificate verify failed: Hostname mismatch, certificate is not valid for 'moonbite.org'. (_ssl.c:1081)")))
[2026-08-01 19:19:45] ERROR: HTTPSConnectionPool(host='moonbite.org', port=443): Max retries exceeded with url: /api/blockchain/info (Caused by SSLError(SSLCertVerificationError(1, "[SSL: CERTIFICATE_VERIFY_FAILED] certificate verify failed: Hostname mismatch, certificate is not valid for 'moonbite.org'. (_ssl.c:1081)")))
[2026-08-01 19:19:51] ERROR: HTTPSConnectionPool(host='moonbite.org', port=443): Max retries exceeded with url: /api/blockchain/info (Caused by SSLError(SSLCertVerificationError(1, "[SSL: CERTIFICATE_VERIFY_FAILED] certificate verify failed: Hostname mismatch, certificate is not valid for 'moonbite.org'. (_ssl.c:1081)")))
[2026-08-01 19:19:57] ERROR: HTTPSConnectionPool(host='moonbite.org', port=443): Max retries exceeded with url: /api/blockchain/info (Caused by SSLError(SSLCertVerificationError(1, "[SSL: CERTIFICATE_VERIFY_FAILED] certificate verify failed: Hostname mismatch, certificate is not valid for 'moonbite.org'. (_ssl.c:1081)")))
[2026-08-01 19:20:03] ERROR: HTTPSConnectionPool(host='moonbite.org', port=443): Max retries exceeded with url: /api/blockchain/info (Caused by SSLError(SSLCertVerificationError(1, "[SSL: CERTIFICATE_VERIFY_FAILED] certificate verify failed: Hostname mismatch, certificate is not valid for 'moonbite.org'. (_ssl.c:1081)")))
[2026-08-01 19:20:08] ERROR: HTTPSConnectionPool(host='moonbite.org', port=443): Max retries exceeded with url: /api/blockchain/info (Caused by SSLError(SSLCertVerificationError(1, "[SSL: CERTIFICATE_VERIFY_FAILED] certificate verify failed: Hostname mismatch, certificate is not valid for 'moonbite.org'. (_ssl.c:1081)")))
[2026-08-01 19:20:14] ERROR: HTTPSConnectionPool(host='moonbite.org', port=443): Max retries exceeded with url: /api/blockchain/info (Caused by SSLError(SSLCertVerificationError(1, "[SSL: CERTIFICATE_VERIFY_FAILED] certificate verify failed: Hostname mismatch, certificate is not valid for 'moonbite.org'. (_ssl.c:1081)")))
[2026-08-01 19:20:20] ERROR: HTTPSConnectionPool(host='moonbite.org', port=443): Max retries exceeded with url: /api/blockchain/info (Caused by SSLError(SSLCertVerificationError(1, "[SSL: CERTIFICATE_VERIFY_FAILED] certificate verify failed: Hostname mismatch, certificate is not valid for 'moonbite.org'. (_ssl.c:1081)")))
[2026-08-01 19:20:25] ERROR: HTTPSConnectionPool(host='moonbite.org', port=443): Max retries exceeded with url: /api/blockchain/info (Caused by SSLError(SSLCertVerificationError(1, "[SSL: CERTIFICATE_VERIFY_FAILED] certificate verify failed: Hostname mismatch, certificate is not valid for 'moonbite.org'. (_ssl.c:1081)")))
[2026-08-01 19:20:31] ERROR: HTTPSConnectionPool(host='moonbite.org', port=443): Max retries exceeded with url: /api/blockchain/info (Caused by SSLError(SSLCertVerificationError(1, "[SSL: CERTIFICATE_VERIFY_FAILED] certificate verify failed: Hostname mismatch, certificate is not valid for 'moonbite.org'. (_ssl.c:1081)")))
[2026-08-01 19:20:37] ERROR: HTTPSConnectionPool(host='moonbite.org', port=443): Max retries exceeded with url: /api/blockchain/info (Caused by SSLError(SSLCertVerificationError(1, "[SSL: CERTIFICATE_VERIFY_FAILED] certificate verify failed: Hostname mismatch, certificate is not valid for 'moonbite.org'. (_ssl.c:1081)")))
[2026-08-01 19:21:13] H: 2217 |  201/2016 ( 10.0%) | 1815 blocks to retarget | Supply:   110900
[2026-08-01 19:22:15] H: 2217 |  201/2016 ( 10.0%) | 1815 blocks to retarget | Supply:   110900
[2026-08-01 19:23:16] H: 2217 |  201/2016 ( 10.0%) | 1815 blocks to retarget | Supply:   110900
[2026-08-01 19:24:17] H: 2217 |  201/2016 ( 10.0%) | 1815 blocks to retarget | Supply:   110900
[2026-08-01 19:25:17] H: 2217 |  201/2016 ( 10.0%) | 1815 blocks to retarget | Supply:   110900
[2026-08-01 19:26:18] H: 2217 |  201/2016 ( 10.0%) | 1815 blocks to retarget | Supply:   110900
[2026-08-01 19:27:19] H: 2217 |  201/2016 ( 10.0%) | 1815 blocks to retarget | Supply:   110900
[2026-08-01 19:28:20] H: 2217 |  201/2016 ( 10.0%) | 1815 blocks to retarget | Supply:   110900
[2026-08-01 19:29:19] H: 2217 |  201/2016 ( 10.0%) | 1815 blocks to retarget | Supply:   110900
[2026-08-01 19:30:20] H: 2217 |  201/2016 ( 10.0%) | 1815 blocks to retarget | Supply:   110900
[2026-08-01 19:31:21] H: 2217 |  201/2016 ( 10.0%) | 1815 blocks to retarget | Supply:   110900
[2026-08-01 19:32:22] H: 2217 |  201/2016 ( 10.0%) | 1815 blocks to retarget | Supply:   110900
[2026-08-01 19:33:23] H: 2217 |  201/2016 ( 10.0%) | 1815 blocks to retarget | Supply:   110900
[2026-08-01 19:34:24] H: 2217 |  201/2016 ( 10.0%) | 1815 blocks to retarget | Supply:   110900
[2026-08-01 19:35:24] H: 2217 |  201/2016 ( 10.0%) | 1815 blocks to retarget | Supply:   110900
[2026-08-01 19:36:27] H: 2217 |  201/2016 ( 10.0%) | 1815 blocks to retarget | Supply:   110900
[2026-08-01 19:37:29] H: 2217 |  201/2016 ( 10.0%) | 1815 blocks to retarget | Supply:   110900
[2026-08-01 19:38:31] H: 2217 |  201/2016 ( 10.0%) | 1815 blocks to retarget | Supply:   110900
[2026-08-01 19:39:32] H: 2217 |  201/2016 ( 10.0%) | 1815 blocks to retarget | Supply:   110900
[2026-08-01 19:40:33] H: 2217 |  201/2016 ( 10.0%) | 1815 blocks to retarget | Supply:   110900
[2026-08-01 19:41:34] H: 2217 |  201/2016 ( 10.0%) | 1815 blocks to retarget | Supply:   110900
[2026-08-01 19:42:35] H: 2217 |  201/2016 ( 10.0%) | 1815 blocks to retarget | Supply:   110900
[2026-08-01 19:43:36] H: 2217 |  201/2016 ( 10.0%) | 1815 blocks to retarget | Supply:   110900
[2026-08-01 19:44:37] H: 2217 |  201/2016 ( 10.0%) | 1815 blocks to retarget | Supply:   110900
[2026-08-01 19:45:38] H: 2217 |  201/2016 ( 10.0%) | 1815 blocks to retarget | Supply:   110900
[2026-08-01 19:46:39] H: 2217 |  201/2016 ( 10.0%) | 1815 blocks to retarget | Supply:   110900
[2026-08-01 19:47:42] H: 2217 |  201/2016 ( 10.0%) | 1815 blocks to retarget | Supply:   110900
[2026-08-01 19:48:19] ERROR: HTTPSConnectionPool(host='moonbite.org', port=443): Read timed out. (read timeout=5)
[2026-08-01 19:48:57] H: 2217 |  201/2016 ( 10.0%) | 1815 blocks to retarget | Supply:   110900
[2026-08-01 19:49:58] H: 2217 |  201/2016 ( 10.0%) | 1815 blocks to retarget | Supply:   110900
[2026-08-01 19:50:47] ERROR: HTTPSConnectionPool(host='moonbite.org', port=443): Max retries exceeded with url: /api/blockchain/info (Caused by SSLError(SSLCertVerificationError(1, "[SSL: CERTIFICATE_VERIFY_FAILED] certificate verify failed: Hostname mismatch, certificate is not valid for 'moonbite.org'. (_ssl.c:1081)")))
[2026-08-01 19:50:53] ERROR: HTTPSConnectionPool(host='moonbite.org', port=443): Max retries exceeded with url: /api/blockchain/info (Caused by SSLError(SSLCertVerificationError(1, "[SSL: CERTIFICATE_VERIFY_FAILED] certificate verify failed: Hostname mismatch, certificate is not valid for 'moonbite.org'. (_ssl.c:1081)")))
[2026-08-01 19:50:59] ERROR: HTTPSConnectionPool(host='moonbite.org', port=443): Max retries exceeded with url: /api/blockchain/info (Caused by SSLError(SSLCertVerificationError(1, "[SSL: CERTIFICATE_VERIFY_FAILED] certificate verify failed: Hostname mismatch, certificate is not valid for 'moonbite.org'. (_ssl.c:1081)")))
[2026-08-01 19:51:05] ERROR: HTTPSConnectionPool(host='moonbite.org', port=443): Max retries exceeded with url: /api/blockchain/info (Caused by SSLError(SSLCertVerificationError(1, "[SSL: CERTIFICATE_VERIFY_FAILED] certificate verify failed: Hostname mismatch, certificate is not valid for 'moonbite.org'. (_ssl.c:1081)")))
[2026-08-01 19:51:10] ERROR: HTTPSConnectionPool(host='moonbite.org', port=443): Max retries exceeded with url: /api/blockchain/info (Caused by SSLError(SSLCertVerificationError(1, "[SSL: CERTIFICATE_VERIFY_FAILED] certificate verify failed: Hostname mismatch, certificate is not valid for 'moonbite.org'. (_ssl.c:1081)")))
[2026-08-01 19:51:16] ERROR: HTTPSConnectionPool(host='moonbite.org', port=443): Max retries exceeded with url: /api/blockchain/info (Caused by SSLError(SSLCertVerificationError(1, "[SSL: CERTIFICATE_VERIFY_FAILED] certificate verify failed: Hostname mismatch, certificate is not valid for 'moonbite.org'. (_ssl.c:1081)")))
[2026-08-01 19:51:22] ERROR: HTTPSConnectionPool(host='moonbite.org', port=443): Max retries exceeded with url: /api/blockchain/info (Caused by SSLError(SSLCertVerificationError(1, "[SSL: CERTIFICATE_VERIFY_FAILED] certificate verify failed: Hostname mismatch, certificate is not valid for 'moonbite.org'. (_ssl.c:1081)")))
[2026-08-01 19:51:28] ERROR: HTTPSConnectionPool(host='moonbite.org', port=443): Max retries exceeded with url: /api/blockchain/info (Caused by SSLError(SSLCertVerificationError(1, "[SSL: CERTIFICATE_VERIFY_FAILED] certificate verify failed: Hostname mismatch, certificate is not valid for 'moonbite.org'. (_ssl.c:1081)")))
[2026-08-01 19:51:33] ERROR: HTTPSConnectionPool(host='moonbite.org', port=443): Max retries exceeded with url: /api/blockchain/info (Caused by SSLError(SSLCertVerificationError(1, "[SSL: CERTIFICATE_VERIFY_FAILED] certificate verify failed: Hostname mismatch, certificate is not valid for 'moonbite.org'. (_ssl.c:1081)")))
[2026-08-01 19:51:39] ERROR: HTTPSConnectionPool(host='moonbite.org', port=443): Max retries exceeded with url: /api/blockchain/info (Caused by SSLError(SSLCertVerificationError(1, "[SSL: CERTIFICATE_VERIFY_FAILED] certificate verify failed: Hostname mismatch, certificate is not valid for 'moonbite.org'. (_ssl.c:1081)")))
[2026-08-01 19:51:45] ERROR: HTTPSConnectionPool(host='moonbite.org', port=443): Max retries exceeded with url: /api/blockchain/info (Caused by SSLError(SSLCertVerificationError(1, "[SSL: CERTIFICATE_VERIFY_FAILED] certificate verify failed: Hostname mismatch, certificate is not valid for 'moonbite.org'. (_ssl.c:1081)")))
[2026-08-01 19:52:04] H: 2217 |  201/2016 ( 10.0%) | 1815 blocks to retarget | Supply:   110900
[2026-08-01 19:53:05] H: 2217 |  201/2016 ( 10.0%) | 1815 blocks to retarget | Supply:   110900
[2026-08-01 19:54:06] H: 2217 |  201/2016 ( 10.0%) | 1815 blocks to retarget | Supply:   110900
[2026-08-01 19:55:08] H: 2217 |  201/2016 ( 10.0%) | 1815 blocks to retarget | Supply:   110900
[2026-08-01 19:56:11] H: 2217 |  201/2016 ( 10.0%) | 1815 blocks to retarget | Supply:   110900
[2026-08-01 19:57:13] H: 2217 |  201/2016 ( 10.0%) | 1815 blocks to retarget | Supply:   110900
[2026-08-01 19:58:14] H: 2217 |  201/2016 ( 10.0%) | 1815 blocks to retarget | Supply:   110900
[2026-08-01 19:59:17] H: 2217 |  201/2016 ( 10.0%) | 1815 blocks to retarget | Supply:   110900
[2026-08-01 20:00:19] H: 2217 |  201/2016 ( 10.0%) | 1815 blocks to retarget | Supply:   110900
[2026-08-01 20:01:20] H: 2217 |  201/2016 ( 10.0%) | 1815 blocks to retarget | Supply:   110900
[2026-08-01 20:02:21] H: 2217 |  201/2016 ( 10.0%) | 1815 blocks to retarget | Supply:   110900
[2026-08-01 20:03:22] H: 2217 |  201/2016 ( 10.0%) | 1815 blocks to retarget | Supply:   110900
[2026-08-01 20:04:22] H: 2217 |  201/2016 ( 10.0%) | 1815 blocks to retarget | Supply:   110900
[2026-08-01 20:05:23] H: 2217 |  201/2016 ( 10.0%) | 1815 blocks to retarget | Supply:   110900
[2026-08-01 20:06:24] H: 2217 |  201/2016 ( 10.0%) | 1815 blocks to retarget | Supply:   110900
[2026-08-01 20:07:28] H: 2217 |  201/2016 ( 10.0%) | 1815 blocks to retarget | Supply:   110900
[2026-08-01 20:08:30] H: 2217 |  201/2016 ( 10.0%) | 1815 blocks to retarget | Supply:   110900
[2026-08-01 20:09:31] H: 2217 |  201/2016 ( 10.0%) | 1815 blocks to retarget | Supply:   110900
[2026-08-01 20:10:32] H: 2217 |  201/2016 ( 10.0%) | 1815 blocks to retarget | Supply:   110900
[2026-08-01 20:11:33] H: 2217 |  201/2016 ( 10.0%) | 1815 blocks to retarget | Supply:   110900
[2026-08-01 20:12:34] H: 2217 |  201/2016 ( 10.0%) | 1815 blocks to retarget | Supply:   110900
[2026-08-01 20:13:36] H: 2217 |  201/2016 ( 10.0%) | 1815 blocks to retarget | Supply:   110900
[2026-08-01 20:14:37] H: 2217 |  201/2016 ( 10.0%) | 1815 blocks to retarget | Supply:   110900
[2026-08-01 20:15:40] H: 2217 |  201/2016 ( 10.0%) | 1815 blocks to retarget | Supply:   110900
[2026-08-01 20:16:41] H: 2217 |  201/2016 ( 10.0%) | 1815 blocks to retarget | Supply:   110900
[2026-08-01 20:17:42] H: 2217 |  201/2016 ( 10.0%) | 1815 blocks to retarget | Supply:   110900
[2026-08-01 20:18:42] H: 2217 |  201/2016 ( 10.0%) | 1815 blocks to retarget | Supply:   110900
[2026-08-01 20:19:42] H: 2217 |  201/2016 ( 10.0%) | 1815 blocks to retarget | Supply:   110900
[2026-08-01 20:20:44] H: 2217 |  201/2016 ( 10.0%) | 1815 blocks to retarget | Supply:   110900
[2026-08-01 20:21:45] H: 2217 |  201/2016 ( 10.0%) | 1815 blocks to retarget | Supply:   110900
[2026-08-01 20:21:51] ERROR: HTTPSConnectionPool(host='moonbite.org', port=443): Max retries exceeded with url: /api/blockchain/info (Caused by SSLError(SSLCertVerificationError(1, "[SSL: CERTIFICATE_VERIFY_FAILED] certificate verify failed: Hostname mismatch, certificate is not valid for 'moonbite.org'. (_ssl.c:1081)")))
[2026-08-01 20:21:57] ERROR: HTTPSConnectionPool(host='moonbite.org', port=443): Max retries exceeded with url: /api/blockchain/info (Caused by SSLError(SSLCertVerificationError(1, "[SSL: CERTIFICATE_VERIFY_FAILED] certificate verify failed: Hostname mismatch, certificate is not valid for 'moonbite.org'. (_ssl.c:1081)")))
[2026-08-01 20:22:02] ERROR: HTTPSConnectionPool(host='moonbite.org', port=443): Max retries exceeded with url: /api/blockchain/info (Caused by SSLError(SSLCertVerificationError(1, "[SSL: CERTIFICATE_VERIFY_FAILED] certificate verify failed: Hostname mismatch, certificate is not valid for 'moonbite.org'. (_ssl.c:1081)")))
[2026-08-01 20:22:08] ERROR: HTTPSConnectionPool(host='moonbite.org', port=443): Max retries exceeded with url: /api/blockchain/info (Caused by SSLError(SSLCertVerificationError(1, "[SSL: CERTIFICATE_VERIFY_FAILED] certificate verify failed: Hostname mismatch, certificate is not valid for 'moonbite.org'. (_ssl.c:1081)")))
[2026-08-01 20:22:14] ERROR: HTTPSConnectionPool(host='moonbite.org', port=443): Max retries exceeded with url: /api/blockchain/info (Caused by SSLError(SSLCertVerificationError(1, "[SSL: CERTIFICATE_VERIFY_FAILED] certificate verify failed: Hostname mismatch, certificate is not valid for 'moonbite.org'. (_ssl.c:1081)")))
[2026-08-01 20:22:19] ERROR: HTTPSConnectionPool(host='moonbite.org', port=443): Max retries exceeded with url: /api/blockchain/info (Caused by SSLError(SSLCertVerificationError(1, "[SSL: CERTIFICATE_VERIFY_FAILED] certificate verify failed: Hostname mismatch, certificate is not valid for 'moonbite.org'. (_ssl.c:1081)")))
[2026-08-01 20:22:25] ERROR: HTTPSConnectionPool(host='moonbite.org', port=443): Max retries exceeded with url: /api/blockchain/info (Caused by SSLError(SSLCertVerificationError(1, "[SSL: CERTIFICATE_VERIFY_FAILED] certificate verify failed: Hostname mismatch, certificate is not valid for 'moonbite.org'. (_ssl.c:1081)")))
[2026-08-01 20:22:31] ERROR: HTTPSConnectionPool(host='moonbite.org', port=443): Max retries exceeded with url: /api/blockchain/info (Caused by SSLError(SSLCertVerificationError(1, "[SSL: CERTIFICATE_VERIFY_FAILED] certificate verify failed: Hostname mismatch, certificate is not valid for 'moonbite.org'. (_ssl.c:1081)")))
[2026-08-01 20:22:37] ERROR: HTTPSConnectionPool(host='moonbite.org', port=443): Max retries exceeded with url: /api/blockchain/info (Caused by SSLError(SSLCertVerificationError(1, "[SSL: CERTIFICATE_VERIFY_FAILED] certificate verify failed: Hostname mismatch, certificate is not valid for 'moonbite.org'. (_ssl.c:1081)")))
[2026-08-01 20:22:42] ERROR: HTTPSConnectionPool(host='moonbite.org', port=443): Max retries exceeded with url: /api/blockchain/info (Caused by SSLError(SSLCertVerificationError(1, "[SSL: CERTIFICATE_VERIFY_FAILED] certificate verify failed: Hostname mismatch, certificate is not valid for 'moonbite.org'. (_ssl.c:1081)")))
[2026-08-01 20:23:44] H: 2217 |  201/2016 ( 10.0%) | 1815 blocks to retarget | Supply:   110900
[2026-08-01 20:24:45] H: 2217 |  201/2016 ( 10.0%) | 1815 blocks to retarget | Supply:   110900
[2026-08-01 20:25:45] H: 2217 |  201/2016 ( 10.0%) | 1815 blocks to retarget | Supply:   110900
[2026-08-01 20:26:46] H: 2217 |  201/2016 ( 10.0%) | 1815 blocks to retarget | Supply:   110900
[2026-08-01 20:27:46] H: 2217 |  201/2016 ( 10.0%) | 1815 blocks to retarget | Supply:   110900
[2026-08-01 20:28:48] H: 2217 |  201/2016 ( 10.0%) | 1815 blocks to retarget | Supply:   110900
[2026-08-01 20:29:48] H: 2217 |  201/2016 ( 10.0%) | 1815 blocks to retarget | Supply:   110900
[2026-08-01 20:30:49] H: 2217 |  201/2016 ( 10.0%) | 1815 blocks to retarget | Supply:   110900
[2026-08-01 20:31:52] H: 2217 |  201/2016 ( 10.0%) | 1815 blocks to retarget | Supply:   110900
[2026-08-01 20:32:53] H: 2217 |  201/2016 ( 10.0%) | 1815 blocks to retarget | Supply:   110900
[2026-08-01 20:33:53] H: 2217 |  201/2016 ( 10.0%) | 1815 blocks to retarget | Supply:   110900
[2026-08-01 20:34:55] H: 2217 |  201/2016 ( 10.0%) | 1815 blocks to retarget | Supply:   110900
[2026-08-01 20:35:56] H: 2217 |  201/2016 ( 10.0%) | 1815 blocks to retarget | Supply:   110900
[2026-08-01 20:36:56] H: 2217 |  201/2016 ( 10.0%) | 1815 blocks to retarget | Supply:   110900
[2026-08-01 20:37:56] H: 2217 |  201/2016 ( 10.0%) | 1815 blocks to retarget | Supply:   110900
[2026-08-01 20:38:57] H: 2217 |  201/2016 ( 10.0%) | 1815 blocks to retarget | Supply:   110900
[2026-08-01 20:39:58] H: 2217 |  201/2016 ( 10.0%) | 1815 blocks to retarget | Supply:   110900
[2026-08-01 20:40:58] H: 2217 |  201/2016 ( 10.0%) | 1815 blocks to retarget | Supply:   110900
[2026-08-01 20:41:58] H: 2217 |  201/2016 ( 10.0%) | 1815 blocks to retarget | Supply:   110900
[2026-08-01 20:42:59] H: 2217 |  201/2016 ( 10.0%) | 1815 blocks to retarget | Supply:   110900
[2026-08-01 20:44:01] H: 2217 |  201/2016 ( 10.0%) | 1815 blocks to retarget | Supply:   110900
[2026-08-01 20:45:03] H: 2217 |  201/2016 ( 10.0%) | 1815 blocks to retarget | Supply:   110900
[2026-08-01 20:46:04] H: 2217 |  201/2016 ( 10.0%) | 1815 blocks to retarget | Supply:   110900
[2026-08-01 20:47:05] H: 2217 |  201/2016 ( 10.0%) | 1815 blocks to retarget | Supply:   110900
[2026-08-01 20:48:06] H: 2217 |  201/2016 ( 10.0%) | 1815 blocks to retarget | Supply:   110900
[2026-08-01 20:49:08] H: 2217 |  201/2016 ( 10.0%) | 1815 blocks to retarget | Supply:   110900
[2026-08-01 20:50:08] H: 2217 |  201/2016 ( 10.0%) | 1815 blocks to retarget | Supply:   110900
[2026-08-01 20:51:10] H: 2217 |  201/2016 ( 10.0%) | 1815 blocks to retarget | Supply:   110900
[2026-08-01 20:52:12] H: 2217 |  201/2016 ( 10.0%) | 1815 blocks to retarget | Supply:   110900
[2026-08-01 20:52:48] ERROR: HTTPSConnectionPool(host='moonbite.org', port=443): Max retries exceeded with url: /api/blockchain/info (Caused by SSLError(SSLCertVerificationError(1, "[SSL: CERTIFICATE_VERIFY_FAILED] certificate verify failed: Hostname mismatch, certificate is not valid for 'moonbite.org'. (_ssl.c:1081)")))
[2026-08-01 20:52:54] ERROR: HTTPSConnectionPool(host='moonbite.org', port=443): Max retries exceeded with url: /api/blockchain/info (Caused by SSLError(SSLCertVerificationError(1, "[SSL: CERTIFICATE_VERIFY_FAILED] certificate verify failed: Hostname mismatch, certificate is not valid for 'moonbite.org'. (_ssl.c:1081)")))
[2026-08-01 20:53:00] ERROR: HTTPSConnectionPool(host='moonbite.org', port=443): Max retries exceeded with url: /api/blockchain/info (Caused by SSLError(SSLCertVerificationError(1, "[SSL: CERTIFICATE_VERIFY_FAILED] certificate verify failed: Hostname mismatch, certificate is not valid for 'moonbite.org'. (_ssl.c:1081)")))
[2026-08-01 20:53:05] ERROR: HTTPSConnectionPool(host='moonbite.org', port=443): Max retries exceeded with url: /api/blockchain/info (Caused by SSLError(SSLCertVerificationError(1, "[SSL: CERTIFICATE_VERIFY_FAILED] certificate verify failed: Hostname mismatch, certificate is not valid for 'moonbite.org'. (_ssl.c:1081)")))
[2026-08-01 20:53:11] ERROR: HTTPSConnectionPool(host='moonbite.org', port=443): Max retries exceeded with url: /api/blockchain/info (Caused by SSLError(SSLCertVerificationError(1, "[SSL: CERTIFICATE_VERIFY_FAILED] certificate verify failed: Hostname mismatch, certificate is not valid for 'moonbite.org'. (_ssl.c:1081)")))
[2026-08-01 20:53:17] ERROR: HTTPSConnectionPool(host='moonbite.org', port=443): Max retries exceeded with url: /api/blockchain/info (Caused by SSLError(SSLCertVerificationError(1, "[SSL: CERTIFICATE_VERIFY_FAILED] certificate verify failed: Hostname mismatch, certificate is not valid for 'moonbite.org'. (_ssl.c:1081)")))
[2026-08-01 20:53:23] ERROR: HTTPSConnectionPool(host='moonbite.org', port=443): Max retries exceeded with url: /api/blockchain/info (Caused by SSLError(SSLCertVerificationError(1, "[SSL: CERTIFICATE_VERIFY_FAILED] certificate verify failed: Hostname mismatch, certificate is not valid for 'moonbite.org'. (_ssl.c:1081)")))
[2026-08-01 20:53:28] ERROR: HTTPSConnectionPool(host='moonbite.org', port=443): Max retries exceeded with url: /api/blockchain/info (Caused by SSLError(SSLCertVerificationError(1, "[SSL: CERTIFICATE_VERIFY_FAILED] certificate verify failed: Hostname mismatch, certificate is not valid for 'moonbite.org'. (_ssl.c:1081)")))
[2026-08-01 20:53:34] ERROR: HTTPSConnectionPool(host='moonbite.org', port=443): Max retries exceeded with url: /api/blockchain/info (Caused by SSLError(SSLCertVerificationError(1, "[SSL: CERTIFICATE_VERIFY_FAILED] certificate verify failed: Hostname mismatch, certificate is not valid for 'moonbite.org'. (_ssl.c:1081)")))
[2026-08-01 20:53:40] ERROR: HTTPSConnectionPool(host='moonbite.org', port=443): Max retries exceeded with url: /api/blockchain/info (Caused by SSLError(SSLCertVerificationError(1, "[SSL: CERTIFICATE_VERIFY_FAILED] certificate verify failed: Hostname mismatch, certificate is not valid for 'moonbite.org'. (_ssl.c:1081)")))
[2026-08-01 20:53:46] ERROR: HTTPSConnectionPool(host='moonbite.org', port=443): Max retries exceeded with url: /api/blockchain/info (Caused by SSLError(SSLCertVerificationError(1, "[SSL: CERTIFICATE_VERIFY_FAILED] certificate verify failed: Hostname mismatch, certificate is not valid for 'moonbite.org'. (_ssl.c:1081)")))
[2026-08-01 20:54:16] H: 2217 |  201/2016 ( 10.0%) | 1815 blocks to retarget | Supply:   110900
[2026-08-01 20:55:16] H: 2217 |  201/2016 ( 10.0%) | 1815 blocks to retarget | Supply:   110900
[2026-08-01 20:56:18] H: 2217 |  201/2016 ( 10.0%) | 1815 blocks to retarget | Supply:   110900
[2026-08-01 20:57:20] H: 2217 |  201/2016 ( 10.0%) | 1815 blocks to retarget | Supply:   110900
[2026-08-01 20:58:21] H: 2217 |  201/2016 ( 10.0%) | 1815 blocks to retarget | Supply:   110900
[2026-08-01 20:59:22] H: 2217 |  201/2016 ( 10.0%) | 1815 blocks to retarget | Supply:   110900
[2026-08-01 21:00:23] H: 2217 |  201/2016 ( 10.0%) | 1815 blocks to retarget | Supply:   110900
[2026-08-01 21:01:24] H: 2217 |  201/2016 ( 10.0%) | 1815 blocks to retarget | Supply:   110900
[2026-08-01 21:02:26] H: 2217 |  201/2016 ( 10.0%) | 1815 blocks to retarget | Supply:   110900
[2026-08-01 21:03:26] H: 2217 |  201/2016 ( 10.0%) | 1815 blocks to retarget | Supply:   110900
[2026-08-01 21:04:26] H: 2217 |  201/2016 ( 10.0%) | 1815 blocks to retarget | Supply:   110900
[2026-08-01 21:05:28] H: 2217 |  201/2016 ( 10.0%) | 1815 blocks to retarget | Supply:   110900
[2026-08-01 21:06:28] H: 2217 |  201/2016 ( 10.0%) | 1815 blocks to retarget | Supply:   110900
[2026-08-01 21:07:30] H: 2217 |  201/2016 ( 10.0%) | 1815 blocks to retarget | Supply:   110900
[2026-08-01 21:08:30] H: 2217 |  201/2016 ( 10.0%) | 1815 blocks to retarget | Supply:   110900
[2026-08-01 21:09:32] H: 2217 |  201/2016 ( 10.0%) | 1815 blocks to retarget | Supply:   110900
[2026-08-01 21:10:33] H: 2217 |  201/2016 ( 10.0%) | 1815 blocks to retarget | Supply:   110900
[2026-08-01 21:11:37] H: 2217 |  201/2016 ( 10.0%) | 1815 blocks to retarget | Supply:   110900
[2026-08-01 21:12:38] H: 2217 |  201/2016 ( 10.0%) | 1815 blocks to retarget | Supply:   110900
[2026-08-01 21:13:40] H: 2217 |  201/2016 ( 10.0%) | 1815 blocks to retarget | Supply:   110900
[2026-08-01 21:14:40] H: 2217 |  201/2016 ( 10.0%) | 1815 blocks to retarget | Supply:   110900
[2026-08-01 21:15:41] H: 2217 |  201/2016 ( 10.0%) | 1815 blocks to retarget | Supply:   110900
[2026-08-01 21:16:41] H: 2217 |  201/2016 ( 10.0%) | 1815 blocks to retarget | Supply:   110900
[2026-08-01 21:17:41] H: 2217 |  201/2016 ( 10.0%) | 1815 blocks to retarget | Supply:   110900
[2026-08-01 21:18:42] H: 2217 |  201/2016 ( 10.0%) | 1815 blocks to retarget | Supply:   110900
[2026-08-01 21:19:42] H: 2217 |  201/2016 ( 10.0%) | 1815 blocks to retarget | Supply:   110900
[2026-08-01 21:20:42] H: 2217 |  201/2016 ( 10.0%) | 1815 blocks to retarget | Supply:   110900
[2026-08-01 21:21:42] H: 2217 |  201/2016 ( 10.0%) | 1815 blocks to retarget | Supply:   110900
[2026-08-01 21:22:43] H: 2217 |  201/2016 ( 10.0%) | 1815 blocks to retarget | Supply:   110900
[2026-08-01 21:23:45] H: 2217 |  201/2016 ( 10.0%) | 1815 blocks to retarget | Supply:   110900
[2026-08-01 21:23:51] ERROR: HTTPSConnectionPool(host='moonbite.org', port=443): Max retries exceeded with url: /api/blockchain/info (Caused by SSLError(SSLCertVerificationError(1, "[SSL: CERTIFICATE_VERIFY_FAILED] certificate verify failed: Hostname mismatch, certificate is not valid for 'moonbite.org'. (_ssl.c:1081)")))
[2026-08-01 21:23:57] ERROR: HTTPSConnectionPool(host='moonbite.org', port=443): Max retries exceeded with url: /api/blockchain/info (Caused by SSLError(SSLCertVerificationError(1, "[SSL: CERTIFICATE_VERIFY_FAILED] certificate verify failed: Hostname mismatch, certificate is not valid for 'moonbite.org'. (_ssl.c:1081)")))
[2026-08-01 21:24:02] ERROR: HTTPSConnectionPool(host='moonbite.org', port=443): Max retries exceeded with url: /api/blockchain/info (Caused by SSLError(SSLCertVerificationError(1, "[SSL: CERTIFICATE_VERIFY_FAILED] certificate verify failed: Hostname mismatch, certificate is not valid for 'moonbite.org'. (_ssl.c:1081)")))
[2026-08-01 21:24:08] ERROR: HTTPSConnectionPool(host='moonbite.org', port=443): Max retries exceeded with url: /api/blockchain/info (Caused by SSLError(SSLCertVerificationError(1, "[SSL: CERTIFICATE_VERIFY_FAILED] certificate verify failed: Hostname mismatch, certificate is not valid for 'moonbite.org'. (_ssl.c:1081)")))
[2026-08-01 21:24:14] ERROR: HTTPSConnectionPool(host='moonbite.org', port=443): Max retries exceeded with url: /api/blockchain/info (Caused by SSLError(SSLCertVerificationError(1, "[SSL: CERTIFICATE_VERIFY_FAILED] certificate verify failed: Hostname mismatch, certificate is not valid for 'moonbite.org'. (_ssl.c:1081)")))
[2026-08-01 21:24:19] ERROR: HTTPSConnectionPool(host='moonbite.org', port=443): Max retries exceeded with url: /api/blockchain/info (Caused by SSLError(SSLCertVerificationError(1, "[SSL: CERTIFICATE_VERIFY_FAILED] certificate verify failed: Hostname mismatch, certificate is not valid for 'moonbite.org'. (_ssl.c:1081)")))
[2026-08-01 21:24:25] ERROR: HTTPSConnectionPool(host='moonbite.org', port=443): Max retries exceeded with url: /api/blockchain/info (Caused by SSLError(SSLCertVerificationError(1, "[SSL: CERTIFICATE_VERIFY_FAILED] certificate verify failed: Hostname mismatch, certificate is not valid for 'moonbite.org'. (_ssl.c:1081)")))
[2026-08-01 21:24:31] ERROR: HTTPSConnectionPool(host='moonbite.org', port=443): Max retries exceeded with url: /api/blockchain/info (Caused by SSLError(SSLCertVerificationError(1, "[SSL: CERTIFICATE_VERIFY_FAILED] certificate verify failed: Hostname mismatch, certificate is not valid for 'moonbite.org'. (_ssl.c:1081)")))
[2026-08-01 21:24:36] ERROR: HTTPSConnectionPool(host='moonbite.org', port=443): Max retries exceeded with url: /api/blockchain/info (Caused by SSLError(SSLCertVerificationError(1, "[SSL: CERTIFICATE_VERIFY_FAILED] certificate verify failed: Hostname mismatch, certificate is not valid for 'moonbite.org'. (_ssl.c:1081)")))
[2026-08-01 21:24:42] ERROR: HTTPSConnectionPool(host='moonbite.org', port=443): Max retries exceeded with url: /api/blockchain/info (Caused by SSLError(SSLCertVerificationError(1, "[SSL: CERTIFICATE_VERIFY_FAILED] certificate verify failed: Hostname mismatch, certificate is not valid for 'moonbite.org'. (_ssl.c:1081)")))
[2026-08-01 21:24:48] ERROR: HTTPSConnectionPool(host='moonbite.org', port=443): Max retries exceeded with url: /api/blockchain/info (Caused by SSLError(SSLCertVerificationError(1, "[SSL: CERTIFICATE_VERIFY_FAILED] certificate verify failed: Hostname mismatch, certificate is not valid for 'moonbite.org'. (_ssl.c:1081)")))
[2026-08-01 21:25:48] H: 2217 |  201/2016 ( 10.0%) | 1815 blocks to retarget | Supply:   110900
[2026-08-01 21:26:48] H: 2217 |  201/2016 ( 10.0%) | 1815 blocks to retarget | Supply:   110900
[2026-08-01 21:27:48] H: 2217 |  201/2016 ( 10.0%) | 1815 blocks to retarget | Supply:   110900
[2026-08-01 21:28:49] H: 2217 |  201/2016 ( 10.0%) | 1815 blocks to retarget | Supply:   110900
[2026-08-01 21:29:48] H: 2217 |  201/2016 ( 10.0%) | 1815 blocks to retarget | Supply:   110900
[2026-08-01 21:30:50] H: 2217 |  201/2016 ( 10.0%) | 1815 blocks to retarget | Supply:   110900
[2026-08-01 21:31:51] H: 2217 |  201/2016 ( 10.0%) | 1815 blocks to retarget | Supply:   110900
[2026-08-01 21:32:53] H: 2217 |  201/2016 ( 10.0%) | 1815 blocks to retarget | Supply:   110900
[2026-08-01 21:33:53] H: 2217 |  201/2016 ( 10.0%) | 1815 blocks to retarget | Supply:   110900
[2026-08-01 21:34:53] H: 2217 |  201/2016 ( 10.0%) | 1815 blocks to retarget | Supply:   110900
[2026-08-01 21:35:54] H: 2217 |  201/2016 ( 10.0%) | 1815 blocks to retarget | Supply:   110900
[2026-08-01 21:36:26] ERROR: HTTPSConnectionPool(host='moonbite.org', port=443): Read timed out. (read timeout=5)
[2026-08-01 21:36:45] ERROR: HTTPSConnectionPool(host='moonbite.org', port=443): Read timed out. (read timeout=5)
[2026-08-01 21:36:56] ERROR: HTTPSConnectionPool(host='moonbite.org', port=443): Read timed out. (read timeout=5)
[2026-08-01 21:37:38] H: 2217 |  201/2016 ( 10.0%) | 1815 blocks to retarget | Supply:   110900
[2026-08-01 21:38:39] H: 2217 |  201/2016 ( 10.0%) | 1815 blocks to retarget | Supply:   110900
[2026-08-01 21:39:39] H: 2217 |  201/2016 ( 10.0%) | 1815 blocks to retarget | Supply:   110900
[2026-08-01 21:40:40] H: 2217 |  201/2016 ( 10.0%) | 1815 blocks to retarget | Supply:   110900
[2026-08-01 21:41:40] H: 2217 |  201/2016 ( 10.0%) | 1815 blocks to retarget | Supply:   110900
[2026-08-01 21:42:42] H: 2217 |  201/2016 ( 10.0%) | 1815 blocks to retarget | Supply:   110900
[2026-08-01 21:43:42] H: 2217 |  201/2016 ( 10.0%) | 1815 blocks to retarget | Supply:   110900
[2026-08-01 21:44:42] H: 2217 |  201/2016 ( 10.0%) | 1815 blocks to retarget | Supply:   110900
[2026-08-01 21:45:42] H: 2217 |  201/2016 ( 10.0%) | 1815 blocks to retarget | Supply:   110900
[2026-08-01 21:46:43] H: 2217 |  201/2016 ( 10.0%) | 1815 blocks to retarget | Supply:   110900
[2026-08-01 21:47:44] H: 2217 |  201/2016 ( 10.0%) | 1815 blocks to retarget | Supply:   110900
[2026-08-01 21:48:44] H: 2217 |  201/2016 ( 10.0%) | 1815 blocks to retarget | Supply:   110900
[2026-08-01 21:49:45] H: 2217 |  201/2016 ( 10.0%) | 1815 blocks to retarget | Supply:   110900
[2026-08-01 21:50:45] H: 2217 |  201/2016 ( 10.0%) | 1815 blocks to retarget | Supply:   110900
[2026-08-01 21:51:45] H: 2217 |  201/2016 ( 10.0%) | 1815 blocks to retarget | Supply:   110900
[2026-08-01 21:52:46] H: 2217 |  201/2016 ( 10.0%) | 1815 blocks to retarget | Supply:   110900
[2026-08-01 21:53:46] H: 2217 |  201/2016 ( 10.0%) | 1815 blocks to retarget | Supply:   110900
[2026-08-01 21:54:47] H: 2217 |  201/2016 ( 10.0%) | 1815 blocks to retarget | Supply:   110900
[2026-08-01 21:54:53] ERROR: HTTPSConnectionPool(host='moonbite.org', port=443): Max retries exceeded with url: /api/blockchain/info (Caused by SSLError(SSLCertVerificationError(1, "[SSL: CERTIFICATE_VERIFY_FAILED] certificate verify failed: Hostname mismatch, certificate is not valid for 'moonbite.org'. (_ssl.c:1081)")))
[2026-08-01 21:54:59] ERROR: HTTPSConnectionPool(host='moonbite.org', port=443): Max retries exceeded with url: /api/blockchain/info (Caused by SSLError(SSLCertVerificationError(1, "[SSL: CERTIFICATE_VERIFY_FAILED] certificate verify failed: Hostname mismatch, certificate is not valid for 'moonbite.org'. (_ssl.c:1081)")))
[2026-08-01 21:55:04] ERROR: HTTPSConnectionPool(host='moonbite.org', port=443): Max retries exceeded with url: /api/blockchain/info (Caused by SSLError(SSLCertVerificationError(1, "[SSL: CERTIFICATE_VERIFY_FAILED] certificate verify failed: Hostname mismatch, certificate is not valid for 'moonbite.org'. (_ssl.c:1081)")))
[2026-08-01 21:55:10] ERROR: HTTPSConnectionPool(host='moonbite.org', port=443): Max retries exceeded with url: /api/blockchain/info (Caused by SSLError(SSLCertVerificationError(1, "[SSL: CERTIFICATE_VERIFY_FAILED] certificate verify failed: Hostname mismatch, certificate is not valid for 'moonbite.org'. (_ssl.c:1081)")))
[2026-08-01 21:55:16] ERROR: HTTPSConnectionPool(host='moonbite.org', port=443): Max retries exceeded with url: /api/blockchain/info (Caused by SSLError(SSLCertVerificationError(1, "[SSL: CERTIFICATE_VERIFY_FAILED] certificate verify failed: Hostname mismatch, certificate is not valid for 'moonbite.org'. (_ssl.c:1081)")))
[2026-08-01 21:55:21] ERROR: HTTPSConnectionPool(host='moonbite.org', port=443): Max retries exceeded with url: /api/blockchain/info (Caused by SSLError(SSLCertVerificationError(1, "[SSL: CERTIFICATE_VERIFY_FAILED] certificate verify failed: Hostname mismatch, certificate is not valid for 'moonbite.org'. (_ssl.c:1081)")))
[2026-08-01 21:55:27] ERROR: HTTPSConnectionPool(host='moonbite.org', port=443): Max retries exceeded with url: /api/blockchain/info (Caused by SSLError(SSLCertVerificationError(1, "[SSL: CERTIFICATE_VERIFY_FAILED] certificate verify failed: Hostname mismatch, certificate is not valid for 'moonbite.org'. (_ssl.c:1081)")))
[2026-08-01 21:55:33] ERROR: HTTPSConnectionPool(host='moonbite.org', port=443): Max retries exceeded with url: /api/blockchain/info (Caused by SSLError(SSLCertVerificationError(1, "[SSL: CERTIFICATE_VERIFY_FAILED] certificate verify failed: Hostname mismatch, certificate is not valid for 'moonbite.org'. (_ssl.c:1081)")))
[2026-08-01 21:55:38] ERROR: HTTPSConnectionPool(host='moonbite.org', port=443): Max retries exceeded with url: /api/blockchain/info (Caused by SSLError(SSLCertVerificationError(1, "[SSL: CERTIFICATE_VERIFY_FAILED] certificate verify failed: Hostname mismatch, certificate is not valid for 'moonbite.org'. (_ssl.c:1081)")))
[2026-08-01 21:55:44] ERROR: HTTPSConnectionPool(host='moonbite.org', port=443): Max retries exceeded with url: /api/blockchain/info (Caused by SSLError(SSLCertVerificationError(1, "[SSL: CERTIFICATE_VERIFY_FAILED] certificate verify failed: Hostname mismatch, certificate is not valid for 'moonbite.org'. (_ssl.c:1081)")))
[2026-08-01 21:55:50] ERROR: HTTPSConnectionPool(host='moonbite.org', port=443): Max retries exceeded with url: /api/blockchain/info (Caused by SSLError(SSLCertVerificationError(1, "[SSL: CERTIFICATE_VERIFY_FAILED] certificate verify failed: Hostname mismatch, certificate is not valid for 'moonbite.org'. (_ssl.c:1081)")))
[2026-08-01 21:55:55] ERROR: HTTPSConnectionPool(host='moonbite.org', port=443): Max retries exceeded with url: /api/blockchain/info (Caused by SSLError(SSLCertVerificationError(1, "[SSL: CERTIFICATE_VERIFY_FAILED] certificate verify failed: Hostname mismatch, certificate is not valid for 'moonbite.org'. (_ssl.c:1081)")))
[2026-08-01 21:56:01] ERROR: HTTPSConnectionPool(host='moonbite.org', port=443): Max retries exceeded with url: /api/blockchain/info (Caused by SSLError(SSLCertVerificationError(1, "[SSL: CERTIFICATE_VERIFY_FAILED] certificate verify failed: Hostname mismatch, certificate is not valid for 'moonbite.org'. (_ssl.c:1081)")))
[2026-08-01 21:56:07] ERROR: HTTPSConnectionPool(host='moonbite.org', port=443): Max retries exceeded with url: /api/blockchain/info (Caused by SSLError(SSLCertVerificationError(1, "[SSL: CERTIFICATE_VERIFY_FAILED] certificate verify failed: Hostname mismatch, certificate is not valid for 'moonbite.org'. (_ssl.c:1081)")))
[2026-08-01 21:56:12] ERROR: HTTPSConnectionPool(host='moonbite.org', port=443): Max retries exceeded with url: /api/blockchain/info (Caused by SSLError(SSLCertVerificationError(1, "[SSL: CERTIFICATE_VERIFY_FAILED] certificate verify failed: Hostname mismatch, certificate is not valid for 'moonbite.org'. (_ssl.c:1081)")))
[2026-08-01 21:56:18] ERROR: HTTPSConnectionPool(host='moonbite.org', port=443): Max retries exceeded with url: /api/blockchain/info (Caused by SSLError(SSLCertVerificationError(1, "[SSL: CERTIFICATE_VERIFY_FAILED] certificate verify failed: Hostname mismatch, certificate is not valid for 'moonbite.org'. (_ssl.c:1081)")))
[2026-08-01 21:56:25] ERROR: HTTPSConnectionPool(host='moonbite.org', port=443): Max retries exceeded with url: /api/blockchain/info (Caused by SSLError(SSLCertVerificationError(1, "[SSL: CERTIFICATE_VERIFY_FAILED] certificate verify failed: Hostname mismatch, certificate is not valid for 'moonbite.org'. (_ssl.c:1081)")))
[2026-08-01 21:56:31] ERROR: HTTPSConnectionPool(host='moonbite.org', port=443): Max retries exceeded with url: /api/blockchain/info (Caused by SSLError(SSLCertVerificationError(1, "[SSL: CERTIFICATE_VERIFY_FAILED] certificate verify failed: Hostname mismatch, certificate is not valid for 'moonbite.org'. (_ssl.c:1081)")))
[2026-08-01 21:56:37] ERROR: HTTPSConnectionPool(host='moonbite.org', port=443): Max retries exceeded with url: /api/blockchain/info (Caused by SSLError(SSLCertVerificationError(1, "[SSL: CERTIFICATE_VERIFY_FAILED] certificate verify failed: Hostname mismatch, certificate is not valid for 'moonbite.org'. (_ssl.c:1081)")))
[2026-08-01 21:56:42] ERROR: HTTPSConnectionPool(host='moonbite.org', port=443): Max retries exceeded with url: /api/blockchain/info (Caused by SSLError(SSLCertVerificationError(1, "[SSL: CERTIFICATE_VERIFY_FAILED] certificate verify failed: Hostname mismatch, certificate is not valid for 'moonbite.org'. (_ssl.c:1081)")))
[2026-08-01 21:56:48] ERROR: HTTPSConnectionPool(host='moonbite.org', port=443): Max retries exceeded with url: /api/blockchain/info (Caused by SSLError(SSLCertVerificationError(1, "[SSL: CERTIFICATE_VERIFY_FAILED] certificate verify failed: Hostname mismatch, certificate is not valid for 'moonbite.org'. (_ssl.c:1081)")))
[2026-08-01 21:56:54] ERROR: HTTPSConnectionPool(host='moonbite.org', port=443): Max retries exceeded with url: /api/blockchain/info (Caused by SSLError(SSLCertVerificationError(1, "[SSL: CERTIFICATE_VERIFY_FAILED] certificate verify failed: Hostname mismatch, certificate is not valid for 'moonbite.org'. (_ssl.c:1081)")))
[2026-08-01 21:57:00] ERROR: HTTPSConnectionPool(host='moonbite.org', port=443): Max retries exceeded with url: /api/blockchain/info (Caused by SSLError(SSLCertVerificationError(1, "[SSL: CERTIFICATE_VERIFY_FAILED] certificate verify failed: Hostname mismatch, certificate is not valid for 'moonbite.org'. (_ssl.c:1081)")))
[2026-08-01 21:57:05] ERROR: HTTPSConnectionPool(host='moonbite.org', port=443): Max retries exceeded with url: /api/blockchain/info (Caused by SSLError(SSLCertVerificationError(1, "[SSL: CERTIFICATE_VERIFY_FAILED] certificate verify failed: Hostname mismatch, certificate is not valid for 'moonbite.org'. (_ssl.c:1081)")))
[2026-08-01 21:57:11] ERROR: HTTPSConnectionPool(host='moonbite.org', port=443): Max retries exceeded with url: /api/blockchain/info (Caused by SSLError(SSLCertVerificationError(1, "[SSL: CERTIFICATE_VERIFY_FAILED] certificate verify failed: Hostname mismatch, certificate is not valid for 'moonbite.org'. (_ssl.c:1081)")))
[2026-08-01 21:57:17] ERROR: HTTPSConnectionPool(host='moonbite.org', port=443): Max retries exceeded with url: /api/blockchain/info (Caused by SSLError(SSLCertVerificationError(1, "[SSL: CERTIFICATE_VERIFY_FAILED] certificate verify failed: Hostname mismatch, certificate is not valid for 'moonbite.org'. (_ssl.c:1081)")))
[2026-08-01 21:57:23] ERROR: HTTPSConnectionPool(host='moonbite.org', port=443): Max retries exceeded with url: /api/blockchain/info (Caused by SSLError(SSLCertVerificationError(1, "[SSL: CERTIFICATE_VERIFY_FAILED] certificate verify failed: Hostname mismatch, certificate is not valid for 'moonbite.org'. (_ssl.c:1081)")))
[2026-08-01 21:57:29] ERROR: HTTPSConnectionPool(host='moonbite.org', port=443): Max retries exceeded with url: /api/blockchain/info (Caused by SSLError(SSLCertVerificationError(1, "[SSL: CERTIFICATE_VERIFY_FAILED] certificate verify failed: Hostname mismatch, certificate is not valid for 'moonbite.org'. (_ssl.c:1081)")))
[2026-08-01 21:57:35] ERROR: HTTPSConnectionPool(host='moonbite.org', port=443): Max retries exceeded with url: /api/blockchain/info (Caused by SSLError(SSLCertVerificationError(1, "[SSL: CERTIFICATE_VERIFY_FAILED] certificate verify failed: Hostname mismatch, certificate is not valid for 'moonbite.org'. (_ssl.c:1081)")))
[2026-08-01 21:57:40] ERROR: HTTPSConnectionPool(host='moonbite.org', port=443): Max retries exceeded with url: /api/blockchain/info (Caused by SSLError(SSLCertVerificationError(1, "[SSL: CERTIFICATE_VERIFY_FAILED] certificate verify failed: Hostname mismatch, certificate is not valid for 'moonbite.org'. (_ssl.c:1081)")))
[2026-08-01 21:57:46] ERROR: HTTPSConnectionPool(host='moonbite.org', port=443): Max retries exceeded with url: /api/blockchain/info (Caused by SSLError(SSLCertVerificationError(1, "[SSL: CERTIFICATE_VERIFY_FAILED] certificate verify failed: Hostname mismatch, certificate is not valid for 'moonbite.org'. (_ssl.c:1081)")))
[2026-08-01 21:57:52] ERROR: HTTPSConnectionPool(host='moonbite.org', port=443): Max retries exceeded with url: /api/blockchain/info (Caused by SSLError(SSLCertVerificationError(1, "[SSL: CERTIFICATE_VERIFY_FAILED] certificate verify failed: Hostname mismatch, certificate is not valid for 'moonbite.org'. (_ssl.c:1081)")))
[2026-08-01 21:58:53] H: 2217 |  201/2016 ( 10.0%) | 1815 blocks to retarget | Supply:   110900
[2026-08-01 21:59:53] H: 2217 |  201/2016 ( 10.0%) | 1815 blocks to retarget | Supply:   110900
[2026-08-01 22:00:55] H: 2217 |  201/2016 ( 10.0%) | 1815 blocks to retarget | Supply:   110900
[2026-08-01 22:01:56] H: 2217 |  201/2016 ( 10.0%) | 1815 blocks to retarget | Supply:   110900
[2026-08-01 22:02:58] H: 2217 |  201/2016 ( 10.0%) | 1815 blocks to retarget | Supply:   110900
[2026-08-01 22:03:59] H: 2217 |  201/2016 ( 10.0%) | 1815 blocks to retarget | Supply:   110900
[2026-08-01 22:05:01] H: 2217 |  201/2016 ( 10.0%) | 1815 blocks to retarget | Supply:   110900
[2026-08-01 22:06:01] H: 2217 |  201/2016 ( 10.0%) | 1815 blocks to retarget | Supply:   110900
[2026-08-01 22:07:02] H: 2217 |  201/2016 ( 10.0%) | 1815 blocks to retarget | Supply:   110900
[2026-08-01 22:08:03] H: 2217 |  201/2016 ( 10.0%) | 1815 blocks to retarget | Supply:   110900
[2026-08-01 22:09:04] H: 2217 |  201/2016 ( 10.0%) | 1815 blocks to retarget | Supply:   110900
[2026-08-01 22:10:05] H: 2217 |  201/2016 ( 10.0%) | 1815 blocks to retarget | Supply:   110900
[2026-08-01 22:11:06] H: 2217 |  201/2016 ( 10.0%) | 1815 blocks to retarget | Supply:   110900
[2026-08-01 22:12:07] H: 2217 |  201/2016 ( 10.0%) | 1815 blocks to retarget | Supply:   110900
[2026-08-01 22:13:08] H: 2217 |  201/2016 ( 10.0%) | 1815 blocks to retarget | Supply:   110900
[2026-08-01 22:14:10] H: 2217 |  201/2016 ( 10.0%) | 1815 blocks to retarget | Supply:   110900
[2026-08-01 22:15:12] H: 2217 |  201/2016 ( 10.0%) | 1815 blocks to retarget | Supply:   110900
[2026-08-01 22:16:13] H: 2217 |  201/2016 ( 10.0%) | 1815 blocks to retarget | Supply:   110900
[2026-08-01 22:17:13] H: 2217 |  201/2016 ( 10.0%) | 1815 blocks to retarget | Supply:   110900
[2026-08-01 22:18:14] H: 2217 |  201/2016 ( 10.0%) | 1815 blocks to retarget | Supply:   110900
[2026-08-01 22:19:15] H: 2217 |  201/2016 ( 10.0%) | 1815 blocks to retarget | Supply:   110900
[2026-08-01 22:20:15] H: 2217 |  201/2016 ( 10.0%) | 1815 blocks to retarget | Supply:   110900
[2026-08-01 22:21:16] H: 2217 |  201/2016 ( 10.0%) | 1815 blocks to retarget | Supply:   110900
[2026-08-01 22:21:34] ERROR: HTTPSConnectionPool(host='moonbite.org', port=443): Read timed out. (read timeout=5)
[2026-08-01 22:22:28] H: 2217 |  201/2016 ( 10.0%) | 1815 blocks to retarget | Supply:   110900
[2026-08-01 22:23:28] H: 2217 |  201/2016 ( 10.0%) | 1815 blocks to retarget | Supply:   110900
[2026-08-01 22:24:29] H: 2217 |  201/2016 ( 10.0%) | 1815 blocks to retarget | Supply:   110900
[2026-08-01 22:25:30] H: 2217 |  201/2016 ( 10.0%) | 1815 blocks to retarget | Supply:   110900
[2026-08-01 22:26:32] H: 2217 |  201/2016 ( 10.0%) | 1815 blocks to retarget | Supply:   110900
[2026-08-01 22:27:33] H: 2217 |  201/2016 ( 10.0%) | 1815 blocks to retarget | Supply:   110900
[2026-08-01 22:27:57] ERROR: HTTPSConnectionPool(host='moonbite.org', port=443): Max retries exceeded with url: /api/blockchain/info (Caused by SSLError(SSLCertVerificationError(1, "[SSL: CERTIFICATE_VERIFY_FAILED] certificate verify failed: Hostname mismatch, certificate is not valid for 'moonbite.org'. (_ssl.c:1081)")))
[2026-08-01 22:28:02] ERROR: HTTPSConnectionPool(host='moonbite.org', port=443): Max retries exceeded with url: /api/blockchain/info (Caused by SSLError(SSLCertVerificationError(1, "[SSL: CERTIFICATE_VERIFY_FAILED] certificate verify failed: Hostname mismatch, certificate is not valid for 'moonbite.org'. (_ssl.c:1081)")))
[2026-08-01 22:28:08] ERROR: HTTPSConnectionPool(host='moonbite.org', port=443): Max retries exceeded with url: /api/blockchain/info (Caused by SSLError(SSLCertVerificationError(1, "[SSL: CERTIFICATE_VERIFY_FAILED] certificate verify failed: Hostname mismatch, certificate is not valid for 'moonbite.org'. (_ssl.c:1081)")))
[2026-08-01 22:28:14] ERROR: HTTPSConnectionPool(host='moonbite.org', port=443): Max retries exceeded with url: /api/blockchain/info (Caused by SSLError(SSLCertVerificationError(1, "[SSL: CERTIFICATE_VERIFY_FAILED] certificate verify failed: Hostname mismatch, certificate is not valid for 'moonbite.org'. (_ssl.c:1081)")))
[2026-08-01 22:28:20] ERROR: HTTPSConnectionPool(host='moonbite.org', port=443): Max retries exceeded with url: /api/blockchain/info (Caused by SSLError(SSLCertVerificationError(1, "[SSL: CERTIFICATE_VERIFY_FAILED] certificate verify failed: Hostname mismatch, certificate is not valid for 'moonbite.org'. (_ssl.c:1081)")))
[2026-08-01 22:28:25] ERROR: HTTPSConnectionPool(host='moonbite.org', port=443): Max retries exceeded with url: /api/blockchain/info (Caused by SSLError(SSLCertVerificationError(1, "[SSL: CERTIFICATE_VERIFY_FAILED] certificate verify failed: Hostname mismatch, certificate is not valid for 'moonbite.org'. (_ssl.c:1081)")))
[2026-08-01 22:28:31] ERROR: HTTPSConnectionPool(host='moonbite.org', port=443): Max retries exceeded with url: /api/blockchain/info (Caused by SSLError(SSLCertVerificationError(1, "[SSL: CERTIFICATE_VERIFY_FAILED] certificate verify failed: Hostname mismatch, certificate is not valid for 'moonbite.org'. (_ssl.c:1081)")))
[2026-08-01 22:28:37] ERROR: HTTPSConnectionPool(host='moonbite.org', port=443): Max retries exceeded with url: /api/blockchain/info (Caused by SSLError(SSLCertVerificationError(1, "[SSL: CERTIFICATE_VERIFY_FAILED] certificate verify failed: Hostname mismatch, certificate is not valid for 'moonbite.org'. (_ssl.c:1081)")))
[2026-08-01 22:28:42] ERROR: HTTPSConnectionPool(host='moonbite.org', port=443): Max retries exceeded with url: /api/blockchain/info (Caused by SSLError(SSLCertVerificationError(1, "[SSL: CERTIFICATE_VERIFY_FAILED] certificate verify failed: Hostname mismatch, certificate is not valid for 'moonbite.org'. (_ssl.c:1081)")))
[2026-08-01 22:28:48] ERROR: HTTPSConnectionPool(host='moonbite.org', port=443): Max retries exceeded with url: /api/blockchain/info (Caused by SSLError(SSLCertVerificationError(1, "[SSL: CERTIFICATE_VERIFY_FAILED] certificate verify failed: Hostname mismatch, certificate is not valid for 'moonbite.org'. (_ssl.c:1081)")))
[2026-08-01 22:28:53] ERROR: HTTPSConnectionPool(host='moonbite.org', port=443): Max retries exceeded with url: /api/blockchain/info (Caused by SSLError(SSLCertVerificationError(1, "[SSL: CERTIFICATE_VERIFY_FAILED] certificate verify failed: Hostname mismatch, certificate is not valid for 'moonbite.org'. (_ssl.c:1081)")))
[2026-08-01 22:29:36] H: 2217 |  201/2016 ( 10.0%) | 1815 blocks to retarget | Supply:   110900
[2026-08-01 22:30:38] H: 2217 |  201/2016 ( 10.0%) | 1815 blocks to retarget | Supply:   110900
[2026-08-01 22:31:38] H: 2217 |  201/2016 ( 10.0%) | 1815 blocks to retarget | Supply:   110900
[2026-08-01 22:32:39] H: 2217 |  201/2016 ( 10.0%) | 1815 blocks to retarget | Supply:   110900
[2026-08-01 22:33:39] H: 2217 |  201/2016 ( 10.0%) | 1815 blocks to retarget | Supply:   110900
[2026-08-01 22:34:40] H: 2217 |  201/2016 ( 10.0%) | 1815 blocks to retarget | Supply:   110900
[2026-08-01 22:35:40] H: 2217 |  201/2016 ( 10.0%) | 1815 blocks to retarget | Supply:   110900
[2026-08-01 22:36:41] H: 2217 |  201/2016 ( 10.0%) | 1815 blocks to retarget | Supply:   110900
[2026-08-01 22:37:42] H: 2217 |  201/2016 ( 10.0%) | 1815 blocks to retarget | Supply:   110900
[2026-08-01 22:38:42] H: 2217 |  201/2016 ( 10.0%) | 1815 blocks to retarget | Supply:   110900
[2026-08-01 22:39:43] H: 2217 |  201/2016 ( 10.0%) | 1815 blocks to retarget | Supply:   110900
[2026-08-01 22:40:23] ERROR: HTTPSConnectionPool(host='moonbite.org', port=443): Max retries exceeded with url: /api/blockchain/info (Caused by ConnectTimeoutError(<HTTPSConnection(host='moonbite.org', port=443) at 0x1fc8962f9d0>, 'Connection to moonbite.org timed out. (connect timeout=5)'))
[2026-08-01 22:40:55] H: 2217 |  201/2016 ( 10.0%) | 1815 blocks to retarget | Supply:   110900
[2026-08-01 22:41:57] H: 2217 |  201/2016 ( 10.0%) | 1815 blocks to retarget | Supply:   110900
[2026-08-01 22:42:59] H: 2217 |  201/2016 ( 10.0%) | 1815 blocks to retarget | Supply:   110900
[2026-08-01 22:44:00] H: 2217 |  201/2016 ( 10.0%) | 1815 blocks to retarget | Supply:   110900
[2026-08-01 22:45:01] H: 2217 |  201/2016 ( 10.0%) | 1815 blocks to retarget | Supply:   110900
[2026-08-01 22:46:02] H: 2217 |  201/2016 ( 10.0%) | 1815 blocks to retarget | Supply:   110900
[2026-08-01 22:47:02] H: 2217 |  201/2016 ( 10.0%) | 1815 blocks to retarget | Supply:   110900
[2026-08-01 22:48:02] H: 2217 |  201/2016 ( 10.0%) | 1815 blocks to retarget | Supply:   110900
[2026-08-01 22:49:03] H: 2217 |  201/2016 ( 10.0%) | 1815 blocks to retarget | Supply:   110900
[2026-08-01 22:50:04] H: 2217 |  201/2016 ( 10.0%) | 1815 blocks to retarget | Supply:   110900
[2026-08-01 22:51:05] H: 2217 |  201/2016 ( 10.0%) | 1815 blocks to retarget | Supply:   110900
[2026-08-01 22:52:06] H: 2217 |  201/2016 ( 10.0%) | 1815 blocks to retarget | Supply:   110900
[2026-08-01 22:53:07] H: 2217 |  201/2016 ( 10.0%) | 1815 blocks to retarget | Supply:   110900
[2026-08-01 22:54:09] H: 2217 |  201/2016 ( 10.0%) | 1815 blocks to retarget | Supply:   110900
[2026-08-01 22:55:09] H: 2217 |  201/2016 ( 10.0%) | 1815 blocks to retarget | Supply:   110900
[2026-08-01 22:56:10] H: 2217 |  201/2016 ( 10.0%) | 1815 blocks to retarget | Supply:   110900
[2026-08-01 22:57:10] H: 2217 |  201/2016 ( 10.0%) | 1815 blocks to retarget | Supply:   110900
[2026-08-01 22:58:10] H: 2217 |  201/2016 ( 10.0%) | 1815 blocks to retarget | Supply:   110900
[2026-08-01 22:59:10] H: 2217 |  201/2016 ( 10.0%) | 1815 blocks to retarget | Supply:   110900
[2026-08-01 23:00:11] H: 2217 |  201/2016 ( 10.0%) | 1815 blocks to retarget | Supply:   110900
[2026-08-01 23:01:11] H: 2217 |  201/2016 ( 10.0%) | 1815 blocks to retarget | Supply:   110900
[2026-08-01 23:02:11] H: 2217 |  201/2016 ( 10.0%) | 1815 blocks to retarget | Supply:   110900
[2026-08-01 23:03:11] H: 2217 |  201/2016 ( 10.0%) | 1815 blocks to retarget | Supply:   110900
[2026-08-01 23:04:12] H: 2217 |  201/2016 ( 10.0%) | 1815 blocks to retarget | Supply:   110900
[2026-08-01 23:05:12] H: 2217 |  201/2016 ( 10.0%) | 1815 blocks to retarget | Supply:   110900
[2026-08-01 23:06:13] H: 2217 |  201/2016 ( 10.0%) | 1815 blocks to retarget | Supply:   110900
[2026-08-01 23:07:13] H: 2217 |  201/2016 ( 10.0%) | 1815 blocks to retarget | Supply:   110900
[2026-08-01 23:08:13] H: 2217 |  201/2016 ( 10.0%) | 1815 blocks to retarget | Supply:   110900
[2026-08-01 23:09:14] H: 2217 |  201/2016 ( 10.0%) | 1815 blocks to retarget | Supply:   110900
[2026-08-01 23:10:15] H: 2217 |  201/2016 ( 10.0%) | 1815 blocks to retarget | Supply:   110900
[2026-08-01 23:11:15] H: 2217 |  201/2016 ( 10.0%) | 1815 blocks to retarget | Supply:   110900
[2026-08-01 23:12:16] H: 2217 |  201/2016 ( 10.0%) | 1815 blocks to retarget | Supply:   110900
[2026-08-01 23:13:17] H: 2217 |  201/2016 ( 10.0%) | 1815 blocks to retarget | Supply:   110900
[2026-08-01 23:14:18] H: 2217 |  201/2016 ( 10.0%) | 1815 blocks to retarget | Supply:   110900
[2026-08-01 23:15:19] H: 2217 |  201/2016 ( 10.0%) | 1815 blocks to retarget | Supply:   110900
[2026-08-01 23:16:20] H: 2217 |  201/2016 ( 10.0%) | 1815 blocks to retarget | Supply:   110900
[2026-08-01 23:17:21] H: 2217 |  201/2016 ( 10.0%) | 1815 blocks to retarget | Supply:   110900
[2026-08-01 23:18:22] H: 2217 |  201/2016 ( 10.0%) | 1815 blocks to retarget | Supply:   110900
[2026-08-01 23:19:24] H: 2217 |  201/2016 ( 10.0%) | 1815 blocks to retarget | Supply:   110900
[2026-08-01 23:20:25] H: 2217 |  201/2016 ( 10.0%) | 1815 blocks to retarget | Supply:   110900
[2026-08-01 23:21:26] H: 2217 |  201/2016 ( 10.0%) | 1815 blocks to retarget | Supply:   110900
[2026-08-01 23:22:27] H: 2217 |  201/2016 ( 10.0%) | 1815 blocks to retarget | Supply:   110900
[2026-08-01 23:23:29] H: 2217 |  201/2016 ( 10.0%) | 1815 blocks to retarget | Supply:   110900
[2026-08-01 23:24:30] H: 2217 |  201/2016 ( 10.0%) | 1815 blocks to retarget | Supply:   110900
[2026-08-01 23:25:30] H: 2217 |  201/2016 ( 10.0%) | 1815 blocks to retarget | Supply:   110900
[2026-08-01 23:26:32] H: 2217 |  201/2016 ( 10.0%) | 1815 blocks to retarget | Supply:   110900
[2026-08-01 23:27:35] H: 2217 |  201/2016 ( 10.0%) | 1815 blocks to retarget | Supply:   110900
[2026-08-01 23:28:36] H: 2217 |  201/2016 ( 10.0%) | 1815 blocks to retarget | Supply:   110900
[2026-08-01 23:29:37] H: 2217 |  201/2016 ( 10.0%) | 1815 blocks to retarget | Supply:   110900
[2026-08-01 23:30:38] H: 2217 |  201/2016 ( 10.0%) | 1815 blocks to retarget | Supply:   110900
[2026-08-01 23:31:39] H: 2217 |  201/2016 ( 10.0%) | 1815 blocks to retarget | Supply:   110900
[2026-08-01 23:32:41] H: 2217 |  201/2016 ( 10.0%) | 1815 blocks to retarget | Supply:   110900
[2026-08-01 23:33:42] H: 2217 |  201/2016 ( 10.0%) | 1815 blocks to retarget | Supply:   110900
[2026-08-01 23:34:47] H: 2217 |  201/2016 ( 10.0%) | 1815 blocks to retarget | Supply:   110900
[2026-08-01 23:35:48] H: 2217 |  201/2016 ( 10.0%) | 1815 blocks to retarget | Supply:   110900
[2026-08-01 23:36:50] H: 2217 |  201/2016 ( 10.0%) | 1815 blocks to retarget | Supply:   110900
[2026-08-01 23:37:51] H: 2217 |  201/2016 ( 10.0%) | 1815 blocks to retarget | Supply:   110900
[2026-08-01 23:38:51] H: 2217 |  201/2016 ( 10.0%) | 1815 blocks to retarget | Supply:   110900
[2026-08-01 23:39:52] H: 2217 |  201/2016 ( 10.0%) | 1815 blocks to retarget | Supply:   110900
[2026-08-01 23:40:53] H: 2217 |  201/2016 ( 10.0%) | 1815 blocks to retarget | Supply:   110900
[2026-08-01 23:41:53] H: 2217 |  201/2016 ( 10.0%) | 1815 blocks to retarget | Supply:   110900
[2026-08-01 23:42:54] H: 2217 |  201/2016 ( 10.0%) | 1815 blocks to retarget | Supply:   110900
[2026-08-01 23:43:54] H: 2217 |  201/2016 ( 10.0%) | 1815 blocks to retarget | Supply:   110900
[2026-08-01 23:44:55] H: 2217 |  201/2016 ( 10.0%) | 1815 blocks to retarget | Supply:   110900
[2026-08-01 23:45:55] H: 2217 |  201/2016 ( 10.0%) | 1815 blocks to retarget | Supply:   110900
[2026-08-01 23:46:56] H: 2217 |  201/2016 ( 10.0%) | 1815 blocks to retarget | Supply:   110900
[2026-08-01 23:47:56] H: 2217 |  201/2016 ( 10.0%) | 1815 blocks to retarget | Supply:   110900
[2026-08-01 23:48:57] H: 2217 |  201/2016 ( 10.0%) | 1815 blocks to retarget | Supply:   110900
[2026-08-01 23:49:58] H: 2217 |  201/2016 ( 10.0%) | 1815 blocks to retarget | Supply:   110900
[2026-08-01 23:50:59] H: 2217 |  201/2016 ( 10.0%) | 1815 blocks to retarget | Supply:   110900
[2026-08-01 23:52:00] H: 2217 |  201/2016 ( 10.0%) | 1815 blocks to retarget | Supply:   110900
[2026-08-01 23:53:00] H: 2217 |  201/2016 ( 10.0%) | 1815 blocks to retarget | Supply:   110900
[2026-08-01 23:53:41] ERROR: HTTPSConnectionPool(host='moonbite.org', port=443): Read timed out. (read timeout=5)
[2026-08-01 23:54:16] H: 2217 |  201/2016 ( 10.0%) | 1815 blocks to retarget | Supply:   110900
[2026-08-01 23:55:19] H: 2217 |  201/2016 ( 10.0%) | 1815 blocks to retarget | Supply:   110900
[2026-08-01 23:56:20] H: 2217 |  201/2016 ( 10.0%) | 1815 blocks to retarget | Supply:   110900
[2026-08-01 23:57:20] H: 2217 |  201/2016 ( 10.0%) | 1815 blocks to retarget | Supply:   110900
[2026-08-01 23:58:21] H: 2217 |  201/2016 ( 10.0%) | 1815 blocks to retarget | Supply:   110900
[2026-08-01 23:59:23] H: 2217 |  201/2016 ( 10.0%) | 1815 blocks to retarget | Supply:   110900
[2026-08-02 00:00:23] H: 2217 |  201/2016 ( 10.0%) | 1815 blocks to retarget | Supply:   110900
[2026-08-02 00:01:24] H: 2217 |  201/2016 ( 10.0%) | 1815 blocks to retarget | Supply:   110900
[2026-08-02 00:02:25] H: 2217 |  201/2016 ( 10.0%) | 1815 blocks to retarget | Supply:   110900
[2026-08-02 00:03:25] H: 2217 |  201/2016 ( 10.0%) | 1815 blocks to retarget | Supply:   110900
[2026-08-02 00:04:26] H: 2217 |  201/2016 ( 10.0%) | 1815 blocks to retarget | Supply:   110900
[2026-08-02 00:05:28] H: 2217 |  201/2016 ( 10.0%) | 1815 blocks to retarget | Supply:   110900
[2026-08-02 00:06:28] H: 2217 |  201/2016 ( 10.0%) | 1815 blocks to retarget | Supply:   110900
[2026-08-02 00:07:29] H: 2217 |  201/2016 ( 10.0%) | 1815 blocks to retarget | Supply:   110900
[2026-08-02 00:08:30] H: 2217 |  201/2016 ( 10.0%) | 1815 blocks to retarget | Supply:   110900
[2026-08-02 00:09:31] H: 2217 |  201/2016 ( 10.0%) | 1815 blocks to retarget | Supply:   110900
[2026-08-02 00:10:33] H: 2217 |  201/2016 ( 10.0%) | 1815 blocks to retarget | Supply:   110900
[2026-08-02 00:11:35] H: 2217 |  201/2016 ( 10.0%) | 1815 blocks to retarget | Supply:   110900
[2026-08-02 00:12:35] H: 2217 |  201/2016 ( 10.0%) | 1815 blocks to retarget | Supply:   110900
[2026-08-02 00:13:36] H: 2217 |  201/2016 ( 10.0%) | 1815 blocks to retarget | Supply:   110900
[2026-08-02 00:14:37] H: 2217 |  201/2016 ( 10.0%) | 1815 blocks to retarget | Supply:   110900
[2026-08-02 00:15:38] H: 2217 |  201/2016 ( 10.0%) | 1815 blocks to retarget | Supply:   110900
[2026-08-02 00:16:39] H: 2217 |  201/2016 ( 10.0%) | 1815 blocks to retarget | Supply:   110900
[2026-08-02 00:17:40] H: 2217 |  201/2016 ( 10.0%) | 1815 blocks to retarget | Supply:   110900
[2026-08-02 00:18:41] H: 2217 |  201/2016 ( 10.0%) | 1815 blocks to retarget | Supply:   110900
[2026-08-02 00:19:42] H: 2217 |  201/2016 ( 10.0%) | 1815 blocks to retarget | Supply:   110900
[2026-08-02 00:20:43] H: 2217 |  201/2016 ( 10.0%) | 1815 blocks to retarget | Supply:   110900
[2026-08-02 00:21:43] H: 2217 |  201/2016 ( 10.0%) | 1815 blocks to retarget | Supply:   110900
[2026-08-02 00:22:44] H: 2217 |  201/2016 ( 10.0%) | 1815 blocks to retarget | Supply:   110900
[2026-08-02 00:23:45] H: 2217 |  201/2016 ( 10.0%) | 1815 blocks to retarget | Supply:   110900
[2026-08-02 00:24:46] H: 2217 |  201/2016 ( 10.0%) | 1815 blocks to retarget | Supply:   110900
[2026-08-02 00:25:46] H: 2217 |  201/2016 ( 10.0%) | 1815 blocks to retarget | Supply:   110900
[2026-08-02 00:26:47] H: 2217 |  201/2016 ( 10.0%) | 1815 blocks to retarget | Supply:   110900
[2026-08-02 00:27:48] H: 2217 |  201/2016 ( 10.0%) | 1815 blocks to retarget | Supply:   110900
[2026-08-02 00:28:48] H: 2217 |  201/2016 ( 10.0%) | 1815 blocks to retarget | Supply:   110900
[2026-08-02 00:29:49] H: 2217 |  201/2016 ( 10.0%) | 1815 blocks to retarget | Supply:   110900
[2026-08-02 00:30:50] H: 2217 |  201/2016 ( 10.0%) | 1815 blocks to retarget | Supply:   110900
[2026-08-02 00:31:51] H: 2217 |  201/2016 ( 10.0%) | 1815 blocks to retarget | Supply:   110900
[2026-08-02 00:32:51] H: 2217 |  201/2016 ( 10.0%) | 1815 blocks to retarget | Supply:   110900
[2026-08-02 00:33:52] H: 2217 |  201/2016 ( 10.0%) | 1815 blocks to retarget | Supply:   110900
[2026-08-02 00:34:52] H: 2217 |  201/2016 ( 10.0%) | 1815 blocks to retarget | Supply:   110900
[2026-08-02 00:35:54] H: 2217 |  201/2016 ( 10.0%) | 1815 blocks to retarget | Supply:   110900
[2026-08-02 00:36:54] H: 2217 |  201/2016 ( 10.0%) | 1815 blocks to retarget | Supply:   110900
[2026-08-02 00:37:56] H: 2217 |  201/2016 ( 10.0%) | 1815 blocks to retarget | Supply:   110900
[2026-08-02 00:38:56] H: 2217 |  201/2016 ( 10.0%) | 1815 blocks to retarget | Supply:   110900
[2026-08-02 00:39:58] H: 2217 |  201/2016 ( 10.0%) | 1815 blocks to retarget | Supply:   110900
[2026-08-02 00:40:59] H: 2217 |  201/2016 ( 10.0%) | 1815 blocks to retarget | Supply:   110900
[2026-08-02 00:42:00] H: 2217 |  201/2016 ( 10.0%) | 1815 blocks to retarget | Supply:   110900
[2026-08-02 00:43:02] H: 2217 |  201/2016 ( 10.0%) | 1815 blocks to retarget | Supply:   110900
[2026-08-02 00:44:03] H: 2217 |  201/2016 ( 10.0%) | 1815 blocks to retarget | Supply:   110900
[2026-08-02 00:45:04] H: 2217 |  201/2016 ( 10.0%) | 1815 blocks to retarget | Supply:   110900
[2026-08-02 00:46:06] H: 2217 |  201/2016 ( 10.0%) | 1815 blocks to retarget | Supply:   110900
[2026-08-02 00:47:06] H: 2217 |  201/2016 ( 10.0%) | 1815 blocks to retarget | Supply:   110900
[2026-08-02 00:48:07] H: 2217 |  201/2016 ( 10.0%) | 1815 blocks to retarget | Supply:   110900
[2026-08-02 00:49:09] H: 2217 |  201/2016 ( 10.0%) | 1815 blocks to retarget | Supply:   110900
[2026-08-02 00:50:09] H: 2217 |  201/2016 ( 10.0%) | 1815 blocks to retarget | Supply:   110900
[2026-08-02 00:51:11] H: 2217 |  201/2016 ( 10.0%) | 1815 blocks to retarget | Supply:   110900
[2026-08-02 00:52:12] H: 2217 |  201/2016 ( 10.0%) | 1815 blocks to retarget | Supply:   110900
[2026-08-02 00:53:13] H: 2217 |  201/2016 ( 10.0%) | 1815 blocks to retarget | Supply:   110900
[2026-08-02 00:54:13] H: 2217 |  201/2016 ( 10.0%) | 1815 blocks to retarget | Supply:   110900
[2026-08-02 00:55:14] H: 2217 |  201/2016 ( 10.0%) | 1815 blocks to retarget | Supply:   110900
[2026-08-02 00:56:15] H: 2217 |  201/2016 ( 10.0%) | 1815 blocks to retarget | Supply:   110900
[2026-08-02 00:57:16] H: 2217 |  201/2016 ( 10.0%) | 1815 blocks to retarget | Supply:   110900
[2026-08-02 00:58:17] H: 2217 |  201/2016 ( 10.0%) | 1815 blocks to retarget | Supply:   110900
[2026-08-02 00:59:17] H: 2217 |  201/2016 ( 10.0%) | 1815 blocks to retarget | Supply:   110900
[2026-08-02 01:00:18] H: 2217 |  201/2016 ( 10.0%) | 1815 blocks to retarget | Supply:   110900
[2026-08-02 01:01:20] H: 2217 |  201/2016 ( 10.0%) | 1815 blocks to retarget | Supply:   110900
[2026-08-02 01:02:23] H: 2217 |  201/2016 ( 10.0%) | 1815 blocks to retarget | Supply:   110900
[2026-08-02 01:03:26] H: 2217 |  201/2016 ( 10.0%) | 1815 blocks to retarget | Supply:   110900
[2026-08-02 01:04:27] H: 2217 |  201/2016 ( 10.0%) | 1815 blocks to retarget | Supply:   110900
[2026-08-02 01:05:28] H: 2217 |  201/2016 ( 10.0%) | 1815 blocks to retarget | Supply:   110900
[2026-08-02 01:06:29] H: 2217 |  201/2016 ( 10.0%) | 1815 blocks to retarget | Supply:   110900
[2026-08-02 01:07:30] H: 2217 |  201/2016 ( 10.0%) | 1815 blocks to retarget | Supply:   110900
[2026-08-02 01:08:31] H: 2217 |  201/2016 ( 10.0%) | 1815 blocks to retarget | Supply:   110900
[2026-08-02 01:09:31] H: 2217 |  201/2016 ( 10.0%) | 1815 blocks to retarget | Supply:   110900
[2026-08-02 01:10:32] H: 2217 |  201/2016 ( 10.0%) | 1815 blocks to retarget | Supply:   110900
[2026-08-02 01:11:33] H: 2217 |  201/2016 ( 10.0%) | 1815 blocks to retarget | Supply:   110900
[2026-08-02 01:12:34] H: 2217 |  201/2016 ( 10.0%) | 1815 blocks to retarget | Supply:   110900
[2026-08-02 01:13:34] H: 2217 |  201/2016 ( 10.0%) | 1815 blocks to retarget | Supply:   110900
[2026-08-02 01:14:35] H: 2217 |  201/2016 ( 10.0%) | 1815 blocks to retarget | Supply:   110900
[2026-08-02 01:15:36] H: 2217 |  201/2016 ( 10.0%) | 1815 blocks to retarget | Supply:   110900
[2026-08-02 01:16:37] H: 2217 |  201/2016 ( 10.0%) | 1815 blocks to retarget | Supply:   110900
[2026-08-02 01:17:37] H: 2217 |  201/2016 ( 10.0%) | 1815 blocks to retarget | Supply:   110900
[2026-08-02 01:18:39] H: 2217 |  201/2016 ( 10.0%) | 1815 blocks to retarget | Supply:   110900
[2026-08-02 01:19:40] H: 2217 |  201/2016 ( 10.0%) | 1815 blocks to retarget | Supply:   110900
[2026-08-02 01:20:41] H: 2217 |  201/2016 ( 10.0%) | 1815 blocks to retarget | Supply:   110900
[2026-08-02 01:21:42] H: 2217 |  201/2016 ( 10.0%) | 1815 blocks to retarget | Supply:   110900
[2026-08-02 01:22:43] H: 2217 |  201/2016 ( 10.0%) | 1815 blocks to retarget | Supply:   110900
[2026-08-02 01:23:44] H: 2217 |  201/2016 ( 10.0%) | 1815 blocks to retarget | Supply:   110900
[2026-08-02 01:24:46] H: 2217 |  201/2016 ( 10.0%) | 1815 blocks to retarget | Supply:   110900
[2026-08-02 01:25:46] H: 2217 |  201/2016 ( 10.0%) | 1815 blocks to retarget | Supply:   110900
[2026-08-02 01:26:46] H: 2217 |  201/2016 ( 10.0%) | 1815 blocks to retarget | Supply:   110900
[2026-08-02 01:27:47] H: 2217 |  201/2016 ( 10.0%) | 1815 blocks to retarget | Supply:   110900
[2026-08-02 01:28:49] H: 2217 |  201/2016 ( 10.0%) | 1815 blocks to retarget | Supply:   110900
[2026-08-02 01:29:50] H: 2217 |  201/2016 ( 10.0%) | 1815 blocks to retarget | Supply:   110900
[2026-08-02 01:30:52] H: 2217 |  201/2016 ( 10.0%) | 1815 blocks to retarget | Supply:   110900
[2026-08-02 01:31:53] H: 2217 |  201/2016 ( 10.0%) | 1815 blocks to retarget | Supply:   110900
[2026-08-02 01:32:55] H: 2217 |  201/2016 ( 10.0%) | 1815 blocks to retarget | Supply:   110900
[2026-08-02 01:33:56] H: 2217 |  201/2016 ( 10.0%) | 1815 blocks to retarget | Supply:   110900
[2026-08-02 01:34:57] H: 2217 |  201/2016 ( 10.0%) | 1815 blocks to retarget | Supply:   110900
[2026-08-02 01:35:58] H: 2217 |  201/2016 ( 10.0%) | 1815 blocks to retarget | Supply:   110900
[2026-08-02 01:36:58] H: 2217 |  201/2016 ( 10.0%) | 1815 blocks to retarget | Supply:   110900
[2026-08-02 01:37:59] H: 2217 |  201/2016 ( 10.0%) | 1815 blocks to retarget | Supply:   110900
[2026-08-02 01:39:03] H: 2217 |  201/2016 ( 10.0%) | 1815 blocks to retarget | Supply:   110900
[2026-08-02 01:40:05] H: 2217 |  201/2016 ( 10.0%) | 1815 blocks to retarget | Supply:   110900
[2026-08-02 01:41:07] H: 2217 |  201/2016 ( 10.0%) | 1815 blocks to retarget | Supply:   110900
[2026-08-02 01:42:09] H: 2217 |  201/2016 ( 10.0%) | 1815 blocks to retarget | Supply:   110900
[2026-08-02 01:43:11] H: 2217 |  201/2016 ( 10.0%) | 1815 blocks to retarget | Supply:   110900
[2026-08-02 01:44:13] H: 2217 |  201/2016 ( 10.0%) | 1815 blocks to retarget | Supply:   110900
[2026-08-02 01:45:14] H: 2217 |  201/2016 ( 10.0%) | 1815 blocks to retarget | Supply:   110900
[2026-08-02 01:46:15] H: 2217 |  201/2016 ( 10.0%) | 1815 blocks to retarget | Supply:   110900
[2026-08-02 01:47:17] H: 2217 |  201/2016 ( 10.0%) | 1815 blocks to retarget | Supply:   110900
[2026-08-02 01:48:18] H: 2217 |  201/2016 ( 10.0%) | 1815 blocks to retarget | Supply:   110900
[2026-08-02 01:49:20] H: 2217 |  201/2016 ( 10.0%) | 1815 blocks to retarget | Supply:   110900
[2026-08-02 01:50:21] H: 2217 |  201/2016 ( 10.0%) | 1815 blocks to retarget | Supply:   110900
[2026-08-02 01:51:22] H: 2217 |  201/2016 ( 10.0%) | 1815 blocks to retarget | Supply:   110900
[2026-08-02 01:51:44] ERROR: HTTPSConnectionPool(host='moonbite.org', port=443): Max retries exceeded with url: /api/blockchain/info (Caused by ConnectTimeoutError(<HTTPSConnection(host='moonbite.org', port=443) at 0x1fc8962dbd0>, 'Connection to moonbite.org timed out. (connect timeout=5)'))
[2026-08-02 01:52:37] H: 2217 |  201/2016 ( 10.0%) | 1815 blocks to retarget | Supply:   110900
[2026-08-02 01:52:54] ERROR: HTTPSConnectionPool(host='moonbite.org', port=443): Read timed out. (read timeout=5)
[2026-08-02 01:53:49] H: 2217 |  201/2016 ( 10.0%) | 1815 blocks to retarget | Supply:   110900
[2026-08-02 01:54:49] H: 2217 |  201/2016 ( 10.0%) | 1815 blocks to retarget | Supply:   110900
[2026-08-02 01:55:49] H: 2217 |  201/2016 ( 10.0%) | 1815 blocks to retarget | Supply:   110900
[2026-08-02 01:56:50] H: 2217 |  201/2016 ( 10.0%) | 1815 blocks to retarget | Supply:   110900
[2026-08-02 01:57:50] H: 2217 |  201/2016 ( 10.0%) | 1815 blocks to retarget | Supply:   110900
[2026-08-02 01:58:51] H: 2217 |  201/2016 ( 10.0%) | 1815 blocks to retarget | Supply:   110900
[2026-08-02 01:59:52] H: 2217 |  201/2016 ( 10.0%) | 1815 blocks to retarget | Supply:   110900
[2026-08-02 02:00:54] H: 2217 |  201/2016 ( 10.0%) | 1815 blocks to retarget | Supply:   110900
[2026-08-02 02:01:54] H: 2217 |  201/2016 ( 10.0%) | 1815 blocks to retarget | Supply:   110900
[2026-08-02 02:02:55] H: 2217 |  201/2016 ( 10.0%) | 1815 blocks to retarget | Supply:   110900
[2026-08-02 02:03:56] H: 2217 |  201/2016 ( 10.0%) | 1815 blocks to retarget | Supply:   110900
[2026-08-02 02:04:57] H: 2217 |  201/2016 ( 10.0%) | 1815 blocks to retarget | Supply:   110900
[2026-08-02 02:05:58] H: 2217 |  201/2016 ( 10.0%) | 1815 blocks to retarget | Supply:   110900
[2026-08-02 02:06:58] H: 2217 |  201/2016 ( 10.0%) | 1815 blocks to retarget | Supply:   110900
[2026-08-02 02:07:59] H: 2217 |  201/2016 ( 10.0%) | 1815 blocks to retarget | Supply:   110900
[2026-08-02 02:09:00] H: 2217 |  201/2016 ( 10.0%) | 1815 blocks to retarget | Supply:   110900
[2026-08-02 02:10:01] H: 2217 |  201/2016 ( 10.0%) | 1815 blocks to retarget | Supply:   110900
[2026-08-02 02:11:01] H: 2217 |  201/2016 ( 10.0%) | 1815 blocks to retarget | Supply:   110900
[2026-08-02 02:12:02] H: 2217 |  201/2016 ( 10.0%) | 1815 blocks to retarget | Supply:   110900
[2026-08-02 02:13:03] H: 2217 |  201/2016 ( 10.0%) | 1815 blocks to retarget | Supply:   110900
[2026-08-02 02:14:04] H: 2217 |  201/2016 ( 10.0%) | 1815 blocks to retarget | Supply:   110900
[2026-08-02 02:15:04] H: 2217 |  201/2016 ( 10.0%) | 1815 blocks to retarget | Supply:   110900
[2026-08-02 02:16:05] H: 2217 |  201/2016 ( 10.0%) | 1815 blocks to retarget | Supply:   110900
[2026-08-02 02:17:06] H: 2217 |  201/2016 ( 10.0%) | 1815 blocks to retarget | Supply:   110900
[2026-08-02 02:18:07] H: 2217 |  201/2016 ( 10.0%) | 1815 blocks to retarget | Supply:   110900
[2026-08-02 02:19:08] H: 2217 |  201/2016 ( 10.0%) | 1815 blocks to retarget | Supply:   110900
[2026-08-02 02:20:10] H: 2217 |  201/2016 ( 10.0%) | 1815 blocks to retarget | Supply:   110900
[2026-08-02 02:21:11] H: 2217 |  201/2016 ( 10.0%) | 1815 blocks to retarget | Supply:   110900
[2026-08-02 02:22:12] H: 2217 |  201/2016 ( 10.0%) | 1815 blocks to retarget | Supply:   110900
[2026-08-02 02:23:13] H: 2217 |  201/2016 ( 10.0%) | 1815 blocks to retarget | Supply:   110900
[2026-08-02 02:24:13] H: 2217 |  201/2016 ( 10.0%) | 1815 blocks to retarget | Supply:   110900
[2026-08-02 02:25:14] H: 2217 |  201/2016 ( 10.0%) | 1815 blocks to retarget | Supply:   110900
[2026-08-02 02:26:15] H: 2217 |  201/2016 ( 10.0%) | 1815 blocks to retarget | Supply:   110900
[2026-08-02 02:27:16] H: 2217 |  201/2016 ( 10.0%) | 1815 blocks to retarget | Supply:   110900
[2026-08-02 02:28:17] H: 2217 |  201/2016 ( 10.0%) | 1815 blocks to retarget | Supply:   110900
[2026-08-02 02:29:18] H: 2217 |  201/2016 ( 10.0%) | 1815 blocks to retarget | Supply:   110900
[2026-08-02 02:30:19] H: 2217 |  201/2016 ( 10.0%) | 1815 blocks to retarget | Supply:   110900
[2026-08-02 02:31:20] H: 2217 |  201/2016 ( 10.0%) | 1815 blocks to retarget | Supply:   110900
[2026-08-02 02:32:21] H: 2217 |  201/2016 ( 10.0%) | 1815 blocks to retarget | Supply:   110900
[2026-08-02 02:33:22] H: 2217 |  201/2016 ( 10.0%) | 1815 blocks to retarget | Supply:   110900
[2026-08-02 02:34:24] H: 2217 |  201/2016 ( 10.0%) | 1815 blocks to retarget | Supply:   110900
[2026-08-02 02:35:25] H: 2217 |  201/2016 ( 10.0%) | 1815 blocks to retarget | Supply:   110900
[2026-08-02 02:36:26] H: 2217 |  201/2016 ( 10.0%) | 1815 blocks to retarget | Supply:   110900
[2026-08-02 02:37:27] H: 2217 |  201/2016 ( 10.0%) | 1815 blocks to retarget | Supply:   110900
[2026-08-02 02:38:29] H: 2217 |  201/2016 ( 10.0%) | 1815 blocks to retarget | Supply:   110900
[2026-08-02 02:39:30] H: 2217 |  201/2016 ( 10.0%) | 1815 blocks to retarget | Supply:   110900
[2026-08-02 02:40:31] H: 2217 |  201/2016 ( 10.0%) | 1815 blocks to retarget | Supply:   110900
[2026-08-02 02:41:31] H: 2217 |  201/2016 ( 10.0%) | 1815 blocks to retarget | Supply:   110900
[2026-08-02 02:42:31] H: 2217 |  201/2016 ( 10.0%) | 1815 blocks to retarget | Supply:   110900
[2026-08-02 02:43:33] H: 2217 |  201/2016 ( 10.0%) | 1815 blocks to retarget | Supply:   110900
[2026-08-02 02:44:33] H: 2217 |  201/2016 ( 10.0%) | 1815 blocks to retarget | Supply:   110900
[2026-08-02 02:45:34] H: 2217 |  201/2016 ( 10.0%) | 1815 blocks to retarget | Supply:   110900
[2026-08-02 02:46:35] H: 2217 |  201/2016 ( 10.0%) | 1815 blocks to retarget | Supply:   110900
[2026-08-02 02:47:36] H: 2217 |  201/2016 ( 10.0%) | 1815 blocks to retarget | Supply:   110900
[2026-08-02 02:48:37] H: 2217 |  201/2016 ( 10.0%) | 1815 blocks to retarget | Supply:   110900
[2026-08-02 02:49:38] H: 2217 |  201/2016 ( 10.0%) | 1815 blocks to retarget | Supply:   110900
[2026-08-02 02:50:38] H: 2217 |  201/2016 ( 10.0%) | 1815 blocks to retarget | Supply:   110900
[2026-08-02 02:51:39] H: 2217 |  201/2016 ( 10.0%) | 1815 blocks to retarget | Supply:   110900
[2026-08-02 02:52:40] H: 2217 |  201/2016 ( 10.0%) | 1815 blocks to retarget | Supply:   110900
[2026-08-02 02:53:41] H: 2217 |  201/2016 ( 10.0%) | 1815 blocks to retarget | Supply:   110900
[2026-08-02 02:54:41] H: 2217 |  201/2016 ( 10.0%) | 1815 blocks to retarget | Supply:   110900
[2026-08-02 02:55:41] H: 2217 |  201/2016 ( 10.0%) | 1815 blocks to retarget | Supply:   110900
[2026-08-02 02:56:42] H: 2217 |  201/2016 ( 10.0%) | 1815 blocks to retarget | Supply:   110900
[2026-08-02 02:57:43] H: 2217 |  201/2016 ( 10.0%) | 1815 blocks to retarget | Supply:   110900
[2026-08-02 02:58:43] H: 2217 |  201/2016 ( 10.0%) | 1815 blocks to retarget | Supply:   110900
[2026-08-02 02:59:43] H: 2217 |  201/2016 ( 10.0%) | 1815 blocks to retarget | Supply:   110900
[2026-08-02 03:00:44] H: 2217 |  201/2016 ( 10.0%) | 1815 blocks to retarget | Supply:   110900
[2026-08-02 03:01:45] H: 2217 |  201/2016 ( 10.0%) | 1815 blocks to retarget | Supply:   110900
[2026-08-02 03:02:45] H: 2217 |  201/2016 ( 10.0%) | 1815 blocks to retarget | Supply:   110900
[2026-08-02 03:03:46] H: 2217 |  201/2016 ( 10.0%) | 1815 blocks to retarget | Supply:   110900
[2026-08-02 03:04:46] H: 2217 |  201/2016 ( 10.0%) | 1815 blocks to retarget | Supply:   110900
[2026-08-02 03:05:47] H: 2217 |  201/2016 ( 10.0%) | 1815 blocks to retarget | Supply:   110900
[2026-08-02 03:06:48] H: 2217 |  201/2016 ( 10.0%) | 1815 blocks to retarget | Supply:   110900
[2026-08-02 03:07:48] H: 2217 |  201/2016 ( 10.0%) | 1815 blocks to retarget | Supply:   110900
[2026-08-02 03:08:49] H: 2217 |  201/2016 ( 10.0%) | 1815 blocks to retarget | Supply:   110900
[2026-08-02 03:09:50] H: 2217 |  201/2016 ( 10.0%) | 1815 blocks to retarget | Supply:   110900
[2026-08-02 03:10:51] H: 2217 |  201/2016 ( 10.0%) | 1815 blocks to retarget | Supply:   110900
[2026-08-02 03:11:51] H: 2217 |  201/2016 ( 10.0%) | 1815 blocks to retarget | Supply:   110900
[2026-08-02 03:12:52] H: 2217 |  201/2016 ( 10.0%) | 1815 blocks to retarget | Supply:   110900
[2026-08-02 03:13:53] H: 2217 |  201/2016 ( 10.0%) | 1815 blocks to retarget | Supply:   110900
[2026-08-02 03:14:54] H: 2217 |  201/2016 ( 10.0%) | 1815 blocks to retarget | Supply:   110900
[2026-08-02 03:15:55] H: 2217 |  201/2016 ( 10.0%) | 1815 blocks to retarget | Supply:   110900
[2026-08-02 03:16:56] H: 2217 |  201/2016 ( 10.0%) | 1815 blocks to retarget | Supply:   110900
[2026-08-02 03:17:58] H: 2217 |  201/2016 ( 10.0%) | 1815 blocks to retarget | Supply:   110900
[2026-08-02 03:18:59] H: 2217 |  201/2016 ( 10.0%) | 1815 blocks to retarget | Supply:   110900
[2026-08-02 03:20:00] H: 2217 |  201/2016 ( 10.0%) | 1815 blocks to retarget | Supply:   110900
[2026-08-02 03:21:02] H: 2217 |  201/2016 ( 10.0%) | 1815 blocks to retarget | Supply:   110900
[2026-08-02 03:22:03] H: 2217 |  201/2016 ( 10.0%) | 1815 blocks to retarget | Supply:   110900
[2026-08-02 03:23:03] H: 2217 |  201/2016 ( 10.0%) | 1815 blocks to retarget | Supply:   110900
[2026-08-02 03:24:04] H: 2217 |  201/2016 ( 10.0%) | 1815 blocks to retarget | Supply:   110900
[2026-08-02 03:25:05] H: 2217 |  201/2016 ( 10.0%) | 1815 blocks to retarget | Supply:   110900
[2026-08-02 03:26:06] H: 2217 |  201/2016 ( 10.0%) | 1815 blocks to retarget | Supply:   110900
[2026-08-02 03:27:07] H: 2217 |  201/2016 ( 10.0%) | 1815 blocks to retarget | Supply:   110900
[2026-08-02 03:28:07] H: 2217 |  201/2016 ( 10.0%) | 1815 blocks to retarget | Supply:   110900
[2026-08-02 03:29:08] H: 2217 |  201/2016 ( 10.0%) | 1815 blocks to retarget | Supply:   110900
[2026-08-02 03:30:08] H: 2217 |  201/2016 ( 10.0%) | 1815 blocks to retarget | Supply:   110900
[2026-08-02 03:31:09] H: 2217 |  201/2016 ( 10.0%) | 1815 blocks to retarget | Supply:   110900
[2026-08-02 03:32:09] H: 2217 |  201/2016 ( 10.0%) | 1815 blocks to retarget | Supply:   110900
[2026-08-02 03:33:10] H: 2217 |  201/2016 ( 10.0%) | 1815 blocks to retarget | Supply:   110900
[2026-08-02 03:34:11] H: 2217 |  201/2016 ( 10.0%) | 1815 blocks to retarget | Supply:   110900
[2026-08-02 03:35:12] H: 2217 |  201/2016 ( 10.0%) | 1815 blocks to retarget | Supply:   110900
[2026-08-02 03:36:13] H: 2217 |  201/2016 ( 10.0%) | 1815 blocks to retarget | Supply:   110900
[2026-08-02 03:37:13] H: 2217 |  201/2016 ( 10.0%) | 1815 blocks to retarget | Supply:   110900
[2026-08-02 03:38:14] H: 2217 |  201/2016 ( 10.0%) | 1815 blocks to retarget | Supply:   110900
[2026-08-02 03:39:15] H: 2217 |  201/2016 ( 10.0%) | 1815 blocks to retarget | Supply:   110900
[2026-08-02 03:40:16] H: 2217 |  201/2016 ( 10.0%) | 1815 blocks to retarget | Supply:   110900
[2026-08-02 03:41:17] H: 2217 |  201/2016 ( 10.0%) | 1815 blocks to retarget | Supply:   110900
[2026-08-02 03:42:17] H: 2217 |  201/2016 ( 10.0%) | 1815 blocks to retarget | Supply:   110900
[2026-08-02 03:43:18] H: 2217 |  201/2016 ( 10.0%) | 1815 blocks to retarget | Supply:   110900
[2026-08-02 03:44:19] H: 2217 |  201/2016 ( 10.0%) | 1815 blocks to retarget | Supply:   110900
[2026-08-02 03:45:19] H: 2217 |  201/2016 ( 10.0%) | 1815 blocks to retarget | Supply:   110900
[2026-08-02 03:46:20] H: 2217 |  201/2016 ( 10.0%) | 1815 blocks to retarget | Supply:   110900
[2026-08-02 03:47:21] H: 2217 |  201/2016 ( 10.0%) | 1815 blocks to retarget | Supply:   110900
[2026-08-02 03:48:22] H: 2217 |  201/2016 ( 10.0%) | 1815 blocks to retarget | Supply:   110900
[2026-08-02 03:49:23] H: 2217 |  201/2016 ( 10.0%) | 1815 blocks to retarget | Supply:   110900
[2026-08-02 03:50:23] H: 2217 |  201/2016 ( 10.0%) | 1815 blocks to retarget | Supply:   110900
[2026-08-02 03:51:24] H: 2217 |  201/2016 ( 10.0%) | 1815 blocks to retarget | Supply:   110900
[2026-08-02 03:52:26] H: 2217 |  201/2016 ( 10.0%) | 1815 blocks to retarget | Supply:   110900
[2026-08-02 03:53:27] H: 2217 |  201/2016 ( 10.0%) | 1815 blocks to retarget | Supply:   110900
[2026-08-02 03:54:28] H: 2217 |  201/2016 ( 10.0%) | 1815 blocks to retarget | Supply:   110900
[2026-08-02 03:55:30] H: 2217 |  201/2016 ( 10.0%) | 1815 blocks to retarget | Supply:   110900
[2026-08-02 03:56:31] H: 2217 |  201/2016 ( 10.0%) | 1815 blocks to retarget | Supply:   110900
[2026-08-02 03:57:31] H: 2217 |  201/2016 ( 10.0%) | 1815 blocks to retarget | Supply:   110900
[2026-08-02 03:58:33] H: 2217 |  201/2016 ( 10.0%) | 1815 blocks to retarget | Supply:   110900
[2026-08-02 03:59:34] H: 2217 |  201/2016 ( 10.0%) | 1815 blocks to retarget | Supply:   110900
[2026-08-02 04:00:35] H: 2217 |  201/2016 ( 10.0%) | 1815 blocks to retarget | Supply:   110900
[2026-08-02 04:01:36] H: 2217 |  201/2016 ( 10.0%) | 1815 blocks to retarget | Supply:   110900
[2026-08-02 04:02:38] H: 2217 |  201/2016 ( 10.0%) | 1815 blocks to retarget | Supply:   110900
[2026-08-02 04:03:39] H: 2217 |  201/2016 ( 10.0%) | 1815 blocks to retarget | Supply:   110900
[2026-08-02 04:04:41] H: 2217 |  201/2016 ( 10.0%) | 1815 blocks to retarget | Supply:   110900
[2026-08-02 04:05:42] H: 2217 |  201/2016 ( 10.0%) | 1815 blocks to retarget | Supply:   110900
[2026-08-02 04:06:44] H: 2217 |  201/2016 ( 10.0%) | 1815 blocks to retarget | Supply:   110900
[2026-08-02 04:07:45] H: 2217 |  201/2016 ( 10.0%) | 1815 blocks to retarget | Supply:   110900
[2026-08-02 04:08:47] H: 2217 |  201/2016 ( 10.0%) | 1815 blocks to retarget | Supply:   110900
[2026-08-02 04:09:48] H: 2217 |  201/2016 ( 10.0%) | 1815 blocks to retarget | Supply:   110900
[2026-08-02 04:10:49] H: 2217 |  201/2016 ( 10.0%) | 1815 blocks to retarget | Supply:   110900
[2026-08-02 04:11:50] H: 2217 |  201/2016 ( 10.0%) | 1815 blocks to retarget | Supply:   110900
[2026-08-02 04:12:51] H: 2217 |  201/2016 ( 10.0%) | 1815 blocks to retarget | Supply:   110900
[2026-08-02 04:13:51] H: 2217 |  201/2016 ( 10.0%) | 1815 blocks to retarget | Supply:   110900
[2026-08-02 04:14:51] H: 2217 |  201/2016 ( 10.0%) | 1815 blocks to retarget | Supply:   110900
[2026-08-02 04:15:53] H: 2217 |  201/2016 ( 10.0%) | 1815 blocks to retarget | Supply:   110900
[2026-08-02 04:16:54] H: 2217 |  201/2016 ( 10.0%) | 1815 blocks to retarget | Supply:   110900
[2026-08-02 04:17:54] H: 2217 |  201/2016 ( 10.0%) | 1815 blocks to retarget | Supply:   110900
[2026-08-02 04:18:55] H: 2217 |  201/2016 ( 10.0%) | 1815 blocks to retarget | Supply:   110900
[2026-08-02 04:19:55] H: 2217 |  201/2016 ( 10.0%) | 1815 blocks to retarget | Supply:   110900
[2026-08-02 04:20:55] H: 2217 |  201/2016 ( 10.0%) | 1815 blocks to retarget | Supply:   110900
[2026-08-02 04:21:56] H: 2217 |  201/2016 ( 10.0%) | 1815 blocks to retarget | Supply:   110900
[2026-08-02 04:22:57] H: 2217 |  201/2016 ( 10.0%) | 1815 blocks to retarget | Supply:   110900
[2026-08-02 04:23:57] H: 2217 |  201/2016 ( 10.0%) | 1815 blocks to retarget | Supply:   110900
[2026-08-02 04:24:58] H: 2217 |  201/2016 ( 10.0%) | 1815 blocks to retarget | Supply:   110900
[2026-08-02 04:25:59] H: 2217 |  201/2016 ( 10.0%) | 1815 blocks to retarget | Supply:   110900
[2026-08-02 04:26:59] H: 2217 |  201/2016 ( 10.0%) | 1815 blocks to retarget | Supply:   110900
[2026-08-02 04:28:00] H: 2217 |  201/2016 ( 10.0%) | 1815 blocks to retarget | Supply:   110900
[2026-08-02 04:29:01] H: 2217 |  201/2016 ( 10.0%) | 1815 blocks to retarget | Supply:   110900
[2026-08-02 04:30:02] H: 2217 |  201/2016 ( 10.0%) | 1815 blocks to retarget | Supply:   110900
[2026-08-02 04:31:02] H: 2217 |  201/2016 ( 10.0%) | 1815 blocks to retarget | Supply:   110900
[2026-08-02 04:32:03] H: 2217 |  201/2016 ( 10.0%) | 1815 blocks to retarget | Supply:   110900
[2026-08-02 04:33:04] H: 2217 |  201/2016 ( 10.0%) | 1815 blocks to retarget | Supply:   110900
[2026-08-02 04:34:05] H: 2217 |  201/2016 ( 10.0%) | 1815 blocks to retarget | Supply:   110900
[2026-08-02 04:35:06] H: 2217 |  201/2016 ( 10.0%) | 1815 blocks to retarget | Supply:   110900
[2026-08-02 04:36:08] H: 2217 |  201/2016 ( 10.0%) | 1815 blocks to retarget | Supply:   110900
[2026-08-02 04:37:08] H: 2217 |  201/2016 ( 10.0%) | 1815 blocks to retarget | Supply:   110900
[2026-08-02 04:38:10] H: 2217 |  201/2016 ( 10.0%) | 1815 blocks to retarget | Supply:   110900
[2026-08-02 04:39:11] H: 2217 |  201/2016 ( 10.0%) | 1815 blocks to retarget | Supply:   110900
[2026-08-02 04:40:12] H: 2217 |  201/2016 ( 10.0%) | 1815 blocks to retarget | Supply:   110900
[2026-08-02 04:41:12] H: 2217 |  201/2016 ( 10.0%) | 1815 blocks to retarget | Supply:   110900
[2026-08-02 04:42:13] H: 2217 |  201/2016 ( 10.0%) | 1815 blocks to retarget | Supply:   110900
[2026-08-02 04:43:14] H: 2217 |  201/2016 ( 10.0%) | 1815 blocks to retarget | Supply:   110900
[2026-08-02 04:44:15] H: 2217 |  201/2016 ( 10.0%) | 1815 blocks to retarget | Supply:   110900
[2026-08-02 04:45:16] H: 2217 |  201/2016 ( 10.0%) | 1815 blocks to retarget | Supply:   110900
[2026-08-02 04:46:17] H: 2217 |  201/2016 ( 10.0%) | 1815 blocks to retarget | Supply:   110900
[2026-08-02 04:47:17] H: 2217 |  201/2016 ( 10.0%) | 1815 blocks to retarget | Supply:   110900
[2026-08-02 04:48:19] H: 2217 |  201/2016 ( 10.0%) | 1815 blocks to retarget | Supply:   110900
[2026-08-02 04:49:20] H: 2217 |  201/2016 ( 10.0%) | 1815 blocks to retarget | Supply:   110900
[2026-08-02 04:50:21] H: 2217 |  201/2016 ( 10.0%) | 1815 blocks to retarget | Supply:   110900
[2026-08-02 04:51:22] H: 2217 |  201/2016 ( 10.0%) | 1815 blocks to retarget | Supply:   110900
[2026-08-02 04:52:23] H: 2217 |  201/2016 ( 10.0%) | 1815 blocks to retarget | Supply:   110900
[2026-08-02 04:53:24] H: 2217 |  201/2016 ( 10.0%) | 1815 blocks to retarget | Supply:   110900
[2026-08-02 04:54:25] H: 2217 |  201/2016 ( 10.0%) | 1815 blocks to retarget | Supply:   110900
[2026-08-02 04:55:26] H: 2217 |  201/2016 ( 10.0%) | 1815 blocks to retarget | Supply:   110900
[2026-08-02 04:56:26] H: 2217 |  201/2016 ( 10.0%) | 1815 blocks to retarget | Supply:   110900
[2026-08-02 04:57:27] H: 2217 |  201/2016 ( 10.0%) | 1815 blocks to retarget | Supply:   110900
[2026-08-02 04:58:28] H: 2217 |  201/2016 ( 10.0%) | 1815 blocks to retarget | Supply:   110900
[2026-08-02 04:59:28] H: 2217 |  201/2016 ( 10.0%) | 1815 blocks to retarget | Supply:   110900
[2026-08-02 05:00:29] H: 2217 |  201/2016 ( 10.0%) | 1815 blocks to retarget | Supply:   110900
[2026-08-02 05:01:30] H: 2217 |  201/2016 ( 10.0%) | 1815 blocks to retarget | Supply:   110900
[2026-08-02 05:02:31] H: 2217 |  201/2016 ( 10.0%) | 1815 blocks to retarget | Supply:   110900
[2026-08-02 05:03:33] H: 2217 |  201/2016 ( 10.0%) | 1815 blocks to retarget | Supply:   110900
[2026-08-02 05:04:34] H: 2217 |  201/2016 ( 10.0%) | 1815 blocks to retarget | Supply:   110900
[2026-08-02 05:05:34] H: 2217 |  201/2016 ( 10.0%) | 1815 blocks to retarget | Supply:   110900
[2026-08-02 05:06:35] H: 2217 |  201/2016 ( 10.0%) | 1815 blocks to retarget | Supply:   110900
[2026-08-02 05:07:36] H: 2217 |  201/2016 ( 10.0%) | 1815 blocks to retarget | Supply:   110900
[2026-08-02 05:08:36] H: 2217 |  201/2016 ( 10.0%) | 1815 blocks to retarget | Supply:   110900
[2026-08-02 05:09:37] H: 2217 |  201/2016 ( 10.0%) | 1815 blocks to retarget | Supply:   110900
[2026-08-02 05:10:38] H: 2217 |  201/2016 ( 10.0%) | 1815 blocks to retarget | Supply:   110900
[2026-08-02 05:11:39] H: 2217 |  201/2016 ( 10.0%) | 1815 blocks to retarget | Supply:   110900
[2026-08-02 05:12:39] H: 2217 |  201/2016 ( 10.0%) | 1815 blocks to retarget | Supply:   110900
[2026-08-02 05:13:40] H: 2217 |  201/2016 ( 10.0%) | 1815 blocks to retarget | Supply:   110900
[2026-08-02 05:14:42] H: 2217 |  201/2016 ( 10.0%) | 1815 blocks to retarget | Supply:   110900
[2026-08-02 05:15:43] H: 2217 |  201/2016 ( 10.0%) | 1815 blocks to retarget | Supply:   110900
[2026-08-02 05:16:44] H: 2217 |  201/2016 ( 10.0%) | 1815 blocks to retarget | Supply:   110900
[2026-08-02 05:17:45] H: 2217 |  201/2016 ( 10.0%) | 1815 blocks to retarget | Supply:   110900
[2026-08-02 05:18:46] H: 2217 |  201/2016 ( 10.0%) | 1815 blocks to retarget | Supply:   110900
[2026-08-02 05:19:47] H: 2217 |  201/2016 ( 10.0%) | 1815 blocks to retarget | Supply:   110900
[2026-08-02 05:20:48] H: 2217 |  201/2016 ( 10.0%) | 1815 blocks to retarget | Supply:   110900
[2026-08-02 05:21:48] H: 2217 |  201/2016 ( 10.0%) | 1815 blocks to retarget | Supply:   110900
[2026-08-02 05:22:49] H: 2217 |  201/2016 ( 10.0%) | 1815 blocks to retarget | Supply:   110900
[2026-08-02 05:23:49] H: 2217 |  201/2016 ( 10.0%) | 1815 blocks to retarget | Supply:   110900
[2026-08-02 05:24:50] H: 2217 |  201/2016 ( 10.0%) | 1815 blocks to retarget | Supply:   110900
[2026-08-02 05:25:51] H: 2217 |  201/2016 ( 10.0%) | 1815 blocks to retarget | Supply:   110900
[2026-08-02 05:26:52] H: 2217 |  201/2016 ( 10.0%) | 1815 blocks to retarget | Supply:   110900
[2026-08-02 05:27:52] H: 2217 |  201/2016 ( 10.0%) | 1815 blocks to retarget | Supply:   110900
[2026-08-02 05:28:52] H: 2217 |  201/2016 ( 10.0%) | 1815 blocks to retarget | Supply:   110900
[2026-08-02 05:29:53] H: 2217 |  201/2016 ( 10.0%) | 1815 blocks to retarget | Supply:   110900
[2026-08-02 05:30:54] H: 2217 |  201/2016 ( 10.0%) | 1815 blocks to retarget | Supply:   110900
[2026-08-02 05:31:55] H: 2217 |  201/2016 ( 10.0%) | 1815 blocks to retarget | Supply:   110900
[2026-08-02 05:32:55] H: 2217 |  201/2016 ( 10.0%) | 1815 blocks to retarget | Supply:   110900
[2026-08-02 05:33:56] H: 2217 |  201/2016 ( 10.0%) | 1815 blocks to retarget | Supply:   110900
[2026-08-02 05:34:57] H: 2217 |  201/2016 ( 10.0%) | 1815 blocks to retarget | Supply:   110900
[2026-08-02 05:35:58] H: 2217 |  201/2016 ( 10.0%) | 1815 blocks to retarget | Supply:   110900
[2026-08-02 05:36:58] H: 2217 |  201/2016 ( 10.0%) | 1815 blocks to retarget | Supply:   110900
[2026-08-02 05:37:59] H: 2217 |  201/2016 ( 10.0%) | 1815 blocks to retarget | Supply:   110900
[2026-08-02 05:39:00] H: 2217 |  201/2016 ( 10.0%) | 1815 blocks to retarget | Supply:   110900
[2026-08-02 05:40:01] H: 2217 |  201/2016 ( 10.0%) | 1815 blocks to retarget | Supply:   110900
[2026-08-02 05:41:01] H: 2217 |  201/2016 ( 10.0%) | 1815 blocks to retarget | Supply:   110900
[2026-08-02 05:42:02] H: 2217 |  201/2016 ( 10.0%) | 1815 blocks to retarget | Supply:   110900
[2026-08-02 05:43:03] H: 2217 |  201/2016 ( 10.0%) | 1815 blocks to retarget | Supply:   110900
[2026-08-02 05:44:04] H: 2217 |  201/2016 ( 10.0%) | 1815 blocks to retarget | Supply:   110900
[2026-08-02 05:45:05] H: 2217 |  201/2016 ( 10.0%) | 1815 blocks to retarget | Supply:   110900
[2026-08-02 05:46:05] H: 2217 |  201/2016 ( 10.0%) | 1815 blocks to retarget | Supply:   110900
[2026-08-02 05:47:06] H: 2217 |  201/2016 ( 10.0%) | 1815 blocks to retarget | Supply:   110900
[2026-08-02 05:48:07] H: 2217 |  201/2016 ( 10.0%) | 1815 blocks to retarget | Supply:   110900
[2026-08-02 05:49:08] H: 2217 |  201/2016 ( 10.0%) | 1815 blocks to retarget | Supply:   110900
[2026-08-02 05:50:09] H: 2217 |  201/2016 ( 10.0%) | 1815 blocks to retarget | Supply:   110900
[2026-08-02 05:51:10] H: 2217 |  201/2016 ( 10.0%) | 1815 blocks to retarget | Supply:   110900
[2026-08-02 05:52:11] H: 2217 |  201/2016 ( 10.0%) | 1815 blocks to retarget | Supply:   110900
[2026-08-02 05:53:12] H: 2217 |  201/2016 ( 10.0%) | 1815 blocks to retarget | Supply:   110900
[2026-08-02 05:54:13] H: 2217 |  201/2016 ( 10.0%) | 1815 blocks to retarget | Supply:   110900
[2026-08-02 05:55:14] H: 2217 |  201/2016 ( 10.0%) | 1815 blocks to retarget | Supply:   110900
[2026-08-02 05:56:14] H: 2217 |  201/2016 ( 10.0%) | 1815 blocks to retarget | Supply:   110900
[2026-08-02 05:57:15] H: 2217 |  201/2016 ( 10.0%) | 1815 blocks to retarget | Supply:   110900
[2026-08-02 05:58:16] H: 2217 |  201/2016 ( 10.0%) | 1815 blocks to retarget | Supply:   110900
[2026-08-02 05:59:16] H: 2217 |  201/2016 ( 10.0%) | 1815 blocks to retarget | Supply:   110900
[2026-08-02 06:00:17] H: 2217 |  201/2016 ( 10.0%) | 1815 blocks to retarget | Supply:   110900
[2026-08-02 06:01:18] H: 2217 |  201/2016 ( 10.0%) | 1815 blocks to retarget | Supply:   110900
[2026-08-02 06:02:19] H: 2217 |  201/2016 ( 10.0%) | 1815 blocks to retarget | Supply:   110900
[2026-08-02 06:03:19] H: 2217 |  201/2016 ( 10.0%) | 1815 blocks to retarget | Supply:   110900
[2026-08-02 06:04:20] H: 2217 |  201/2016 ( 10.0%) | 1815 blocks to retarget | Supply:   110900
[2026-08-02 06:05:21] H: 2217 |  201/2016 ( 10.0%) | 1815 blocks to retarget | Supply:   110900
[2026-08-02 06:06:21] H: 2217 |  201/2016 ( 10.0%) | 1815 blocks to retarget | Supply:   110900
[2026-08-02 06:07:22] H: 2217 |  201/2016 ( 10.0%) | 1815 blocks to retarget | Supply:   110900
[2026-08-02 06:08:23] H: 2217 |  201/2016 ( 10.0%) | 1815 blocks to retarget | Supply:   110900
[2026-08-02 06:09:23] H: 2217 |  201/2016 ( 10.0%) | 1815 blocks to retarget | Supply:   110900
[2026-08-02 06:10:24] H: 2217 |  201/2016 ( 10.0%) | 1815 blocks to retarget | Supply:   110900
[2026-08-02 06:11:25] H: 2217 |  201/2016 ( 10.0%) | 1815 blocks to retarget | Supply:   110900
[2026-08-02 06:12:25] H: 2217 |  201/2016 ( 10.0%) | 1815 blocks to retarget | Supply:   110900
[2026-08-02 06:13:26] H: 2217 |  201/2016 ( 10.0%) | 1815 blocks to retarget | Supply:   110900
[2026-08-02 06:14:27] H: 2217 |  201/2016 ( 10.0%) | 1815 blocks to retarget | Supply:   110900
[2026-08-02 06:15:27] H: 2217 |  201/2016 ( 10.0%) | 1815 blocks to retarget | Supply:   110900
[2026-08-02 06:16:28] H: 2217 |  201/2016 ( 10.0%) | 1815 blocks to retarget | Supply:   110900
[2026-08-02 06:17:29] H: 2217 |  201/2016 ( 10.0%) | 1815 blocks to retarget | Supply:   110900
[2026-08-02 06:18:30] H: 2217 |  201/2016 ( 10.0%) | 1815 blocks to retarget | Supply:   110900
[2026-08-02 06:19:32] H: 2217 |  201/2016 ( 10.0%) | 1815 blocks to retarget | Supply:   110900
[2026-08-02 06:20:33] H: 2217 |  201/2016 ( 10.0%) | 1815 blocks to retarget | Supply:   110900
[2026-08-02 06:21:34] H: 2217 |  201/2016 ( 10.0%) | 1815 blocks to retarget | Supply:   110900
[2026-08-02 06:22:34] H: 2217 |  201/2016 ( 10.0%) | 1815 blocks to retarget | Supply:   110900
[2026-08-02 06:23:35] H: 2217 |  201/2016 ( 10.0%) | 1815 blocks to retarget | Supply:   110900
[2026-08-02 06:24:36] H: 2217 |  201/2016 ( 10.0%) | 1815 blocks to retarget | Supply:   110900
[2026-08-02 06:25:37] H: 2217 |  201/2016 ( 10.0%) | 1815 blocks to retarget | Supply:   110900
[2026-08-02 06:26:39] H: 2217 |  201/2016 ( 10.0%) | 1815 blocks to retarget | Supply:   110900
[2026-08-02 06:27:40] H: 2217 |  201/2016 ( 10.0%) | 1815 blocks to retarget | Supply:   110900
[2026-08-02 06:28:41] H: 2217 |  201/2016 ( 10.0%) | 1815 blocks to retarget | Supply:   110900
[2026-08-02 06:29:42] H: 2217 |  201/2016 ( 10.0%) | 1815 blocks to retarget | Supply:   110900
[2026-08-02 06:30:43] H: 2217 |  201/2016 ( 10.0%) | 1815 blocks to retarget | Supply:   110900
[2026-08-02 06:31:43] H: 2217 |  201/2016 ( 10.0%) | 1815 blocks to retarget | Supply:   110900
[2026-08-02 06:32:44] H: 2217 |  201/2016 ( 10.0%) | 1815 blocks to retarget | Supply:   110900
[2026-08-02 06:33:45] H: 2217 |  201/2016 ( 10.0%) | 1815 blocks to retarget | Supply:   110900
[2026-08-02 06:34:46] H: 2217 |  201/2016 ( 10.0%) | 1815 blocks to retarget | Supply:   110900
[2026-08-02 06:35:47] H: 2217 |  201/2016 ( 10.0%) | 1815 blocks to retarget | Supply:   110900
[2026-08-02 06:36:48] H: 2217 |  201/2016 ( 10.0%) | 1815 blocks to retarget | Supply:   110900
[2026-08-02 06:37:48] H: 2217 |  201/2016 ( 10.0%) | 1815 blocks to retarget | Supply:   110900
[2026-08-02 06:38:49] H: 2217 |  201/2016 ( 10.0%) | 1815 blocks to retarget | Supply:   110900
[2026-08-02 06:39:50] H: 2217 |  201/2016 ( 10.0%) | 1815 blocks to retarget | Supply:   110900
[2026-08-02 06:40:51] H: 2217 |  201/2016 ( 10.0%) | 1815 blocks to retarget | Supply:   110900
[2026-08-02 06:41:52] H: 2217 |  201/2016 ( 10.0%) | 1815 blocks to retarget | Supply:   110900
[2026-08-02 06:42:52] H: 2217 |  201/2016 ( 10.0%) | 1815 blocks to retarget | Supply:   110900
[2026-08-02 06:43:53] H: 2217 |  201/2016 ( 10.0%) | 1815 blocks to retarget | Supply:   110900
[2026-08-02 06:44:53] H: 2217 |  201/2016 ( 10.0%) | 1815 blocks to retarget | Supply:   110900
[2026-08-02 06:45:54] H: 2217 |  201/2016 ( 10.0%) | 1815 blocks to retarget | Supply:   110900
[2026-08-02 06:46:56] H: 2217 |  201/2016 ( 10.0%) | 1815 blocks to retarget | Supply:   110900
[2026-08-02 06:47:57] H: 2217 |  201/2016 ( 10.0%) | 1815 blocks to retarget | Supply:   110900
[2026-08-02 06:48:59] H: 2217 |  201/2016 ( 10.0%) | 1815 blocks to retarget | Supply:   110900
[2026-08-02 06:50:00] H: 2217 |  201/2016 ( 10.0%) | 1815 blocks to retarget | Supply:   110900
[2026-08-02 06:51:00] H: 2217 |  201/2016 ( 10.0%) | 1815 blocks to retarget | Supply:   110900
[2026-08-02 06:52:01] H: 2217 |  201/2016 ( 10.0%) | 1815 blocks to retarget | Supply:   110900
[2026-08-02 06:53:02] H: 2217 |  201/2016 ( 10.0%) | 1815 blocks to retarget | Supply:   110900
[2026-08-02 06:54:02] H: 2217 |  201/2016 ( 10.0%) | 1815 blocks to retarget | Supply:   110900
[2026-08-02 06:55:03] H: 2217 |  201/2016 ( 10.0%) | 1815 blocks to retarget | Supply:   110900
[2026-08-02 06:56:04] H: 2217 |  201/2016 ( 10.0%) | 1815 blocks to retarget | Supply:   110900
[2026-08-02 06:57:04] H: 2217 |  201/2016 ( 10.0%) | 1815 blocks to retarget | Supply:   110900
[2026-08-02 06:58:05] H: 2217 |  201/2016 ( 10.0%) | 1815 blocks to retarget | Supply:   110900
[2026-08-02 06:59:06] H: 2217 |  201/2016 ( 10.0%) | 1815 blocks to retarget | Supply:   110900
[2026-08-02 07:00:07] H: 2217 |  201/2016 ( 10.0%) | 1815 blocks to retarget | Supply:   110900
[2026-08-02 07:01:07] H: 2217 |  201/2016 ( 10.0%) | 1815 blocks to retarget | Supply:   110900
[2026-08-02 07:02:07] H: 2217 |  201/2016 ( 10.0%) | 1815 blocks to retarget | Supply:   110900
[2026-08-02 07:03:08] H: 2217 |  201/2016 ( 10.0%) | 1815 blocks to retarget | Supply:   110900
[2026-08-02 07:04:09] H: 2217 |  201/2016 ( 10.0%) | 1815 blocks to retarget | Supply:   110900
[2026-08-02 07:05:10] H: 2217 |  201/2016 ( 10.0%) | 1815 blocks to retarget | Supply:   110900
[2026-08-02 07:06:10] H: 2217 |  201/2016 ( 10.0%) | 1815 blocks to retarget | Supply:   110900
[2026-08-02 07:07:11] H: 2217 |  201/2016 ( 10.0%) | 1815 blocks to retarget | Supply:   110900
[2026-08-02 07:08:12] H: 2217 |  201/2016 ( 10.0%) | 1815 blocks to retarget | Supply:   110900
[2026-08-02 07:09:13] H: 2217 |  201/2016 ( 10.0%) | 1815 blocks to retarget | Supply:   110900
[2026-08-02 07:10:14] H: 2217 |  201/2016 ( 10.0%) | 1815 blocks to retarget | Supply:   110900
[2026-08-02 07:11:15] H: 2217 |  201/2016 ( 10.0%) | 1815 blocks to retarget | Supply:   110900
[2026-08-02 07:12:15] H: 2217 |  201/2016 ( 10.0%) | 1815 blocks to retarget | Supply:   110900
[2026-08-02 07:13:16] H: 2217 |  201/2016 ( 10.0%) | 1815 blocks to retarget | Supply:   110900
[2026-08-02 07:14:18] H: 2217 |  201/2016 ( 10.0%) | 1815 blocks to retarget | Supply:   110900
[2026-08-02 07:15:19] H: 2217 |  201/2016 ( 10.0%) | 1815 blocks to retarget | Supply:   110900
[2026-08-02 07:16:20] H: 2217 |  201/2016 ( 10.0%) | 1815 blocks to retarget | Supply:   110900
[2026-08-02 07:17:21] H: 2217 |  201/2016 ( 10.0%) | 1815 blocks to retarget | Supply:   110900
[2026-08-02 07:18:22] H: 2217 |  201/2016 ( 10.0%) | 1815 blocks to retarget | Supply:   110900
[2026-08-02 07:19:22] H: 2217 |  201/2016 ( 10.0%) | 1815 blocks to retarget | Supply:   110900
[2026-08-02 07:20:24] H: 2217 |  201/2016 ( 10.0%) | 1815 blocks to retarget | Supply:   110900
[2026-08-02 07:21:25] H: 2217 |  201/2016 ( 10.0%) | 1815 blocks to retarget | Supply:   110900
[2026-08-02 07:22:26] H: 2217 |  201/2016 ( 10.0%) | 1815 blocks to retarget | Supply:   110900
[2026-08-02 07:23:27] H: 2217 |  201/2016 ( 10.0%) | 1815 blocks to retarget | Supply:   110900
[2026-08-02 07:24:28] H: 2217 |  201/2016 ( 10.0%) | 1815 blocks to retarget | Supply:   110900
[2026-08-02 07:25:29] H: 2217 |  201/2016 ( 10.0%) | 1815 blocks to retarget | Supply:   110900
[2026-08-02 07:26:30] H: 2217 |  201/2016 ( 10.0%) | 1815 blocks to retarget | Supply:   110900
[2026-08-02 07:27:31] H: 2217 |  201/2016 ( 10.0%) | 1815 blocks to retarget | Supply:   110900
[2026-08-02 07:28:32] H: 2217 |  201/2016 ( 10.0%) | 1815 blocks to retarget | Supply:   110900
[2026-08-02 07:29:33] H: 2217 |  201/2016 ( 10.0%) | 1815 blocks to retarget | Supply:   110900
[2026-08-02 07:30:34] H: 2217 |  201/2016 ( 10.0%) | 1815 blocks to retarget | Supply:   110900
[2026-08-02 07:31:35] H: 2217 |  201/2016 ( 10.0%) | 1815 blocks to retarget | Supply:   110900
[2026-08-02 07:32:35] H: 2217 |  201/2016 ( 10.0%) | 1815 blocks to retarget | Supply:   110900
[2026-08-02 07:33:36] H: 2217 |  201/2016 ( 10.0%) | 1815 blocks to retarget | Supply:   110900
[2026-08-02 07:34:37] H: 2217 |  201/2016 ( 10.0%) | 1815 blocks to retarget | Supply:   110900
[2026-08-02 07:35:38] H: 2217 |  201/2016 ( 10.0%) | 1815 blocks to retarget | Supply:   110900
[2026-08-02 07:36:39] H: 2217 |  201/2016 ( 10.0%) | 1815 blocks to retarget | Supply:   110900
[2026-08-02 07:37:40] H: 2217 |  201/2016 ( 10.0%) | 1815 blocks to retarget | Supply:   110900
[2026-08-02 07:38:41] H: 2217 |  201/2016 ( 10.0%) | 1815 blocks to retarget | Supply:   110900
[2026-08-02 07:39:43] H: 2217 |  201/2016 ( 10.0%) | 1815 blocks to retarget | Supply:   110900
[2026-08-02 07:40:43] H: 2217 |  201/2016 ( 10.0%) | 1815 blocks to retarget | Supply:   110900
[2026-08-02 07:41:44] H: 2217 |  201/2016 ( 10.0%) | 1815 blocks to retarget | Supply:   110900
[2026-08-02 07:42:45] H: 2217 |  201/2016 ( 10.0%) | 1815 blocks to retarget | Supply:   110900
[2026-08-02 07:43:46] H: 2217 |  201/2016 ( 10.0%) | 1815 blocks to retarget | Supply:   110900
[2026-08-02 07:44:46] H: 2217 |  201/2016 ( 10.0%) | 1815 blocks to retarget | Supply:   110900
[2026-08-02 07:45:46] H: 2217 |  201/2016 ( 10.0%) | 1815 blocks to retarget | Supply:   110900
[2026-08-02 07:46:47] H: 2217 |  201/2016 ( 10.0%) | 1815 blocks to retarget | Supply:   110900
[2026-08-02 07:47:48] H: 2217 |  201/2016 ( 10.0%) | 1815 blocks to retarget | Supply:   110900
[2026-08-02 07:48:49] H: 2217 |  201/2016 ( 10.0%) | 1815 blocks to retarget | Supply:   110900
[2026-08-02 07:49:50] H: 2217 |  201/2016 ( 10.0%) | 1815 blocks to retarget | Supply:   110900
[2026-08-02 07:50:51] H: 2217 |  201/2016 ( 10.0%) | 1815 blocks to retarget | Supply:   110900
[2026-08-02 07:51:51] H: 2217 |  201/2016 ( 10.0%) | 1815 blocks to retarget | Supply:   110900
[2026-08-02 07:52:52] H: 2217 |  201/2016 ( 10.0%) | 1815 blocks to retarget | Supply:   110900
[2026-08-02 07:53:53] H: 2217 |  201/2016 ( 10.0%) | 1815 blocks to retarget | Supply:   110900
[2026-08-02 07:54:54] H: 2217 |  201/2016 ( 10.0%) | 1815 blocks to retarget | Supply:   110900
[2026-08-02 07:55:55] H: 2217 |  201/2016 ( 10.0%) | 1815 blocks to retarget | Supply:   110900
[2026-08-02 07:56:56] H: 2217 |  201/2016 ( 10.0%) | 1815 blocks to retarget | Supply:   110900
[2026-08-02 07:57:57] H: 2217 |  201/2016 ( 10.0%) | 1815 blocks to retarget | Supply:   110900
[2026-08-02 07:58:57] H: 2217 |  201/2016 ( 10.0%) | 1815 blocks to retarget | Supply:   110900
[2026-08-02 07:59:58] H: 2217 |  201/2016 ( 10.0%) | 1815 blocks to retarget | Supply:   110900
[2026-08-02 08:00:59] H: 2217 |  201/2016 ( 10.0%) | 1815 blocks to retarget | Supply:   110900
[2026-08-02 08:02:00] H: 2217 |  201/2016 ( 10.0%) | 1815 blocks to retarget | Supply:   110900
[2026-08-02 08:03:01] H: 2217 |  201/2016 ( 10.0%) | 1815 blocks to retarget | Supply:   110900
[2026-08-02 08:04:01] H: 2217 |  201/2016 ( 10.0%) | 1815 blocks to retarget | Supply:   110900
[2026-08-02 08:05:02] H: 2217 |  201/2016 ( 10.0%) | 1815 blocks to retarget | Supply:   110900
[2026-08-02 08:06:03] H: 2217 |  201/2016 ( 10.0%) | 1815 blocks to retarget | Supply:   110900
[2026-08-02 08:07:03] H: 2217 |  201/2016 ( 10.0%) | 1815 blocks to retarget | Supply:   110900
[2026-08-02 08:08:04] H: 2217 |  201/2016 ( 10.0%) | 1815 blocks to retarget | Supply:   110900
[2026-08-02 08:09:04] H: 2217 |  201/2016 ( 10.0%) | 1815 blocks to retarget | Supply:   110900
[2026-08-02 08:10:05] H: 2217 |  201/2016 ( 10.0%) | 1815 blocks to retarget | Supply:   110900
[2026-08-02 08:11:05] H: 2217 |  201/2016 ( 10.0%) | 1815 blocks to retarget | Supply:   110900
[2026-08-02 08:12:06] H: 2217 |  201/2016 ( 10.0%) | 1815 blocks to retarget | Supply:   110900
[2026-08-02 08:13:07] H: 2217 |  201/2016 ( 10.0%) | 1815 blocks to retarget | Supply:   110900
[2026-08-02 08:14:07] H: 2217 |  201/2016 ( 10.0%) | 1815 blocks to retarget | Supply:   110900
[2026-08-02 08:15:07] H: 2217 |  201/2016 ( 10.0%) | 1815 blocks to retarget | Supply:   110900
[2026-08-02 08:16:08] H: 2217 |  201/2016 ( 10.0%) | 1815 blocks to retarget | Supply:   110900
[2026-08-02 08:17:09] H: 2217 |  201/2016 ( 10.0%) | 1815 blocks to retarget | Supply:   110900
[2026-08-02 08:18:09] H: 2217 |  201/2016 ( 10.0%) | 1815 blocks to retarget | Supply:   110900
[2026-08-02 08:19:10] H: 2217 |  201/2016 ( 10.0%) | 1815 blocks to retarget | Supply:   110900
[2026-08-02 08:20:11] H: 2217 |  201/2016 ( 10.0%) | 1815 blocks to retarget | Supply:   110900
[2026-08-02 08:21:12] H: 2217 |  201/2016 ( 10.0%) | 1815 blocks to retarget | Supply:   110900
[2026-08-02 08:22:13] H: 2217 |  201/2016 ( 10.0%) | 1815 blocks to retarget | Supply:   110900
[2026-08-02 08:23:14] H: 2217 |  201/2016 ( 10.0%) | 1815 blocks to retarget | Supply:   110900
[2026-08-02 08:24:15] H: 2217 |  201/2016 ( 10.0%) | 1815 blocks to retarget | Supply:   110900
[2026-08-02 08:25:16] H: 2217 |  201/2016 ( 10.0%) | 1815 blocks to retarget | Supply:   110900
[2026-08-02 08:26:16] H: 2217 |  201/2016 ( 10.0%) | 1815 blocks to retarget | Supply:   110900
[2026-08-02 08:27:17] H: 2217 |  201/2016 ( 10.0%) | 1815 blocks to retarget | Supply:   110900
[2026-08-02 08:28:18] H: 2217 |  201/2016 ( 10.0%) | 1815 blocks to retarget | Supply:   110900
[2026-08-02 08:29:19] H: 2217 |  201/2016 ( 10.0%) | 1815 blocks to retarget | Supply:   110900
[2026-08-02 08:30:19] H: 2217 |  201/2016 ( 10.0%) | 1815 blocks to retarget | Supply:   110900
[2026-08-02 08:31:20] H: 2217 |  201/2016 ( 10.0%) | 1815 blocks to retarget | Supply:   110900
[2026-08-02 08:32:20] H: 2217 |  201/2016 ( 10.0%) | 1815 blocks to retarget | Supply:   110900
[2026-08-02 08:33:21] H: 2217 |  201/2016 ( 10.0%) | 1815 blocks to retarget | Supply:   110900
[2026-08-02 08:34:23] H: 2217 |  201/2016 ( 10.0%) | 1815 blocks to retarget | Supply:   110900
[2026-08-02 08:35:24] H: 2217 |  201/2016 ( 10.0%) | 1815 blocks to retarget | Supply:   110900
[2026-08-02 08:36:24] H: 2217 |  201/2016 ( 10.0%) | 1815 blocks to retarget | Supply:   110900
[2026-08-02 08:37:24] H: 2217 |  201/2016 ( 10.0%) | 1815 blocks to retarget | Supply:   110900
[2026-08-02 08:38:25] H: 2217 |  201/2016 ( 10.0%) | 1815 blocks to retarget | Supply:   110900
[2026-08-02 08:39:25] H: 2217 |  201/2016 ( 10.0%) | 1815 blocks to retarget | Supply:   110900
[2026-08-02 08:40:26] H: 2217 |  201/2016 ( 10.0%) | 1815 blocks to retarget | Supply:   110900
[2026-08-02 08:41:27] H: 2217 |  201/2016 ( 10.0%) | 1815 blocks to retarget | Supply:   110900
[2026-08-02 08:42:28] H: 2217 |  201/2016 ( 10.0%) | 1815 blocks to retarget | Supply:   110900
[2026-08-02 08:43:28] H: 2217 |  201/2016 ( 10.0%) | 1815 blocks to retarget | Supply:   110900
[2026-08-02 08:44:29] H: 2217 |  201/2016 ( 10.0%) | 1815 blocks to retarget | Supply:   110900
[2026-08-02 08:45:31] H: 2217 |  201/2016 ( 10.0%) | 1815 blocks to retarget | Supply:   110900
[2026-08-02 08:46:32] H: 2217 |  201/2016 ( 10.0%) | 1815 blocks to retarget | Supply:   110900
[2026-08-02 08:47:33] H: 2217 |  201/2016 ( 10.0%) | 1815 blocks to retarget | Supply:   110900
[2026-08-02 08:48:34] H: 2217 |  201/2016 ( 10.0%) | 1815 blocks to retarget | Supply:   110900
[2026-08-02 08:49:35] H: 2217 |  201/2016 ( 10.0%) | 1815 blocks to retarget | Supply:   110900
[2026-08-02 08:50:36] H: 2217 |  201/2016 ( 10.0%) | 1815 blocks to retarget | Supply:   110900
[2026-08-02 08:51:37] H: 2217 |  201/2016 ( 10.0%) | 1815 blocks to retarget | Supply:   110900
[2026-08-02 08:52:37] H: 2217 |  201/2016 ( 10.0%) | 1815 blocks to retarget | Supply:   110900
[2026-08-02 08:53:38] H: 2217 |  201/2016 ( 10.0%) | 1815 blocks to retarget | Supply:   110900
[2026-08-02 08:54:38] H: 2217 |  201/2016 ( 10.0%) | 1815 blocks to retarget | Supply:   110900
[2026-08-02 08:55:39] H: 2217 |  201/2016 ( 10.0%) | 1815 blocks to retarget | Supply:   110900
[2026-08-02 08:56:40] H: 2217 |  201/2016 ( 10.0%) | 1815 blocks to retarget | Supply:   110900
[2026-08-02 08:57:40] H: 2217 |  201/2016 ( 10.0%) | 1815 blocks to retarget | Supply:   110900
[2026-08-02 08:58:41] H: 2217 |  201/2016 ( 10.0%) | 1815 blocks to retarget | Supply:   110900
[2026-08-02 08:59:42] H: 2217 |  201/2016 ( 10.0%) | 1815 blocks to retarget | Supply:   110900
[2026-08-02 09:00:43] H: 2217 |  201/2016 ( 10.0%) | 1815 blocks to retarget | Supply:   110900
[2026-08-02 09:01:43] H: 2217 |  201/2016 ( 10.0%) | 1815 blocks to retarget | Supply:   110900
[2026-08-02 09:02:43] H: 2217 |  201/2016 ( 10.0%) | 1815 blocks to retarget | Supply:   110900
[2026-08-02 09:03:44] H: 2217 |  201/2016 ( 10.0%) | 1815 blocks to retarget | Supply:   110900
[2026-08-02 09:04:45] H: 2217 |  201/2016 ( 10.0%) | 1815 blocks to retarget | Supply:   110900
[2026-08-02 09:05:46] H: 2217 |  201/2016 ( 10.0%) | 1815 blocks to retarget | Supply:   110900
[2026-08-02 09:06:47] H: 2217 |  201/2016 ( 10.0%) | 1815 blocks to retarget | Supply:   110900
[2026-08-02 09:07:49] H: 2217 |  201/2016 ( 10.0%) | 1815 blocks to retarget | Supply:   110900
[2026-08-02 09:08:51] H: 2217 |  201/2016 ( 10.0%) | 1815 blocks to retarget | Supply:   110900
[2026-08-02 09:09:52] H: 2217 |  201/2016 ( 10.0%) | 1815 blocks to retarget | Supply:   110900
[2026-08-02 09:10:53] H: 2217 |  201/2016 ( 10.0%) | 1815 blocks to retarget | Supply:   110900
[2026-08-02 09:11:54] H: 2217 |  201/2016 ( 10.0%) | 1815 blocks to retarget | Supply:   110900
[2026-08-02 09:12:55] H: 2217 |  201/2016 ( 10.0%) | 1815 blocks to retarget | Supply:   110900
[2026-08-02 09:13:56] H: 2217 |  201/2016 ( 10.0%) | 1815 blocks to retarget | Supply:   110900
[2026-08-02 09:14:57] H: 2217 |  201/2016 ( 10.0%) | 1815 blocks to retarget | Supply:   110900
[2026-08-02 09:15:58] H: 2217 |  201/2016 ( 10.0%) | 1815 blocks to retarget | Supply:   110900
[2026-08-02 09:16:59] H: 2217 |  201/2016 ( 10.0%) | 1815 blocks to retarget | Supply:   110900
[2026-08-02 09:17:59] H: 2217 |  201/2016 ( 10.0%) | 1815 blocks to retarget | Supply:   110900
[2026-08-02 09:19:00] H: 2217 |  201/2016 ( 10.0%) | 1815 blocks to retarget | Supply:   110900
[2026-08-02 09:20:00] H: 2217 |  201/2016 ( 10.0%) | 1815 blocks to retarget | Supply:   110900
[2026-08-02 09:21:01] H: 2217 |  201/2016 ( 10.0%) | 1815 blocks to retarget | Supply:   110900
[2026-08-02 09:22:02] H: 2217 |  201/2016 ( 10.0%) | 1815 blocks to retarget | Supply:   110900
[2026-08-02 09:23:03] H: 2217 |  201/2016 ( 10.0%) | 1815 blocks to retarget | Supply:   110900
[2026-08-02 09:24:03] H: 2217 |  201/2016 ( 10.0%) | 1815 blocks to retarget | Supply:   110900
[2026-08-02 09:25:04] H: 2217 |  201/2016 ( 10.0%) | 1815 blocks to retarget | Supply:   110900
[2026-08-02 09:26:05] H: 2217 |  201/2016 ( 10.0%) | 1815 blocks to retarget | Supply:   110900
[2026-08-02 09:27:06] H: 2217 |  201/2016 ( 10.0%) | 1815 blocks to retarget | Supply:   110900
[2026-08-02 09:28:06] H: 2217 |  201/2016 ( 10.0%) | 1815 blocks to retarget | Supply:   110900
[2026-08-02 09:29:07] H: 2217 |  201/2016 ( 10.0%) | 1815 blocks to retarget | Supply:   110900
[2026-08-02 09:30:08] H: 2217 |  201/2016 ( 10.0%) | 1815 blocks to retarget | Supply:   110900
[2026-08-02 09:31:09] H: 2217 |  201/2016 ( 10.0%) | 1815 blocks to retarget | Supply:   110900
[2026-08-02 09:32:11] H: 2217 |  201/2016 ( 10.0%) | 1815 blocks to retarget | Supply:   110900
[2026-08-02 09:33:12] H: 2217 |  201/2016 ( 10.0%) | 1815 blocks to retarget | Supply:   110900
[2026-08-02 09:34:13] H: 2217 |  201/2016 ( 10.0%) | 1815 blocks to retarget | Supply:   110900
[2026-08-02 09:35:13] H: 2217 |  201/2016 ( 10.0%) | 1815 blocks to retarget | Supply:   110900
[2026-08-02 09:36:14] H: 2217 |  201/2016 ( 10.0%) | 1815 blocks to retarget | Supply:   110900
[2026-08-02 09:37:15] H: 2217 |  201/2016 ( 10.0%) | 1815 blocks to retarget | Supply:   110900
[2026-08-02 09:38:15] H: 2217 |  201/2016 ( 10.0%) | 1815 blocks to retarget | Supply:   110900
[2026-08-02 09:39:17] H: 2217 |  201/2016 ( 10.0%) | 1815 blocks to retarget | Supply:   110900
[2026-08-02 09:40:17] H: 2217 |  201/2016 ( 10.0%) | 1815 blocks to retarget | Supply:   110900
[2026-08-02 09:41:18] H: 2217 |  201/2016 ( 10.0%) | 1815 blocks to retarget | Supply:   110900
[2026-08-02 09:42:19] H: 2217 |  201/2016 ( 10.0%) | 1815 blocks to retarget | Supply:   110900
[2026-08-02 09:43:20] H: 2217 |  201/2016 ( 10.0%) | 1815 blocks to retarget | Supply:   110900
[2026-08-02 09:44:21] H: 2217 |  201/2016 ( 10.0%) | 1815 blocks to retarget | Supply:   110900
[2026-08-02 09:45:22] H: 2217 |  201/2016 ( 10.0%) | 1815 blocks to retarget | Supply:   110900
[2026-08-02 09:46:23] H: 2217 |  201/2016 ( 10.0%) | 1815 blocks to retarget | Supply:   110900
[2026-08-02 09:47:24] H: 2217 |  201/2016 ( 10.0%) | 1815 blocks to retarget | Supply:   110900
[2026-08-02 09:48:25] H: 2217 |  201/2016 ( 10.0%) | 1815 blocks to retarget | Supply:   110900
[2026-08-02 09:49:27] H: 2217 |  201/2016 ( 10.0%) | 1815 blocks to retarget | Supply:   110900
[2026-08-02 09:50:29] H: 2217 |  201/2016 ( 10.0%) | 1815 blocks to retarget | Supply:   110900
[2026-08-02 09:51:30] H: 2217 |  201/2016 ( 10.0%) | 1815 blocks to retarget | Supply:   110900
[2026-08-02 09:52:31] H: 2217 |  201/2016 ( 10.0%) | 1815 blocks to retarget | Supply:   110900
[2026-08-02 09:53:32] H: 2217 |  201/2016 ( 10.0%) | 1815 blocks to retarget | Supply:   110900
[2026-08-02 09:54:33] H: 2217 |  201/2016 ( 10.0%) | 1815 blocks to retarget | Supply:   110900
[2026-08-02 09:55:34] H: 2217 |  201/2016 ( 10.0%) | 1815 blocks to retarget | Supply:   110900
[2026-08-02 09:56:35] H: 2217 |  201/2016 ( 10.0%) | 1815 blocks to retarget | Supply:   110900
[2026-08-02 09:57:36] H: 2217 |  201/2016 ( 10.0%) | 1815 blocks to retarget | Supply:   110900
[2026-08-02 09:58:37] H: 2217 |  201/2016 ( 10.0%) | 1815 blocks to retarget | Supply:   110900
[2026-08-02 09:59:38] H: 2217 |  201/2016 ( 10.0%) | 1815 blocks to retarget | Supply:   110900
[2026-08-02 09:59:49] ERROR: HTTPSConnectionPool(host='moonbite.org', port=443): Max retries exceeded with url: /api/blockchain/info (Caused by NameResolutionError("HTTPSConnection(host='moonbite.org', port=443): Failed to resolve 'moonbite.org' ([Errno 11001] getaddrinfo failed)"))
[2026-08-02 09:59:54] ERROR: HTTPSConnectionPool(host='moonbite.org', port=443): Max retries exceeded with url: /api/blockchain/info (Caused by NameResolutionError("HTTPSConnection(host='moonbite.org', port=443): Failed to resolve 'moonbite.org' ([Errno 11001] getaddrinfo failed)"))
[2026-08-02 09:59:59] ERROR: HTTPSConnectionPool(host='moonbite.org', port=443): Max retries exceeded with url: /api/blockchain/info (Caused by NameResolutionError("HTTPSConnection(host='moonbite.org', port=443): Failed to resolve 'moonbite.org' ([Errno 11001] getaddrinfo failed)"))
[2026-08-02 10:00:04] ERROR: HTTPSConnectionPool(host='moonbite.org', port=443): Max retries exceeded with url: /api/blockchain/info (Caused by NameResolutionError("HTTPSConnection(host='moonbite.org', port=443): Failed to resolve 'moonbite.org' ([Errno 11001] getaddrinfo failed)"))
[2026-08-02 10:00:09] ERROR: HTTPSConnectionPool(host='moonbite.org', port=443): Max retries exceeded with url: /api/blockchain/info (Caused by NameResolutionError("HTTPSConnection(host='moonbite.org', port=443): Failed to resolve 'moonbite.org' ([Errno 11001] getaddrinfo failed)"))
[2026-08-02 10:00:14] ERROR: HTTPSConnectionPool(host='moonbite.org', port=443): Max retries exceeded with url: /api/blockchain/info (Caused by NameResolutionError("HTTPSConnection(host='moonbite.org', port=443): Failed to resolve 'moonbite.org' ([Errno 11001] getaddrinfo failed)"))
[2026-08-02 10:00:19] ERROR: HTTPSConnectionPool(host='moonbite.org', port=443): Max retries exceeded with url: /api/blockchain/info (Caused by NameResolutionError("HTTPSConnection(host='moonbite.org', port=443): Failed to resolve 'moonbite.org' ([Errno 11001] getaddrinfo failed)"))
[2026-08-02 10:00:29] ERROR: HTTPSConnectionPool(host='moonbite.org', port=443): Max retries exceeded with url: /api/blockchain/info (Caused by ConnectTimeoutError(<HTTPSConnection(host='moonbite.org', port=443) at 0x1fc8b65d590>, 'Connection to moonbite.org timed out. (connect timeout=5)'))
[2026-08-02 10:00:39] ERROR: HTTPSConnectionPool(host='moonbite.org', port=443): Max retries exceeded with url: /api/blockchain/info (Caused by ConnectTimeoutError(<HTTPSConnection(host='moonbite.org', port=443) at 0x1fc8b65d810>, 'Connection to moonbite.org timed out. (connect timeout=5)'))
[2026-08-02 10:00:45] ERROR: HTTPSConnectionPool(host='moonbite.org', port=443): Max retries exceeded with url: /api/blockchain/info (Caused by NewConnectionError("HTTPSConnection(host='moonbite.org', port=443): Failed to establish a new connection: [WinError 10053] An established connection was aborted by the software in your host machine"))
[2026-08-02 10:00:50] ERROR: HTTPSConnectionPool(host='moonbite.org', port=443): Max retries exceeded with url: /api/blockchain/info (Caused by NameResolutionError("HTTPSConnection(host='moonbite.org', port=443): Failed to resolve 'moonbite.org' ([Errno 11001] getaddrinfo failed)"))
[2026-08-02 10:01:45] H: 2217 |  201/2016 ( 10.0%) | 1815 blocks to retarget | Supply:   110900
[2026-08-02 10:02:47] H: 2217 |  201/2016 ( 10.0%) | 1815 blocks to retarget | Supply:   110900
[2026-08-02 10:03:48] H: 2217 |  201/2016 ( 10.0%) | 1815 blocks to retarget | Supply:   110900
[2026-08-02 10:04:49] H: 2217 |  201/2016 ( 10.0%) | 1815 blocks to retarget | Supply:   110900
[2026-08-02 10:05:50] H: 2217 |  201/2016 ( 10.0%) | 1815 blocks to retarget | Supply:   110900
[2026-08-02 10:06:51] H: 2217 |  201/2016 ( 10.0%) | 1815 blocks to retarget | Supply:   110900
[2026-08-02 10:07:52] H: 2217 |  201/2016 ( 10.0%) | 1815 blocks to retarget | Supply:   110900
[2026-08-02 10:08:53] H: 2217 |  201/2016 ( 10.0%) | 1815 blocks to retarget | Supply:   110900
[2026-08-02 10:09:54] H: 2217 |  201/2016 ( 10.0%) | 1815 blocks to retarget | Supply:   110900
[2026-08-02 10:10:56] H: 2217 |  201/2016 ( 10.0%) | 1815 blocks to retarget | Supply:   110900
[2026-08-02 10:11:57] H: 2217 |  201/2016 ( 10.0%) | 1815 blocks to retarget | Supply:   110900
[2026-08-02 10:12:58] H: 2217 |  201/2016 ( 10.0%) | 1815 blocks to retarget | Supply:   110900
[2026-08-02 10:13:59] H: 2217 |  201/2016 ( 10.0%) | 1815 blocks to retarget | Supply:   110900
[2026-08-02 10:15:00] H: 2217 |  201/2016 ( 10.0%) | 1815 blocks to retarget | Supply:   110900
[2026-08-02 10:16:01] H: 2217 |  201/2016 ( 10.0%) | 1815 blocks to retarget | Supply:   110900
[2026-08-02 10:17:02] H: 2217 |  201/2016 ( 10.0%) | 1815 blocks to retarget | Supply:   110900
[2026-08-02 10:18:03] H: 2217 |  201/2016 ( 10.0%) | 1815 blocks to retarget | Supply:   110900
[2026-08-02 10:19:04] H: 2217 |  201/2016 ( 10.0%) | 1815 blocks to retarget | Supply:   110900
[2026-08-02 10:20:05] H: 2217 |  201/2016 ( 10.0%) | 1815 blocks to retarget | Supply:   110900
[2026-08-02 10:21:06] H: 2217 |  201/2016 ( 10.0%) | 1815 blocks to retarget | Supply:   110900
[2026-08-02 10:22:07] H: 2217 |  201/2016 ( 10.0%) | 1815 blocks to retarget | Supply:   110900
[2026-08-02 10:23:08] H: 2217 |  201/2016 ( 10.0%) | 1815 blocks to retarget | Supply:   110900
[2026-08-02 10:24:09] H: 2217 |  201/2016 ( 10.0%) | 1815 blocks to retarget | Supply:   110900
[2026-08-02 10:25:09] H: 2217 |  201/2016 ( 10.0%) | 1815 blocks to retarget | Supply:   110900
[2026-08-02 10:26:10] H: 2217 |  201/2016 ( 10.0%) | 1815 blocks to retarget | Supply:   110900
[2026-08-02 10:27:11] H: 2217 |  201/2016 ( 10.0%) | 1815 blocks to retarget | Supply:   110900
[2026-08-02 10:28:11] H: 2217 |  201/2016 ( 10.0%) | 1815 blocks to retarget | Supply:   110900
[2026-08-02 10:29:12] H: 2217 |  201/2016 ( 10.0%) | 1815 blocks to retarget | Supply:   110900
[2026-08-02 10:30:13] H: 2217 |  201/2016 ( 10.0%) | 1815 blocks to retarget | Supply:   110900
[2026-08-02 10:31:14] H: 2217 |  201/2016 ( 10.0%) | 1815 blocks to retarget | Supply:   110900
[2026-08-02 10:32:15] H: 2217 |  201/2016 ( 10.0%) | 1815 blocks to retarget | Supply:   110900
[2026-08-02 10:33:17] H: 2217 |  201/2016 ( 10.0%) | 1815 blocks to retarget | Supply:   110900
[2026-08-02 10:34:18] H: 2217 |  201/2016 ( 10.0%) | 1815 blocks to retarget | Supply:   110900
[2026-08-02 10:35:19] H: 2217 |  201/2016 ( 10.0%) | 1815 blocks to retarget | Supply:   110900
[2026-08-02 10:36:20] H: 2217 |  201/2016 ( 10.0%) | 1815 blocks to retarget | Supply:   110900
[2026-08-02 10:37:21] H: 2217 |  201/2016 ( 10.0%) | 1815 blocks to retarget | Supply:   110900
[2026-08-02 10:38:22] H: 2217 |  201/2016 ( 10.0%) | 1815 blocks to retarget | Supply:   110900
[2026-08-02 10:39:24] H: 2217 |  201/2016 ( 10.0%) | 1815 blocks to retarget | Supply:   110900
[2026-08-02 10:40:24] H: 2217 |  201/2016 ( 10.0%) | 1815 blocks to retarget | Supply:   110900
[2026-08-02 10:41:25] H: 2217 |  201/2016 ( 10.0%) | 1815 blocks to retarget | Supply:   110900
[2026-08-02 10:42:26] H: 2217 |  201/2016 ( 10.0%) | 1815 blocks to retarget | Supply:   110900
[2026-08-02 10:43:27] H: 2217 |  201/2016 ( 10.0%) | 1815 blocks to retarget | Supply:   110900
[2026-08-02 10:44:28] H: 2217 |  201/2016 ( 10.0%) | 1815 blocks to retarget | Supply:   110900
[2026-08-02 10:45:28] H: 2217 |  201/2016 ( 10.0%) | 1815 blocks to retarget | Supply:   110900
[2026-08-02 10:46:28] H: 2217 |  201/2016 ( 10.0%) | 1815 blocks to retarget | Supply:   110900
[2026-08-02 10:47:29] H: 2217 |  201/2016 ( 10.0%) | 1815 blocks to retarget | Supply:   110900
[2026-08-02 10:48:16] ERROR: HTTPSConnectionPool(host='moonbite.org', port=443): Read timed out. (read timeout=5)
[2026-08-02 10:48:40] H: 2217 |  201/2016 ( 10.0%) | 1815 blocks to retarget | Supply:   110900
[2026-08-02 10:49:40] H: 2217 |  201/2016 ( 10.0%) | 1815 blocks to retarget | Supply:   110900
[2026-08-02 10:50:40] H: 2217 |  201/2016 ( 10.0%) | 1815 blocks to retarget | Supply:   110900
[2026-08-02 10:51:41] H: 2217 |  201/2016 ( 10.0%) | 1815 blocks to retarget | Supply:   110900
[2026-08-02 10:52:41] H: 2217 |  201/2016 ( 10.0%) | 1815 blocks to retarget | Supply:   110900
[2026-08-02 10:53:41] H: 2217 |  201/2016 ( 10.0%) | 1815 blocks to retarget | Supply:   110900
[2026-08-02 10:54:42] H: 2217 |  201/2016 ( 10.0%) | 1815 blocks to retarget | Supply:   110900
[2026-08-02 10:55:42] H: 2217 |  201/2016 ( 10.0%) | 1815 blocks to retarget | Supply:   110900
[2026-08-02 10:56:43] H: 2217 |  201/2016 ( 10.0%) | 1815 blocks to retarget | Supply:   110900
[2026-08-02 10:57:43] H: 2217 |  201/2016 ( 10.0%) | 1815 blocks to retarget | Supply:   110900
[2026-08-02 10:58:44] H: 2217 |  201/2016 ( 10.0%) | 1815 blocks to retarget | Supply:   110900
[2026-08-02 10:59:44] H: 2217 |  201/2016 ( 10.0%) | 1815 blocks to retarget | Supply:   110900
[2026-08-02 11:00:45] H: 2217 |  201/2016 ( 10.0%) | 1815 blocks to retarget | Supply:   110900
[2026-08-02 11:02:30] H: 2217 |  201/2016 ( 10.0%) | 1815 blocks to retarget | Supply:   110900
[2026-08-02 11:03:54] H: 2217 |  201/2016 ( 10.0%) | 1815 blocks to retarget | Supply:   110900
[2026-08-02 11:05:07] H: 2217 |  201/2016 ( 10.0%) | 1815 blocks to retarget | Supply:   110900
[2026-08-02 11:06:13] H: 2217 |  201/2016 ( 10.0%) | 1815 blocks to retarget | Supply:   110900
[2026-08-02 11:07:15] H: 2217 |  201/2016 ( 10.0%) | 1815 blocks to retarget | Supply:   110900
[2026-08-02 11:08:17] H: 2217 |  201/2016 ( 10.0%) | 1815 blocks to retarget | Supply:   110900
[2026-08-02 11:09:18] H: 2217 |  201/2016 ( 10.0%) | 1815 blocks to retarget | Supply:   110900
[2026-08-02 11:10:20] H: 2217 |  201/2016 ( 10.0%) | 1815 blocks to retarget | Supply:   110900
[2026-08-02 11:11:22] H: 2217 |  201/2016 ( 10.0%) | 1815 blocks to retarget | Supply:   110900
[2026-08-02 11:12:28] H: 2217 |  201/2016 ( 10.0%) | 1815 blocks to retarget | Supply:   110900
[2026-08-02 11:13:33] H: 2217 |  201/2016 ( 10.0%) | 1815 blocks to retarget | Supply:   110900
[2026-08-02 11:14:38] H: 2217 |  201/2016 ( 10.0%) | 1815 blocks to retarget | Supply:   110900
[2026-08-02 11:15:41] H: 2217 |  201/2016 ( 10.0%) | 1815 blocks to retarget | Supply:   110900
[2026-08-02 11:16:44] H: 2217 |  201/2016 ( 10.0%) | 1815 blocks to retarget | Supply:   110900
[2026-08-02 11:17:53] H: 2217 |  201/2016 ( 10.0%) | 1815 blocks to retarget | Supply:   110900
[2026-08-02 11:18:56] H: 2217 |  201/2016 ( 10.0%) | 1815 blocks to retarget | Supply:   110900
